源ID,源类,基102原表行号,污染物,B0参照总量表记录行号,当前终态,当前产生量_吨每年,当前排放量_吨每年,按现协议应有终态,按现协议产生量_吨每年,按现协议排放量_吨每年,按现协议原因码,非空脱硝记录数,被用于NH3判定的其他治理文本,问题归属,影响说明
SRC-RAW-BF8FABB62BF404DE7259,工业锅炉,118,NH3,31495,not_involved,,,calculated,0,0,DENITRIFICATION_INFO_MISSING_ZERO,0,高效静电除尘①,参照生成程序 nh3_processes + 核算引擎 denitrification_processes,修正终态、空白/数值与原因字段；经验零不是实测氨排放
SRC-RAW-308A0403BAB78A56EA33,工业锅炉,182,NH3,7897,not_involved,,,calculated,0,0,DENITRIFICATION_INFO_MISSING_ZERO,0,电袋组合,参照生成程序 nh3_processes + 核算引擎 denitrification_processes,修正终态、空白/数值与原因字段；经验零不是实测氨排放
SRC-RAW-81733743F341489CC94D,工业锅炉,242,NH3,21388,not_involved,,,calculated,0,0,DENITRIFICATION_INFO_MISSING_ZERO,0,袋式除尘,参照生成程序 nh3_processes + 核算引擎 denitrification_processes,修正终态、空白/数值与原因字段；经验零不是实测氨排放
SRC-RAW-6ED484F333A78A6E17D7,工业锅炉,243,NH3,18292,not_involved,,,calculated,0,0,DENITRIFICATION_INFO_MISSING_ZERO,0,袋式除尘,参照生成程序 nh3_processes + 核算引擎 denitrification_processes,修正终态、空白/数值与原因字段；经验零不是实测氨排放
SRC-RAW-91A2B98FFF56709CD6F5,工业锅炉,402,NH3,23980,not_involved,,,calculated,0,0,DENITRIFICATION_INFO_MISSING_ZERO,0,袋式除尘,参照生成程序 nh3_processes + 核算引擎 denitrification_processes,修正终态、空白/数值与原因字段；经验零不是实测氨排放
SRC-RAW-C41D91B98EF8B2B548EA,工业锅炉,563,NH3,32197,not_involved,,,calculated,0,0,DENITRIFICATION_INFO_MISSING_ZERO,0,喷淋塔/冲击水浴,参照生成程序 nh3_processes + 核算引擎 denitrification_processes,修正终态、空白/数值与原因字段；经验零不是实测氨排放
SRC-RAW-87D9CC69CF5E7347EA96,工业锅炉,601,NH3,22585,not_involved,,,calculated,0,0,DENITRIFICATION_INFO_MISSING_ZERO,0,袋式除尘+双碱法,参照生成程序 nh3_processes + 核算引擎 denitrification_processes,修正终态、空白/数值与原因字段；经验零不是实测氨排放
SRC-RAW-DB4F1902B71327C15806,工业锅炉,629,NH3,35788,not_involved,,,calculated,0,0,DENITRIFICATION_INFO_MISSING_ZERO,0,袋式除尘,参照生成程序 nh3_processes + 核算引擎 denitrification_processes,修正终态、空白/数值与原因字段；经验零不是实测氨排放
SRC-RAW-CF4CE62BF0FDA7FBCE35,工业锅炉,745,NH3,33772,not_involved,,,calculated,0,0,DENITRIFICATION_INFO_MISSING_ZERO,0,喷淋塔/冲击水浴,参照生成程序 nh3_processes + 核算引擎 denitrification_processes,修正终态、空白/数值与原因字段；经验零不是实测氨排放
SRC-RAW-95F6D5B0A630F773DA4A,工业锅炉,753,NH3,24736,not_involved,,,calculated,0,0,DENITRIFICATION_INFO_MISSING_ZERO,0,袋式除尘,参照生成程序 nh3_processes + 核算引擎 denitrification_processes,修正终态、空白/数值与原因字段；经验零不是实测氨排放
SRC-RAW-64FE853265E18A8D10CD,工业锅炉,875,NH3,16699,not_involved,,,calculated,0,0,DENITRIFICATION_INFO_MISSING_ZERO,0,文丘里,参照生成程序 nh3_processes + 核算引擎 denitrification_processes,修正终态、空白/数值与原因字段；经验零不是实测氨排放
SRC-RAW-41252FD72D5FEE379D1F,工业锅炉,942,NH3,10669,not_involved,,,calculated,0,0,DENITRIFICATION_INFO_MISSING_ZERO,0,单筒（多筒并联）旋风,参照生成程序 nh3_processes + 核算引擎 denitrification_processes,修正终态、空白/数值与原因字段；经验零不是实测氨排放
SRC-RAW-C308A5FC792155E6DA27,工业锅炉,1109,NH3,32017,not_involved,,,calculated,0,0,DENITRIFICATION_INFO_MISSING_ZERO,0,烟气循环流化床法,参照生成程序 nh3_processes + 核算引擎 denitrification_processes,修正终态、空白/数值与原因字段；经验零不是实测氨排放
SRC-RAW-53472C3411002ACF1E05,工业锅炉,1413,NH3,13594,not_involved,,,calculated,0,0,DENITRIFICATION_INFO_MISSING_ZERO,0,喷淋塔/冲击水浴,参照生成程序 nh3_processes + 核算引擎 denitrification_processes,修正终态、空白/数值与原因字段；经验零不是实测氨排放
SRC-RAW-4412309C9F411C103CFD,工业锅炉,1450,NH3,11119,not_involved,,,calculated,0,0,DENITRIFICATION_INFO_MISSING_ZERO,0,机械+湿法除尘脱硫,参照生成程序 nh3_processes + 核算引擎 denitrification_processes,修正终态、空白/数值与原因字段；经验零不是实测氨排放
SRC-RAW-FA6CE82F65D745F12FCF,工业锅炉,1451,NH3,40918,not_involved,,,calculated,0,0,DENITRIFICATION_INFO_MISSING_ZERO,0,机械+湿法除尘脱硫,参照生成程序 nh3_processes + 核算引擎 denitrification_processes,修正终态、空白/数值与原因字段；经验零不是实测氨排放
SRC-RAW-2C6198E59A019129E4ED,工业锅炉,1458,NH3,7177,not_involved,,,calculated,0,0,DENITRIFICATION_INFO_MISSING_ZERO,0,喷淋塔/冲击水浴,参照生成程序 nh3_processes + 核算引擎 denitrification_processes,修正终态、空白/数值与原因字段；经验零不是实测氨排放
SRC-RAW-A25F8714E2FF75BD237B,工业锅炉,1615,NH3,26842,not_involved,,,calculated,0,0,DENITRIFICATION_INFO_MISSING_ZERO,0,单筒（多筒并联）旋风+袋式除尘,参照生成程序 nh3_processes + 核算引擎 denitrification_processes,修正终态、空白/数值与原因字段；经验零不是实测氨排放
SRC-RAW-336175CD9F6BE92DE5C8,工业锅炉,1616,NH3,8320,not_involved,,,calculated,0,0,DENITRIFICATION_INFO_MISSING_ZERO,0,单筒（多筒并联）旋风+袋式除尘,参照生成程序 nh3_processes + 核算引擎 denitrification_processes,修正终态、空白/数值与原因字段；经验零不是实测氨排放
SRC-RAW-71FD22952351AEE17C2B,火电热力,1664,NH3,18814,not_involved,,,calculated,0,0,DENITRIFICATION_INFO_MISSING_ZERO,0,石灰石/石膏法+石灰石/石膏法,参照生成程序 nh3_processes + 核算引擎 denitrification_processes,修正终态、空白/数值与原因字段；经验零不是实测氨排放
SRC-RAW-4A378BE015CC86255662,火电热力,1665,NH3,12181,not_involved,,,calculated,0,0,DENITRIFICATION_INFO_MISSING_ZERO,0,石灰石/石膏法+石灰石/石膏法,参照生成程序 nh3_processes + 核算引擎 denitrification_processes,修正终态、空白/数值与原因字段；经验零不是实测氨排放
SRC-RAW-50E48C034B0B4C31D6F8,工业锅炉,1673,NH3,13162,not_involved,,,calculated,0,0,DENITRIFICATION_INFO_MISSING_ZERO,0,喷淋塔/冲击水浴,参照生成程序 nh3_processes + 核算引擎 denitrification_processes,修正终态、空白/数值与原因字段；经验零不是实测氨排放
SRC-RAW-A076DDED16ACAC5CF10B,工业锅炉,1674,NH3,26617,not_involved,,,calculated,0,0,DENITRIFICATION_INFO_MISSING_ZERO,0,喷淋塔/冲击水浴,参照生成程序 nh3_processes + 核算引擎 denitrification_processes,修正终态、空白/数值与原因字段；经验零不是实测氨排放
SRC-RAW-9D21F6C1391C94F6A7B5,工业锅炉,1675,NH3,25951,not_involved,,,calculated,0,0,DENITRIFICATION_INFO_MISSING_ZERO,0,喷淋塔/冲击水浴,参照生成程序 nh3_processes + 核算引擎 denitrification_processes,修正终态、空白/数值与原因字段；经验零不是实测氨排放
SRC-RAW-6F08F34F83FFCD505F03,工业锅炉,1713,NH3,18364,not_involved,,,calculated,0,0,DENITRIFICATION_INFO_MISSING_ZERO,0,高效静电除尘+其他（湿法脱硫协同）①,参照生成程序 nh3_processes + 核算引擎 denitrification_processes,修正终态、空白/数值与原因字段；经验零不是实测氨排放
SRC-RAW-98A00F2B6AF1D22FE90B,工业锅炉,1739,NH3,25195,not_involved,,,calculated,0,0,DENITRIFICATION_INFO_MISSING_ZERO,0,喷淋塔/冲击水浴,参照生成程序 nh3_processes + 核算引擎 denitrification_processes,修正终态、空白/数值与原因字段；经验零不是实测氨排放
SRC-RAW-C2A07E8B37DA4337574A,火电热力,1752,NH3,31972,not_involved,,,calculated,0,0,DENITRIFICATION_INFO_MISSING_ZERO,0,石灰石/石膏法,参照生成程序 nh3_processes + 核算引擎 denitrification_processes,修正终态、空白/数值与原因字段；经验零不是实测氨排放
SRC-RAW-4B26B4131240357A1230,工业锅炉,1788,NH3,12361,not_involved,,,calculated,0,0,DENITRIFICATION_INFO_MISSING_ZERO,0,袋式除尘,参照生成程序 nh3_processes + 核算引擎 denitrification_processes,修正终态、空白/数值与原因字段；经验零不是实测氨排放
SRC-RAW-AA2F2D14EF15706D5215,工业锅炉,1832,NH3,28012,not_involved,,,calculated,0,0,DENITRIFICATION_INFO_MISSING_ZERO,0,（炉内脱硫）+双碱法,参照生成程序 nh3_processes + 核算引擎 denitrification_processes,修正终态、空白/数值与原因字段；经验零不是实测氨排放
SRC-RAW-05A3F69CD0063E32B769,工业锅炉,1833,NH3,931,not_involved,,,calculated,0,0,DENITRIFICATION_INFO_MISSING_ZERO,0,文丘里,参照生成程序 nh3_processes + 核算引擎 denitrification_processes,修正终态、空白/数值与原因字段；经验零不是实测氨排放
SRC-RAW-A6EA64E9B35CD18BF4C2,工业锅炉,1835,NH3,27544,not_involved,,,calculated,0,0,DENITRIFICATION_INFO_MISSING_ZERO,0,双碱法+机械+湿法除尘法,参照生成程序 nh3_processes + 核算引擎 denitrification_processes,修正终态、空白/数值与原因字段；经验零不是实测氨排放
SRC-RAW-35478B3D508045C4B1D3,工业锅炉,1836,NH3,8617,not_involved,,,calculated,0,0,DENITRIFICATION_INFO_MISSING_ZERO,0,（炉内脱硫）+双碱法+喷淋塔/冲击水浴,参照生成程序 nh3_processes + 核算引擎 denitrification_processes,修正终态、空白/数值与原因字段；经验零不是实测氨排放
SRC-RAW-67F8451E6D8ED28AA69A,工业锅炉,1837,NH3,17176,not_involved,,,calculated,0,0,DENITRIFICATION_INFO_MISSING_ZERO,0,袋式除尘+S12其他（钠碱法）,参照生成程序 nh3_processes + 核算引擎 denitrification_processes,修正终态、空白/数值与原因字段；经验零不是实测氨排放
SRC-RAW-1B9F906F002B3B0C9461,工业锅炉,1838,NH3,4729,not_involved,,,calculated,0,0,DENITRIFICATION_INFO_MISSING_ZERO,0,其他（湿法脱硫除尘一体化）+电袋组合,参照生成程序 nh3_processes + 核算引擎 denitrification_processes,修正终态、空白/数值与原因字段；经验零不是实测氨排放
SRC-RAW-DE1C504FCD5A913A752B,工业锅炉,1839,NH3,36193,not_involved,,,calculated,0,0,DENITRIFICATION_INFO_MISSING_ZERO,0,文丘里,参照生成程序 nh3_processes + 核算引擎 denitrification_processes,修正终态、空白/数值与原因字段；经验零不是实测氨排放
SRC-RAW-65F8A3AA58DBCA96FC6E,工业锅炉,1840,NH3,16888,not_involved,,,calculated,0,0,DENITRIFICATION_INFO_MISSING_ZERO,0,文丘里,参照生成程序 nh3_processes + 核算引擎 denitrification_processes,修正终态、空白/数值与原因字段；经验零不是实测氨排放
SRC-RAW-F92F160DECAC98DECCC2,工业锅炉,1841,NH3,40747,not_involved,,,calculated,0,0,DENITRIFICATION_INFO_MISSING_ZERO,0,双碱法+袋式除尘,参照生成程序 nh3_processes + 核算引擎 denitrification_processes,修正终态、空白/数值与原因字段；经验零不是实测氨排放
SRC-RAW-9CD4BFD1780AF702BCCE,工业锅炉,1847,NH3,25888,not_involved,,,calculated,0,0,DENITRIFICATION_INFO_MISSING_ZERO,0,袋式除尘,参照生成程序 nh3_processes + 核算引擎 denitrification_processes,修正终态、空白/数值与原因字段；经验零不是实测氨排放
SRC-RAW-46B0CDADAB674BDA4378,工业锅炉,1848,NH3,11650,not_involved,,,calculated,0,0,DENITRIFICATION_INFO_MISSING_ZERO,0,袋式除尘+双碱法,参照生成程序 nh3_processes + 核算引擎 denitrification_processes,修正终态、空白/数值与原因字段；经验零不是实测氨排放
SRC-RAW-9121992E803A49E9E205,工业锅炉,1849,NH3,23908,not_involved,,,calculated,0,0,DENITRIFICATION_INFO_MISSING_ZERO,0,袋式除尘+袋式除尘,参照生成程序 nh3_processes + 核算引擎 denitrification_processes,修正终态、空白/数值与原因字段；经验零不是实测氨排放
SRC-RAW-743F40101701DA67C278,工业锅炉,1850,NH3,19246,not_involved,,,calculated,0,0,DENITRIFICATION_INFO_MISSING_ZERO,0,袋式除尘+袋式除尘,参照生成程序 nh3_processes + 核算引擎 denitrification_processes,修正终态、空白/数值与原因字段；经验零不是实测氨排放
SRC-RAW-817513EC94EFE272C4E3,工业锅炉,1853,NH3,21406,not_involved,,,calculated,0,0,DENITRIFICATION_INFO_MISSING_ZERO,0,（炉内脱硫）+双碱法,参照生成程序 nh3_processes + 核算引擎 denitrification_processes,修正终态、空白/数值与原因字段；经验零不是实测氨排放
SRC-RAW-F8F52823DF900D6EB1EF,工业锅炉,1854,NH3,40720,not_involved,,,calculated,0,0,DENITRIFICATION_INFO_MISSING_ZERO,0,双碱法+机械+湿法除尘法,参照生成程序 nh3_processes + 核算引擎 denitrification_processes,修正终态、空白/数值与原因字段；经验零不是实测氨排放
SRC-RAW-F08FAB80B6413ACB8598,工业锅炉,1855,NH3,39154,not_involved,,,calculated,0,0,DENITRIFICATION_INFO_MISSING_ZERO,0,袋式除尘,参照生成程序 nh3_processes + 核算引擎 denitrification_processes,修正终态、空白/数值与原因字段；经验零不是实测氨排放
SRC-RAW-82AE6EB133FCA18EA008,工业锅炉,1857,NH3,21703,not_involved,,,calculated,0,0,DENITRIFICATION_INFO_MISSING_ZERO,0,机械+湿法除尘法,参照生成程序 nh3_processes + 核算引擎 denitrification_processes,修正终态、空白/数值与原因字段；经验零不是实测氨排放
SRC-RAW-D2F87FB2ECBDF4439296,工业锅炉,1858,NH3,34294,not_involved,,,calculated,0,0,DENITRIFICATION_INFO_MISSING_ZERO,0,机械+湿法除尘法+S12其他（钠碱法）,参照生成程序 nh3_processes + 核算引擎 denitrification_processes,修正终态、空白/数值与原因字段；经验零不是实测氨排放
SRC-RAW-B921109FB77E419C5D70,工业锅炉,1863,NH3,30388,not_involved,,,calculated,0,0,DENITRIFICATION_INFO_MISSING_ZERO,0,双碱法,参照生成程序 nh3_processes + 核算引擎 denitrification_processes,修正终态、空白/数值与原因字段；经验零不是实测氨排放
SRC-RAW-37FA4AC21CF3D24B2557,工业锅炉,1866,NH3,9085,not_involved,,,calculated,0,0,DENITRIFICATION_INFO_MISSING_ZERO,0,袋式除尘,参照生成程序 nh3_processes + 核算引擎 denitrification_processes,修正终态、空白/数值与原因字段；经验零不是实测氨排放
SRC-RAW-646F4C05C12887870A23,工业锅炉,1879,NH3,16609,not_involved,,,calculated,0,0,DENITRIFICATION_INFO_MISSING_ZERO,0,机械+湿法除尘法,参照生成程序 nh3_processes + 核算引擎 denitrification_processes,修正终态、空白/数值与原因字段；经验零不是实测氨排放
SRC-RAW-3130847D4368455A730B,工业锅炉,1883,NH3,7978,not_involved,,,calculated,0,0,DENITRIFICATION_INFO_MISSING_ZERO,0,机械+湿法除尘脱硫,参照生成程序 nh3_processes + 核算引擎 denitrification_processes,修正终态、空白/数值与原因字段；经验零不是实测氨排放
SRC-RAW-B6D097FDD8C2330D09F8,工业锅炉,1885,NH3,30055,not_involved,,,calculated,0,0,DENITRIFICATION_INFO_MISSING_ZERO,0,高效袋式除尘①+其他（湿法脱硫除尘一体化）,参照生成程序 nh3_processes + 核算引擎 denitrification_processes,修正终态、空白/数值与原因字段；经验零不是实测氨排放
SRC-RAW-A7F3BCC4C40EE64E8A63,火电热力,1889,NH3,27670,not_involved,,,calculated,0,0,DENITRIFICATION_INFO_MISSING_ZERO,0,石灰石/石膏法+石灰石/石膏法+石灰石/石膏法+石灰石/石膏法,参照生成程序 nh3_processes + 核算引擎 denitrification_processes,修正终态、空白/数值与原因字段；经验零不是实测氨排放
SRC-RAW-80D290DDA79AA8B3BD4F,火电热力,1890,NH3,21262,not_involved,,,calculated,0,0,DENITRIFICATION_INFO_MISSING_ZERO,0,石灰石/石膏法+石灰石/石膏法+石灰石/石膏法+石灰石/石膏法,参照生成程序 nh3_processes + 核算引擎 denitrification_processes,修正终态、空白/数值与原因字段；经验零不是实测氨排放
SRC-RAW-54F9E46535B7EE312CBD,火电热力,1891,NH3,13927,not_involved,,,calculated,0,0,DENITRIFICATION_INFO_MISSING_ZERO,0,石灰石/石膏法+石灰石/石膏法+石灰石/石膏法+石灰石/石膏法,参照生成程序 nh3_processes + 核算引擎 denitrification_processes,修正终态、空白/数值与原因字段；经验零不是实测氨排放
SRC-RAW-0AF6331A11D3D11BD4D1,火电热力,1892,NH3,1786,not_involved,,,calculated,0,0,DENITRIFICATION_INFO_MISSING_ZERO,0,石灰石/石膏法+石灰石/石膏法+石灰石/石膏法+石灰石/石膏法,参照生成程序 nh3_processes + 核算引擎 denitrification_processes,修正终态、空白/数值与原因字段；经验零不是实测氨排放
SRC-RAW-75A7AB89B30441D1F77D,工业锅炉,1893,NH3,19372,not_involved,,,calculated,0,0,DENITRIFICATION_INFO_MISSING_ZERO,0,离心水膜,参照生成程序 nh3_processes + 核算引擎 denitrification_processes,修正终态、空白/数值与原因字段；经验零不是实测氨排放
SRC-RAW-21CAF03E52D608D455F5,工业锅炉,1895,NH3,5656,not_involved,,,calculated,0,0,DENITRIFICATION_INFO_MISSING_ZERO,0,文丘里,参照生成程序 nh3_processes + 核算引擎 denitrification_processes,修正终态、空白/数值与原因字段；经验零不是实测氨排放
SRC-RAW-8A1B5935CC6200241332,工业锅炉,1897,NH3,22846,not_involved,,,calculated,0,0,DENITRIFICATION_INFO_MISSING_ZERO,0,（炉内脱硫）+双碱法,参照生成程序 nh3_processes + 核算引擎 denitrification_processes,修正终态、空白/数值与原因字段；经验零不是实测氨排放
SRC-RAW-3042C63E9849155B0925,工业锅炉,1899,NH3,7870,not_involved,,,calculated,0,0,DENITRIFICATION_INFO_MISSING_ZERO,0,双碱法+电袋组合+其他（湿式电除尘）,参照生成程序 nh3_processes + 核算引擎 denitrification_processes,修正终态、空白/数值与原因字段；经验零不是实测氨排放
SRC-RAW-0E15F50E5F976EAA1890,工业锅炉,1902,NH3,2335,not_involved,,,calculated,0,0,DENITRIFICATION_INFO_MISSING_ZERO,0,文丘里,参照生成程序 nh3_processes + 核算引擎 denitrification_processes,修正终态、空白/数值与原因字段；经验零不是实测氨排放
SRC-RAW-E5BFCD7A29CEC2B7A216,工业锅炉,1904,NH3,37390,not_involved,,,calculated,0,0,DENITRIFICATION_INFO_MISSING_ZERO,0,石灰石/石膏法+文丘里,参照生成程序 nh3_processes + 核算引擎 denitrification_processes,修正终态、空白/数值与原因字段；经验零不是实测氨排放
SRC-RAW-9C257CDB65577FEE6DF9,工业锅炉,1905,NH3,25735,not_involved,,,calculated,0,0,DENITRIFICATION_INFO_MISSING_ZERO,0,机械+湿法除尘脱硫,参照生成程序 nh3_processes + 核算引擎 denitrification_processes,修正终态、空白/数值与原因字段；经验零不是实测氨排放
SRC-RAW-8CBE27BA219BED5E4192,工业锅炉,1906,NH3,23341,not_involved,,,calculated,0,0,DENITRIFICATION_INFO_MISSING_ZERO,0,机械+湿法除尘法,参照生成程序 nh3_processes + 核算引擎 denitrification_processes,修正终态、空白/数值与原因字段；经验零不是实测氨排放
SRC-RAW-AFDB2F69DD021732280B,工业锅炉,1909,NH3,28867,not_involved,,,calculated,0,0,DENITRIFICATION_INFO_MISSING_ZERO,0,袋式除尘,参照生成程序 nh3_processes + 核算引擎 denitrification_processes,修正终态、空白/数值与原因字段；经验零不是实测氨排放
SRC-RAW-36037EDD3D5B7E487309,工业锅炉,1916,NH3,8707,not_involved,,,calculated,0,0,DENITRIFICATION_INFO_MISSING_ZERO,0,袋式除尘,参照生成程序 nh3_processes + 核算引擎 denitrification_processes,修正终态、空白/数值与原因字段；经验零不是实测氨排放
SRC-RAW-9EFC121F784DF5C6F78C,工业锅炉,1917,NH3,26266,not_involved,,,calculated,0,0,DENITRIFICATION_INFO_MISSING_ZERO,0,袋式除尘,参照生成程序 nh3_processes + 核算引擎 denitrification_processes,修正终态、空白/数值与原因字段；经验零不是实测氨排放
SRC-RAW-447FBEA00511E8F78A82,工业锅炉,1918,NH3,11254,not_involved,,,calculated,0,0,DENITRIFICATION_INFO_MISSING_ZERO,0,双碱法+机械+湿法除尘法,参照生成程序 nh3_processes + 核算引擎 denitrification_processes,修正终态、空白/数值与原因字段；经验零不是实测氨排放
SRC-RAW-E21EA0C1A54C29600821,工业锅炉,1920,NH3,36904,not_involved,,,calculated,0,0,DENITRIFICATION_INFO_MISSING_ZERO,0,（炉内脱硫）+烟气循环流化床法+机械+湿法除尘法,参照生成程序 nh3_processes + 核算引擎 denitrification_processes,修正终态、空白/数值与原因字段；经验零不是实测氨排放
SRC-RAW-D416F9DD021BA74195D5,工业锅炉,2056,NH3,34501,not_involved,,,calculated,0,0,DENITRIFICATION_INFO_MISSING_ZERO,0,高效静电除尘+其他（湿式电除尘）①,参照生成程序 nh3_processes + 核算引擎 denitrification_processes,修正终态、空白/数值与原因字段；经验零不是实测氨排放
SRC-RAW-1A019E18811F4036A320,工业锅炉,2097,NH3,4414,not_involved,,,calculated,0,0,DENITRIFICATION_INFO_MISSING_ZERO,0,其他（湿法脱硫除尘一体化）,参照生成程序 nh3_processes + 核算引擎 denitrification_processes,修正终态、空白/数值与原因字段；经验零不是实测氨排放
SRC-RAW-DBB8F6B93FFAAEBD7D49,工业锅炉,2116,NH3,35851,not_involved,,,calculated,0,0,DENITRIFICATION_INFO_MISSING_ZERO,0,湿法除尘法,参照生成程序 nh3_processes + 核算引擎 denitrification_processes,修正终态、空白/数值与原因字段；经验零不是实测氨排放
SRC-RAW-E0C077F6D14BF5A97FCF,工业锅炉,2305,NH3,36670,not_involved,,,calculated,0,0,DENITRIFICATION_INFO_MISSING_ZERO,0,石灰石/石膏法,参照生成程序 nh3_processes + 核算引擎 denitrification_processes,修正终态、空白/数值与原因字段；经验零不是实测氨排放
SRC-RAW-F1220029AD887E209B43,工业锅炉,2635,NH3,39244,not_involved,,,calculated,0,0,DENITRIFICATION_INFO_MISSING_ZERO,0,袋式除尘,参照生成程序 nh3_processes + 核算引擎 denitrification_processes,修正终态、空白/数值与原因字段；经验零不是实测氨排放
SRC-RAW-93B032DE97655D5110C6,工业锅炉,2695,NH3,24340,not_involved,,,calculated,0,0,DENITRIFICATION_INFO_MISSING_ZERO,0,喷淋塔/冲击水浴,参照生成程序 nh3_processes + 核算引擎 denitrification_processes,修正终态、空白/数值与原因字段；经验零不是实测氨排放
SRC-RAW-E6F864CEE3D716932DE6,工业锅炉,2696,NH3,37543,not_involved,,,calculated,0,0,DENITRIFICATION_INFO_MISSING_ZERO,0,喷淋塔/冲击水浴,参照生成程序 nh3_processes + 核算引擎 denitrification_processes,修正终态、空白/数值与原因字段；经验零不是实测氨排放
SRC-RAW-6B3646609D58950A5DAC,工业锅炉,2697,NH3,17770,not_involved,,,calculated,0,0,DENITRIFICATION_INFO_MISSING_ZERO,0,喷淋塔/冲击水浴,参照生成程序 nh3_processes + 核算引擎 denitrification_processes,修正终态、空白/数值与原因字段；经验零不是实测氨排放
SRC-RAW-F6A289C8361F708E7ECD,工业锅炉,2698,NH3,40297,not_involved,,,calculated,0,0,DENITRIFICATION_INFO_MISSING_ZERO,0,喷淋塔/冲击水浴,参照生成程序 nh3_processes + 核算引擎 denitrification_processes,修正终态、空白/数值与原因字段；经验零不是实测氨排放
SRC-RAW-359C6F5F973D7A831907,工业锅炉,2730,NH3,8680,not_involved,,,calculated,0,0,DENITRIFICATION_INFO_MISSING_ZERO,0,袋式除尘+袋式除尘,参照生成程序 nh3_processes + 核算引擎 denitrification_processes,修正终态、空白/数值与原因字段；经验零不是实测氨排放
SRC-RAW-E554E034D7527B6F1FF6,工业锅炉,2731,NH3,37318,not_involved,,,calculated,0,0,DENITRIFICATION_INFO_MISSING_ZERO,0,袋式除尘+袋式除尘,参照生成程序 nh3_processes + 核算引擎 denitrification_processes,修正终态、空白/数值与原因字段；经验零不是实测氨排放
SRC-RAW-8188683F65489B0CDE6C,工业锅炉,2738,NH3,21415,not_involved,,,calculated,0,0,DENITRIFICATION_INFO_MISSING_ZERO,0,袋式除尘,参照生成程序 nh3_processes + 核算引擎 denitrification_processes,修正终态、空白/数值与原因字段；经验零不是实测氨排放
SRC-RAW-701DFEA81EC8DE6913A8,工业锅炉,2804,NH3,18499,not_involved,,,calculated,0,0,DENITRIFICATION_INFO_MISSING_ZERO,0,袋式除尘,参照生成程序 nh3_processes + 核算引擎 denitrification_processes,修正终态、空白/数值与原因字段；经验零不是实测氨排放
SRC-RAW-E15DB01DCBB71669921A,工业锅炉,2810,NH3,36787,not_involved,,,calculated,0,0,DENITRIFICATION_INFO_MISSING_ZERO,0,湿式电除尘,参照生成程序 nh3_processes + 核算引擎 denitrification_processes,修正终态、空白/数值与原因字段；经验零不是实测氨排放
SRC-RAW-570F09E022C953AB412E,工业锅炉,2811,NH3,14305,not_involved,,,calculated,0,0,DENITRIFICATION_INFO_MISSING_ZERO,0,湿式电除尘,参照生成程序 nh3_processes + 核算引擎 denitrification_processes,修正终态、空白/数值与原因字段；经验零不是实测氨排放
SRC-RAW-9ABC48AF22E5E29A5A80,工业锅炉,2838,NH3,25519,not_involved,,,calculated,0,0,DENITRIFICATION_INFO_MISSING_ZERO,0,袋式除尘+袋式除尘+袋式除尘,参照生成程序 nh3_processes + 核算引擎 denitrification_processes,修正终态、空白/数值与原因字段；经验零不是实测氨排放
SRC-RAW-B960A302E802DF2B774D,工业锅炉,2839,NH3,30442,not_involved,,,calculated,0,0,DENITRIFICATION_INFO_MISSING_ZERO,0,袋式除尘+袋式除尘+袋式除尘,参照生成程序 nh3_processes + 核算引擎 denitrification_processes,修正终态、空白/数值与原因字段；经验零不是实测氨排放
SRC-RAW-58D392F757D993DA26E3,工业锅炉,2840,NH3,14638,not_involved,,,calculated,0,0,DENITRIFICATION_INFO_MISSING_ZERO,0,袋式除尘+袋式除尘+袋式除尘,参照生成程序 nh3_processes + 核算引擎 denitrification_processes,修正终态、空白/数值与原因字段；经验零不是实测氨排放
SRC-RAW-D14BA715E55C24E291A7,工业锅炉,2880,NH3,34132,not_involved,,,calculated,0,0,DENITRIFICATION_INFO_MISSING_ZERO,0,单筒（多筒并联）旋风,参照生成程序 nh3_processes + 核算引擎 denitrification_processes,修正终态、空白/数值与原因字段；经验零不是实测氨排放
SRC-RAW-B3213B6CA969CD54A800,工业锅炉,2903,NH3,29380,not_involved,,,calculated,0,0,DENITRIFICATION_INFO_MISSING_ZERO,0,袋式除尘法,参照生成程序 nh3_processes + 核算引擎 denitrification_processes,修正终态、空白/数值与原因字段；经验零不是实测氨排放
SRC-RAW-B4ADA3FD95BF8CF2C554,工业锅炉,2956,NH3,29578,not_involved,,,calculated,0,0,DENITRIFICATION_INFO_MISSING_ZERO,0,双碱法+机械+湿法除尘法,参照生成程序 nh3_processes + 核算引擎 denitrification_processes,修正终态、空白/数值与原因字段；经验零不是实测氨排放
SRC-RAW-0380C629EC4DDD7F3CE7,工业锅炉,2960,NH3,580,not_involved,,,calculated,0,0,DENITRIFICATION_INFO_MISSING_ZERO,0,（炉内脱硫）+S12其他（钠碱法）,参照生成程序 nh3_processes + 核算引擎 denitrification_processes,修正终态、空白/数值与原因字段；经验零不是实测氨排放
SRC-RAW-1B4454155E3E441B9D8D,工业锅炉,2990,NH3,4666,not_involved,,,calculated,0,0,DENITRIFICATION_INFO_MISSING_ZERO,0,（炉内脱硫）+旋转喷雾干燥法+袋式除尘,参照生成程序 nh3_processes + 核算引擎 denitrification_processes,修正终态、空白/数值与原因字段；经验零不是实测氨排放
SRC-RAW-73110D32EB4CDA304ABB,工业锅炉,2992,NH3,19021,not_involved,,,calculated,0,0,DENITRIFICATION_INFO_MISSING_ZERO,0,双碱法+袋式除尘+其他（湿法脱硫协同）,参照生成程序 nh3_processes + 核算引擎 denitrification_processes,修正终态、空白/数值与原因字段；经验零不是实测氨排放
SRC-RAW-1EB7C13F069907F85625,火电热力,2997,NH3,5197,not_involved,,,calculated,0,0,DENITRIFICATION_INFO_MISSING_ZERO,0,袋式除尘法+袋式除尘法,参照生成程序 nh3_processes + 核算引擎 denitrification_processes,修正终态、空白/数值与原因字段；经验零不是实测氨排放
SRC-RAW-3873ED2380D11ED91A77,火电热力,2998,NH3,9157,not_involved,,,calculated,0,0,DENITRIFICATION_INFO_MISSING_ZERO,0,袋式除尘法+袋式除尘法,参照生成程序 nh3_processes + 核算引擎 denitrification_processes,修正终态、空白/数值与原因字段；经验零不是实测氨排放
SRC-RAW-93CE55C0174278EDEF6C,工业锅炉,3073,NH3,24376,not_involved,,,calculated,0,0,DENITRIFICATION_INFO_MISSING_ZERO,0,（炉内脱硫）+S12其他（钠碱法）,参照生成程序 nh3_processes + 核算引擎 denitrification_processes,修正终态、空白/数值与原因字段；经验零不是实测氨排放
SRC-RAW-19243970285876D8A16A,火电热力,3124,NH3,4243,not_involved,,,calculated,0,0,DENITRIFICATION_INFO_MISSING_ZERO,0,石灰石/石膏法+石灰石/石膏法,参照生成程序 nh3_processes + 核算引擎 denitrification_processes,修正终态、空白/数值与原因字段；经验零不是实测氨排放
SRC-RAW-36EAF9C679177C3289B0,火电热力,3125,NH3,8842,not_involved,,,calculated,0,0,DENITRIFICATION_INFO_MISSING_ZERO,0,石灰石/石膏法+石灰石/石膏法,参照生成程序 nh3_processes + 核算引擎 denitrification_processes,修正终态、空白/数值与原因字段；经验零不是实测氨排放
SRC-RAW-8CA8D5C1B75AFE3065FA,工业锅炉,3126,NH3,23323,not_involved,,,calculated,0,0,DENITRIFICATION_INFO_MISSING_ZERO,0,（炉内脱硫）+石灰石/石膏法,参照生成程序 nh3_processes + 核算引擎 denitrification_processes,修正终态、空白/数值与原因字段；经验零不是实测氨排放
SRC-RAW-25D8A18C654764C34610,工业锅炉,3127,NH3,6205,not_involved,,,calculated,0,0,DENITRIFICATION_INFO_MISSING_ZERO,0,（炉内脱硫）+石灰石/石膏法,参照生成程序 nh3_processes + 核算引擎 denitrification_processes,修正终态、空白/数值与原因字段；经验零不是实测氨排放
SRC-RAW-FBC6A863EC966C6D4697,工业锅炉,3167,NH3,41071,not_involved,,,calculated,0,0,DENITRIFICATION_INFO_MISSING_ZERO,0,单筒（多筒并联）旋风,参照生成程序 nh3_processes + 核算引擎 denitrification_processes,修正终态、空白/数值与原因字段；经验零不是实测氨排放
SRC-RAW-0109432DE0E295CD5108,火电热力,3188,NH3,157,not_involved,,,calculated,0,0,DENITRIFICATION_INFO_MISSING_ZERO,0,其他（湿法脱硫除尘一体化）+静电除尘+其他（湿法脱硫协同）,参照生成程序 nh3_processes + 核算引擎 denitrification_processes,修正终态、空白/数值与原因字段；经验零不是实测氨排放
SRC-RAW-FCE03F847AF31F5EF8CA,火电热力,3189,NH3,41323,not_involved,,,calculated,0,0,DENITRIFICATION_INFO_MISSING_ZERO,0,其他（湿法脱硫除尘一体化）+静电除尘+其他（湿法脱硫协同）,参照生成程序 nh3_processes + 核算引擎 denitrification_processes,修正终态、空白/数值与原因字段；经验零不是实测氨排放
SRC-RAW-994B355570EDFB2B8E4A,火电热力,3191,NH3,25321,not_involved,,,calculated,0,0,DENITRIFICATION_INFO_MISSING_ZERO,0,石灰石/石膏法+石灰石/石膏法+石灰石/石膏法,参照生成程序 nh3_processes + 核算引擎 denitrification_processes,修正终态、空白/数值与原因字段；经验零不是实测氨排放
SRC-RAW-2031C9CF41A78A40DCC9,火电热力,3192,NH3,5521,not_involved,,,calculated,0,0,DENITRIFICATION_INFO_MISSING_ZERO,0,石灰石/石膏法+石灰石/石膏法+石灰石/石膏法,参照生成程序 nh3_processes + 核算引擎 denitrification_processes,修正终态、空白/数值与原因字段；经验零不是实测氨排放
SRC-RAW-0CE8D8ABDD013A9A4978,火电热力,3193,NH3,2146,not_involved,,,calculated,0,0,DENITRIFICATION_INFO_MISSING_ZERO,0,石灰石/石膏法+石灰石/石膏法+石灰石/石膏法,参照生成程序 nh3_processes + 核算引擎 denitrification_processes,修正终态、空白/数值与原因字段；经验零不是实测氨排放
SRC-RAW-820EE5B241C017792DBD,工业锅炉,3229,NH3,21523,not_involved,,,calculated,0,0,DENITRIFICATION_INFO_MISSING_ZERO,0,袋式除尘法,参照生成程序 nh3_processes + 核算引擎 denitrification_processes,修正终态、空白/数值与原因字段；经验零不是实测氨排放
SRC-RAW-24E2C8F85D041A7DDEA0,工业锅炉,3355,NH3,6061,not_involved,,,calculated,0,0,DENITRIFICATION_INFO_MISSING_ZERO,0,袋式除尘法+袋式除尘+袋式除尘法,参照生成程序 nh3_processes + 核算引擎 denitrification_processes,修正终态、空白/数值与原因字段；经验零不是实测氨排放
SRC-RAW-8377125F18F12506D367,工业锅炉,3439,NH3,21829,not_involved,,,calculated,0,0,DENITRIFICATION_INFO_MISSING_ZERO,0,袋式除尘,参照生成程序 nh3_processes + 核算引擎 denitrification_processes,修正终态、空白/数值与原因字段；经验零不是实测氨排放
SRC-RAW-A070D68673392E11AE9E,工业锅炉,3453,NH3,26608,not_involved,,,calculated,0,0,DENITRIFICATION_INFO_MISSING_ZERO,0,其他（湿法脱硫除尘一体化）,参照生成程序 nh3_processes + 核算引擎 denitrification_processes,修正终态、空白/数值与原因字段；经验零不是实测氨排放
SRC-RAW-5370869516B1CF95C5AB,工业锅炉,3454,NH3,13630,not_involved,,,calculated,0,0,DENITRIFICATION_INFO_MISSING_ZERO,0,其他（湿法脱硫除尘一体化）,参照生成程序 nh3_processes + 核算引擎 denitrification_processes,修正终态、空白/数值与原因字段；经验零不是实测氨排放
SRC-RAW-67410B8672B15BCF6B7D,工业锅炉,3475,NH3,17095,not_involved,,,calculated,0,0,DENITRIFICATION_INFO_MISSING_ZERO,0,袋式除尘+袋式除尘+袋式除尘,参照生成程序 nh3_processes + 核算引擎 denitrification_processes,修正终态、空白/数值与原因字段；经验零不是实测氨排放
SRC-RAW-D2F4F92D0954B6DA756E,工业锅炉,3476,NH3,34285,not_involved,,,calculated,0,0,DENITRIFICATION_INFO_MISSING_ZERO,0,袋式除尘+袋式除尘+袋式除尘,参照生成程序 nh3_processes + 核算引擎 denitrification_processes,修正终态、空白/数值与原因字段；经验零不是实测氨排放
SRC-RAW-38D55BB8E485BFCBEC71,工业锅炉,3477,NH3,9229,not_involved,,,calculated,0,0,DENITRIFICATION_INFO_MISSING_ZERO,0,袋式除尘+袋式除尘+袋式除尘,参照生成程序 nh3_processes + 核算引擎 denitrification_processes,修正终态、空白/数值与原因字段；经验零不是实测氨排放
SRC-RAW-D4530217F879F9441125,工业锅炉,3551,NH3,34546,not_involved,,,calculated,0,0,DENITRIFICATION_INFO_MISSING_ZERO,0,袋式除尘,参照生成程序 nh3_processes + 核算引擎 denitrification_processes,修正终态、空白/数值与原因字段；经验零不是实测氨排放
SRC-RAW-11106FC4ED2D1C1D77C3,工业锅炉,3613,NH3,2857,not_involved,,,calculated,0,0,DENITRIFICATION_INFO_MISSING_ZERO,0,离心水膜+离心水膜,参照生成程序 nh3_processes + 核算引擎 denitrification_processes,修正终态、空白/数值与原因字段；经验零不是实测氨排放
SRC-RAW-69B1D469AF1B6A7C5298,工业锅炉,3614,NH3,17518,not_involved,,,calculated,0,0,DENITRIFICATION_INFO_MISSING_ZERO,0,离心水膜+离心水膜,参照生成程序 nh3_processes + 核算引擎 denitrification_processes,修正终态、空白/数值与原因字段；经验零不是实测氨排放
SRC-RAW-57AC888C3400CDB174B6,工业锅炉,3620,NH3,14431,not_involved,,,calculated,0,0,DENITRIFICATION_INFO_MISSING_ZERO,0,氨法,参照生成程序 nh3_processes + 核算引擎 denitrification_processes,修正终态、空白/数值与原因字段；经验零不是实测氨排放
SRC-RAW-1B95D2CA3FCBF36608A1,工业锅炉,3755,NH3,4711,not_involved,,,calculated,0,0,DENITRIFICATION_INFO_MISSING_ZERO,0,双碱法+袋式除尘法,参照生成程序 nh3_processes + 核算引擎 denitrification_processes,修正终态、空白/数值与原因字段；经验零不是实测氨排放
SRC-RAW-A76B7757E313A9932413,工业锅炉,3756,NH3,27607,not_involved,,,calculated,0,0,DENITRIFICATION_INFO_MISSING_ZERO,0,双碱法+袋式除尘法,参照生成程序 nh3_processes + 核算引擎 denitrification_processes,修正终态、空白/数值与原因字段；经验零不是实测氨排放
SRC-RAW-047C6273DD06796C5C23,工业锅炉,3771,NH3,742,not_involved,,,calculated,0,0,DENITRIFICATION_INFO_MISSING_ZERO,0,双碱法,参照生成程序 nh3_processes + 核算引擎 denitrification_processes,修正终态、空白/数值与原因字段；经验零不是实测氨排放
SRC-RAW-4FA3C26E8875FD34E1E8,工业锅炉,3772,NH3,13045,not_involved,,,calculated,0,0,DENITRIFICATION_INFO_MISSING_ZERO,0,双碱法,参照生成程序 nh3_processes + 核算引擎 denitrification_processes,修正终态、空白/数值与原因字段；经验零不是实测氨排放
SRC-RAW-B6B4839CDCF33FE98EFA,工业锅炉,3839,NH3,30001,not_involved,,,calculated,0,0,DENITRIFICATION_INFO_MISSING_ZERO,0,电袋组合,参照生成程序 nh3_processes + 核算引擎 denitrification_processes,修正终态、空白/数值与原因字段；经验零不是实测氨排放
SRC-RAW-2CA83F3109A175A47C42,工业锅炉,3854,NH3,7267,not_involved,,,calculated,0,0,DENITRIFICATION_INFO_MISSING_ZERO,0,喷淋塔/冲击水浴,参照生成程序 nh3_processes + 核算引擎 denitrification_processes,修正终态、空白/数值与原因字段；经验零不是实测氨排放
SRC-RAW-9DB0FCA44BB323504B82,工业锅炉,3910,NH3,26068,not_involved,,,calculated,0,0,DENITRIFICATION_INFO_MISSING_ZERO,0,（炉内脱硫）+石灰石/石膏法+袋式除尘,参照生成程序 nh3_processes + 核算引擎 denitrification_processes,修正终态、空白/数值与原因字段；经验零不是实测氨排放
SRC-RAW-52E07F5C31FBAB39185B,工业锅炉,3945,NH3,13513,not_involved,,,calculated,0,0,DENITRIFICATION_INFO_MISSING_ZERO,0,其他（湿法脱硫除尘一体化）+袋式除尘,参照生成程序 nh3_processes + 核算引擎 denitrification_processes,修正终态、空白/数值与原因字段；经验零不是实测氨排放
SRC-RAW-5DD8916B496891A18FEE,工业锅炉,3996,NH3,15502,not_involved,,,calculated,0,0,DENITRIFICATION_INFO_MISSING_ZERO,0,（炉内脱硫）+双碱法+（炉内脱硫）+双碱法+（炉内脱硫）+双碱法+（炉内脱硫）+双碱法+（炉内脱硫）+双碱法,参照生成程序 nh3_processes + 核算引擎 denitrification_processes,修正终态、空白/数值与原因字段；经验零不是实测氨排放
SRC-RAW-BE2999A8F9E6B8742D32,工业锅炉,3997,NH3,31216,not_involved,,,calculated,0,0,DENITRIFICATION_INFO_MISSING_ZERO,0,（炉内脱硫）+双碱法+（炉内脱硫）+双碱法+（炉内脱硫）+双碱法+（炉内脱硫）+双碱法+（炉内脱硫）+双碱法,参照生成程序 nh3_processes + 核算引擎 denitrification_processes,修正终态、空白/数值与原因字段；经验零不是实测氨排放
SRC-RAW-E18FF30F3E908AAEF694,工业锅炉,3998,NH3,36805,not_involved,,,calculated,0,0,DENITRIFICATION_INFO_MISSING_ZERO,0,（炉内脱硫）+双碱法+（炉内脱硫）+双碱法+（炉内脱硫）+双碱法+（炉内脱硫）+双碱法+（炉内脱硫）+双碱法,参照生成程序 nh3_processes + 核算引擎 denitrification_processes,修正终态、空白/数值与原因字段；经验零不是实测氨排放
SRC-RAW-728FC7518876112004D5,工业锅炉,4063,NH3,18922,not_involved,,,calculated,0,0,DENITRIFICATION_INFO_MISSING_ZERO,0,袋式除尘+双碱法,参照生成程序 nh3_processes + 核算引擎 denitrification_processes,修正终态、空白/数值与原因字段；经验零不是实测氨排放
SRC-RAW-10A13A1E06AB380CB6A7,工业锅炉,4089,NH3,2794,not_involved,,,calculated,0,0,DENITRIFICATION_INFO_MISSING_ZERO,0,石灰石/石膏法+喷淋塔/冲击水浴,参照生成程序 nh3_processes + 核算引擎 denitrification_processes,修正终态、空白/数值与原因字段；经验零不是实测氨排放
SRC-RAW-D374030AB2314D664E08,工业锅炉,4090,NH3,34384,not_involved,,,calculated,0,0,DENITRIFICATION_INFO_MISSING_ZERO,0,石灰石/石膏法+喷淋塔/冲击水浴,参照生成程序 nh3_processes + 核算引擎 denitrification_processes,修正终态、空白/数值与原因字段；经验零不是实测氨排放
SRC-RAW-D4572E2B07FC911E6C1A,工业锅炉,4113,NH3,34555,not_involved,,,calculated,0,0,DENITRIFICATION_INFO_MISSING_ZERO,0,其他（湿法脱硫除尘一体化）,参照生成程序 nh3_processes + 核算引擎 denitrification_processes,修正终态、空白/数值与原因字段；经验零不是实测氨排放
SRC-RAW-86D92D6F395BAB605153,工业锅炉,4201,NH3,22369,not_involved,,,calculated,0,0,DENITRIFICATION_INFO_MISSING_ZERO,0,其他（湿法脱硫除尘一体化）,参照生成程序 nh3_processes + 核算引擎 denitrification_processes,修正终态、空白/数值与原因字段；经验零不是实测氨排放
SRC-RAW-42641097AF253E1615D3,工业锅炉,4241,NH3,10849,not_involved,,,calculated,0,0,DENITRIFICATION_INFO_MISSING_ZERO,0,其他（湿法脱硫除尘一体化）,参照生成程序 nh3_processes + 核算引擎 denitrification_processes,修正终态、空白/数值与原因字段；经验零不是实测氨排放
SRC-RAW-B489222605488C21FC3D,工业锅炉,4267,NH3,29560,not_involved,,,calculated,0,0,DENITRIFICATION_INFO_MISSING_ZERO,0,（炉内脱硫）+双碱法+（炉内脱硫）+双碱法+喷淋塔/冲击水浴+喷淋塔/冲击水浴,参照生成程序 nh3_processes + 核算引擎 denitrification_processes,修正终态、空白/数值与原因字段；经验零不是实测氨排放
SRC-RAW-78D3BC298F6AC43A9719,工业锅炉,4268,NH3,19903,not_involved,,,calculated,0,0,DENITRIFICATION_INFO_MISSING_ZERO,0,（炉内脱硫）+双碱法+（炉内脱硫）+双碱法+喷淋塔/冲击水浴+喷淋塔/冲击水浴,参照生成程序 nh3_processes + 核算引擎 denitrification_processes,修正终态、空白/数值与原因字段；经验零不是实测氨排放
SRC-RAW-6BBB6246129B49B9361A,工业锅炉,4276,NH3,17833,not_involved,,,calculated,0,0,DENITRIFICATION_INFO_MISSING_ZERO,0,双碱法,参照生成程序 nh3_processes + 核算引擎 denitrification_processes,修正终态、空白/数值与原因字段；经验零不是实测氨排放
SRC-RAW-B186FE87FB747B3754C6,工业锅炉,4320,NH3,29164,not_involved,,,calculated,0,0,DENITRIFICATION_INFO_MISSING_ZERO,0,其他（钠碱法）+静电除尘,参照生成程序 nh3_processes + 核算引擎 denitrification_processes,修正终态、空白/数值与原因字段；经验零不是实测氨排放
SRC-RAW-E64D8F17B7357640302C,工业锅炉,4321,NH3,37462,not_involved,,,calculated,0,0,DENITRIFICATION_INFO_MISSING_ZERO,0,其他（钠碱法）+静电除尘,参照生成程序 nh3_processes + 核算引擎 denitrification_processes,修正终态、空白/数值与原因字段；经验零不是实测氨排放
SRC-RAW-FD4B863F65E402FDD564,工业锅炉,4341,NH3,41422,not_involved,,,calculated,0,0,DENITRIFICATION_INFO_MISSING_ZERO,0,双碱法,参照生成程序 nh3_processes + 核算引擎 denitrification_processes,修正终态、空白/数值与原因字段；经验零不是实测氨排放
SRC-RAW-6977CEB5139038A34DE0,工业锅炉,4391,NH3,17446,not_involved,,,calculated,0,0,DENITRIFICATION_INFO_MISSING_ZERO,0,单筒（多筒并联）旋风,参照生成程序 nh3_processes + 核算引擎 denitrification_processes,修正终态、空白/数值与原因字段；经验零不是实测氨排放
SRC-RAW-177FD00257652B5476F8,工业锅炉,4424,NH3,3937,not_involved,,,calculated,0,0,DENITRIFICATION_INFO_MISSING_ZERO,0,（炉内脱硫）+烟气循环流化床法,参照生成程序 nh3_processes + 核算引擎 denitrification_processes,修正终态、空白/数值与原因字段；经验零不是实测氨排放
SRC-RAW-8917622DBFA5CD075805,工业锅炉,4425,NH3,22738,not_involved,,,calculated,0,0,DENITRIFICATION_INFO_MISSING_ZERO,0,（炉内脱硫）+双碱法+袋式除尘,参照生成程序 nh3_processes + 核算引擎 denitrification_processes,修正终态、空白/数值与原因字段；经验零不是实测氨排放
SRC-RAW-3D447F563FD56393747F,工业锅炉,4653,NH3,9949,not_involved,,,calculated,0,0,DENITRIFICATION_INFO_MISSING_ZERO,0,袋式除尘,参照生成程序 nh3_processes + 核算引擎 denitrification_processes,修正终态、空白/数值与原因字段；经验零不是实测氨排放
SRC-RAW-C59491EDFED61D0E73D3,工业锅炉,4654,NH3,32449,not_involved,,,calculated,0,0,DENITRIFICATION_INFO_MISSING_ZERO,0,袋式除尘,参照生成程序 nh3_processes + 核算引擎 denitrification_processes,修正终态、空白/数值与原因字段；经验零不是实测氨排放
SRC-RAW-C92A6E51F7F310987024,工业锅炉,4713,NH3,32881,not_involved,,,calculated,0,0,DENITRIFICATION_INFO_MISSING_ZERO,0,（炉内脱硫）+双碱法,参照生成程序 nh3_processes + 核算引擎 denitrification_processes,修正终态、空白/数值与原因字段；经验零不是实测氨排放
SRC-RAW-CE555635AE9F9797CA9F,工业锅炉,4714,NH3,33628,not_involved,,,calculated,0,0,DENITRIFICATION_INFO_MISSING_ZERO,0,（炉内脱硫）+双碱法,参照生成程序 nh3_processes + 核算引擎 denitrification_processes,修正终态、空白/数值与原因字段；经验零不是实测氨排放
SRC-RAW-8F3B3285E68C5A270956,工业锅炉,4720,NH3,23710,not_involved,,,calculated,0,0,DENITRIFICATION_INFO_MISSING_ZERO,0,喷淋塔/冲击水浴,参照生成程序 nh3_processes + 核算引擎 denitrification_processes,修正终态、空白/数值与原因字段；经验零不是实测氨排放
SRC-RAW-57142DC32337D97DC9E7,工业锅炉,4726,NH3,14323,not_involved,,,calculated,0,0,DENITRIFICATION_INFO_MISSING_ZERO,0,机械+湿法除尘法,参照生成程序 nh3_processes + 核算引擎 denitrification_processes,修正终态、空白/数值与原因字段；经验零不是实测氨排放
SRC-RAW-00E7BEC8F8799AA05E4A,工业锅炉,4746,NH3,130,not_involved,,,calculated,0,0,DENITRIFICATION_INFO_MISSING_ZERO,0,袋式除尘,参照生成程序 nh3_processes + 核算引擎 denitrification_processes,修正终态、空白/数值与原因字段；经验零不是实测氨排放
SRC-RAW-872F6190ACC778432063,工业锅炉,4801,NH3,22459,not_involved,,,calculated,0,0,DENITRIFICATION_INFO_MISSING_ZERO,0,其他（湿法脱硫除尘一体化）+其他（湿法脱硫除尘一体化）,参照生成程序 nh3_processes + 核算引擎 denitrification_processes,修正终态、空白/数值与原因字段；经验零不是实测氨排放
SRC-RAW-6D24301ECC1E21094090,工业锅炉,4802,NH3,17950,not_involved,,,calculated,0,0,DENITRIFICATION_INFO_MISSING_ZERO,0,其他（湿法脱硫除尘一体化）+其他（湿法脱硫除尘一体化）,参照生成程序 nh3_processes + 核算引擎 denitrification_processes,修正终态、空白/数值与原因字段；经验零不是实测氨排放
SRC-RAW-8D95AD6EB9A6CE348150,工业锅炉,4809,NH3,23467,not_involved,,,calculated,0,0,DENITRIFICATION_INFO_MISSING_ZERO,0,烟气循环流化床法+喷淋塔/冲击水浴,参照生成程序 nh3_processes + 核算引擎 denitrification_processes,修正终态、空白/数值与原因字段；经验零不是实测氨排放
SRC-RAW-AB14C7FE3226BB7D238F,工业锅炉,4936,NH3,28111,not_involved,,,calculated,0,0,DENITRIFICATION_INFO_MISSING_ZERO,0,其他（钠碱法）,参照生成程序 nh3_processes + 核算引擎 denitrification_processes,修正终态、空白/数值与原因字段；经验零不是实测氨排放
SRC-RAW-9EDFF7B342D0739CDFDC,工业锅炉,5585,NH3,26248,not_involved,,,calculated,0,0,DENITRIFICATION_INFO_MISSING_ZERO,0,S12其他（钠碱法）+袋式除尘,参照生成程序 nh3_processes + 核算引擎 denitrification_processes,修正终态、空白/数值与原因字段；经验零不是实测氨排放
SRC-RAW-19F29C27AD2E001F344F,工业锅炉,5586,NH3,4405,not_involved,,,calculated,0,0,DENITRIFICATION_INFO_MISSING_ZERO,0,S12其他（钠碱法）+袋式除尘,参照生成程序 nh3_processes + 核算引擎 denitrification_processes,修正终态、空白/数值与原因字段；经验零不是实测氨排放
SRC-RAW-4540BCF82A79B69A567F,工业锅炉,5610,NH3,11389,not_involved,,,calculated,0,0,DENITRIFICATION_INFO_MISSING_ZERO,0,喷淋塔/冲击水浴,参照生成程序 nh3_processes + 核算引擎 denitrification_processes,修正终态、空白/数值与原因字段；经验零不是实测氨排放
SRC-RAW-4C0BDE0CCA087EB15958,工业锅炉,5612,NH3,12496,not_involved,,,calculated,0,0,DENITRIFICATION_INFO_MISSING_ZERO,0,双碱法+袋式除尘,参照生成程序 nh3_processes + 核算引擎 denitrification_processes,修正终态、空白/数值与原因字段；经验零不是实测氨排放
SRC-RAW-4263AB27DE2F4F9EB23B,工业锅炉,5619,NH3,10840,not_involved,,,calculated,0,0,DENITRIFICATION_INFO_MISSING_ZERO,0,（炉内脱硫）+S12其他（钠碱法）,参照生成程序 nh3_processes + 核算引擎 denitrification_processes,修正终态、空白/数值与原因字段；经验零不是实测氨排放
SRC-RAW-DDF4A4858D074AF5425B,工业锅炉,5637,NH3,36139,not_involved,,,calculated,0,0,DENITRIFICATION_INFO_MISSING_ZERO,0,双碱法+袋式除尘,参照生成程序 nh3_processes + 核算引擎 denitrification_processes,修正终态、空白/数值与原因字段；经验零不是实测氨排放
SRC-RAW-63B565D0214106A5D802,工业锅炉,5640,NH3,16438,not_involved,,,calculated,0,0,DENITRIFICATION_INFO_MISSING_ZERO,0,双碱法+袋式除尘,参照生成程序 nh3_processes + 核算引擎 denitrification_processes,修正终态、空白/数值与原因字段；经验零不是实测氨排放
SRC-RAW-0F2CBC418F77493D94E7,工业锅炉,5655,NH3,2515,not_involved,,,calculated,0,0,DENITRIFICATION_INFO_MISSING_ZERO,0,喷淋塔/冲击水浴,参照生成程序 nh3_processes + 核算引擎 denitrification_processes,修正终态、空白/数值与原因字段；经验零不是实测氨排放
SRC-RAW-AB46241366457230291D,工业锅炉,5657,NH3,28156,not_involved,,,calculated,0,0,DENITRIFICATION_INFO_MISSING_ZERO,0,双碱法+袋式除尘,参照生成程序 nh3_processes + 核算引擎 denitrification_processes,修正终态、空白/数值与原因字段；经验零不是实测氨排放
SRC-RAW-872E0D391E4E1F842011,工业锅炉,5662,NH3,22450,not_involved,,,calculated,0,0,DENITRIFICATION_INFO_MISSING_ZERO,0,其他（钠碱法）+袋式除尘,参照生成程序 nh3_processes + 核算引擎 denitrification_processes,修正终态、空白/数值与原因字段；经验零不是实测氨排放
SRC-RAW-2DABEFC5089720627DB1,工业锅炉,5670,NH3,7402,not_involved,,,calculated,0,0,DENITRIFICATION_INFO_MISSING_ZERO,0,双碱法+袋式除尘,参照生成程序 nh3_processes + 核算引擎 denitrification_processes,修正终态、空白/数值与原因字段；经验零不是实测氨排放
SRC-RAW-0364C1615A4478B5D6AF,工业锅炉,5681,NH3,553,not_involved,,,calculated,0,0,DENITRIFICATION_INFO_MISSING_ZERO,0,双碱法+袋式除尘,参照生成程序 nh3_processes + 核算引擎 denitrification_processes,修正终态、空白/数值与原因字段；经验零不是实测氨排放
SRC-RAW-D79EC20C19DEBBACC31C,工业锅炉,5687,NH3,35131,not_involved,,,calculated,0,0,DENITRIFICATION_INFO_MISSING_ZERO,0,喷淋塔/冲击水浴+（炉内脱硫）+S12其他（钠碱法）,参照生成程序 nh3_processes + 核算引擎 denitrification_processes,修正终态、空白/数值与原因字段；经验零不是实测氨排放
SRC-RAW-712FE57A8849B9C9CF74,工业锅炉,5688,NH3,18688,not_involved,,,calculated,0,0,DENITRIFICATION_INFO_MISSING_ZERO,0,炉内脱硫（炉内喷钙）+袋式除尘,参照生成程序 nh3_processes + 核算引擎 denitrification_processes,修正终态、空白/数值与原因字段；经验零不是实测氨排放
SRC-RAW-2DA4D71C571331BA6F84,火电热力,5694,NH3,7384,not_involved,,,calculated,0,0,DENITRIFICATION_INFO_MISSING_ZERO,0,其他（湿法脱硫除尘一体化）+其他（湿法脱硫除尘一体化）+其他（湿法脱硫除尘一体化）+其他（湿法脱硫除尘一体化）,参照生成程序 nh3_processes + 核算引擎 denitrification_processes,修正终态、空白/数值与原因字段；经验零不是实测氨排放
SRC-RAW-84F5F5E88705396F1B23,火电热力,5695,NH3,22099,not_involved,,,calculated,0,0,DENITRIFICATION_INFO_MISSING_ZERO,0,其他（湿法脱硫除尘一体化）+其他（湿法脱硫除尘一体化）+其他（湿法脱硫除尘一体化）+其他（湿法脱硫除尘一体化）,参照生成程序 nh3_processes + 核算引擎 denitrification_processes,修正终态、空白/数值与原因字段；经验零不是实测氨排放
SRC-RAW-5579BBBBB608C011246B,火电热力,5696,NH3,14080,not_involved,,,calculated,0,0,DENITRIFICATION_INFO_MISSING_ZERO,0,其他（湿法脱硫除尘一体化）+其他（湿法脱硫除尘一体化）+其他（湿法脱硫除尘一体化）+其他（湿法脱硫除尘一体化）,参照生成程序 nh3_processes + 核算引擎 denitrification_processes,修正终态、空白/数值与原因字段；经验零不是实测氨排放
SRC-RAW-FC0E5288D1798D7EE1AD,火电热力,5697,NH3,41134,not_involved,,,calculated,0,0,DENITRIFICATION_INFO_MISSING_ZERO,0,其他（湿法脱硫除尘一体化）+其他（湿法脱硫除尘一体化）+其他（湿法脱硫除尘一体化）+其他（湿法脱硫除尘一体化）,参照生成程序 nh3_processes + 核算引擎 denitrification_processes,修正终态、空白/数值与原因字段；经验零不是实测氨排放
SRC-RAW-9F28544720C1E6ECE479,工业锅炉,5703,NH3,26329,not_involved,,,calculated,0,0,DENITRIFICATION_INFO_MISSING_ZERO,0,袋式除尘+（炉内脱硫）+双碱法,参照生成程序 nh3_processes + 核算引擎 denitrification_processes,修正终态、空白/数值与原因字段；经验零不是实测氨排放
SRC-RAW-A0467A4ED685BDA82EB3,工业锅炉,5728,NH3,26563,not_involved,,,calculated,0,0,DENITRIFICATION_INFO_MISSING_ZERO,0,S12其他（钠碱法）,参照生成程序 nh3_processes + 核算引擎 denitrification_processes,修正终态、空白/数值与原因字段；经验零不是实测氨排放
SRC-RAW-62C8F8D457720083A379,工业锅炉,5761,NH3,16312,not_involved,,,calculated,0,0,DENITRIFICATION_INFO_MISSING_ZERO,0,双碱法+袋式除尘,参照生成程序 nh3_processes + 核算引擎 denitrification_processes,修正终态、空白/数值与原因字段；经验零不是实测氨排放
SRC-RAW-0BAE74BA2397CF47D951,工业锅炉,5799,NH3,1930,not_involved,,,calculated,0,0,DENITRIFICATION_INFO_MISSING_ZERO,0,双碱法,参照生成程序 nh3_processes + 核算引擎 denitrification_processes,修正终态、空白/数值与原因字段；经验零不是实测氨排放
SRC-RAW-1453EF7D6625C7EBD5A3,工业锅炉,5802,NH3,3370,not_involved,,,calculated,0,0,DENITRIFICATION_INFO_MISSING_ZERO,0,双碱法+袋式除尘,参照生成程序 nh3_processes + 核算引擎 denitrification_processes,修正终态、空白/数值与原因字段；经验零不是实测氨排放
SRC-RAW-0D37E4DC70046446405D,工业锅炉,5803,NH3,2200,not_involved,,,calculated,0,0,DENITRIFICATION_INFO_MISSING_ZERO,0,双碱法+离心水膜,参照生成程序 nh3_processes + 核算引擎 denitrification_processes,修正终态、空白/数值与原因字段；经验零不是实测氨排放
SRC-RAW-45A14EBA1746E0AE89A1,工业锅炉,5809,NH3,11461,not_involved,,,calculated,0,0,DENITRIFICATION_INFO_MISSING_ZERO,0,双碱法+离心水膜,参照生成程序 nh3_processes + 核算引擎 denitrification_processes,修正终态、空白/数值与原因字段；经验零不是实测氨排放
SRC-RAW-33BCFFE5D93422B4796D,工业锅炉,5822,NH3,8356,not_involved,,,calculated,0,0,DENITRIFICATION_INFO_MISSING_ZERO,0,电袋组合,参照生成程序 nh3_processes + 核算引擎 denitrification_processes,修正终态、空白/数值与原因字段；经验零不是实测氨排放
SRC-RAW-E7E5ADAFCFECF7200532,工业锅炉,5827,NH3,37687,not_involved,,,calculated,0,0,DENITRIFICATION_INFO_MISSING_ZERO,0,双碱法,参照生成程序 nh3_processes + 核算引擎 denitrification_processes,修正终态、空白/数值与原因字段；经验零不是实测氨排放
SRC-RAW-6585362B366B486A2083,工业锅炉,5828,NH3,16816,not_involved,,,calculated,0,0,DENITRIFICATION_INFO_MISSING_ZERO,0,其他（湿法脱硫除尘一体化）+电袋组合,参照生成程序 nh3_processes + 核算引擎 denitrification_processes,修正终态、空白/数值与原因字段；经验零不是实测氨排放
SRC-RAW-B8BC60CF6EB1B29EA431,工业锅炉,5864,NH3,30334,not_involved,,,calculated,0,0,DENITRIFICATION_INFO_MISSING_ZERO,0,双碱法+袋式除尘,参照生成程序 nh3_processes + 核算引擎 denitrification_processes,修正终态、空白/数值与原因字段；经验零不是实测氨排放
SRC-RAW-9CD347CBAA1E4690A8D4,工业锅炉,5904,NH3,25879,not_involved,,,calculated,0,0,DENITRIFICATION_INFO_MISSING_ZERO,0,（炉内脱硫）+石灰石/石膏法+喷淋塔/冲击水浴,参照生成程序 nh3_processes + 核算引擎 denitrification_processes,修正终态、空白/数值与原因字段；经验零不是实测氨排放
SRC-RAW-23B2A417885E0B963807,工业锅炉,5908,NH3,5935,not_involved,,,calculated,0,0,DENITRIFICATION_INFO_MISSING_ZERO,0,喷淋塔/冲击水浴,参照生成程序 nh3_processes + 核算引擎 denitrification_processes,修正终态、空白/数值与原因字段；经验零不是实测氨排放
SRC-RAW-D93FC5D6E86B4F04DB3E,工业锅炉,5911,NH3,35347,not_involved,,,calculated,0,0,DENITRIFICATION_INFO_MISSING_ZERO,0,喷淋塔/冲击水浴,参照生成程序 nh3_processes + 核算引擎 denitrification_processes,修正终态、空白/数值与原因字段；经验零不是实测氨排放
SRC-RAW-1499183EFC76641D125A,工业锅炉,5913,NH3,3415,not_involved,,,calculated,0,0,DENITRIFICATION_INFO_MISSING_ZERO,0,袋式除尘,参照生成程序 nh3_processes + 核算引擎 denitrification_processes,修正终态、空白/数值与原因字段；经验零不是实测氨排放
