源ID,源类,基102原表行号,问题条目,问题归属,规则包湿法映射命中,已确认NH3终态问题,治理候选关联待核,已量化数值变化项数,已量化数值变化污染物,原治理名称,NH3当前终态,NH3按现协议应有终态,当前取用治理类别,原设备对应治理类别,当前类别候选数,原设备类别候选数,B0源污染物参照记录行号
SRC-RAW-BF8FABB62BF404DE7259,工业锅炉,118,F03_NH3终态判定,参照生成程序及核算引擎,False,True,False,0,,,not_involved,calculated（经验零）,,,,,31493；31494；31495；31496；31497；31498；31499；31500；31501
SRC-RAW-308A0403BAB78A56EA33,工业锅炉,182,F03_NH3终态判定,参照生成程序及核算引擎,False,True,False,0,,,not_involved,calculated（经验零）,,,,,7895；7896；7897；7898；7899；7900；7901；7902；7903
SRC-RAW-FF1045ABC23B668A936E,工业锅炉,235,F04_治理候选关联待核,治理关联实现,False,False,True,0,,,,,GYGL,DZGL,0,4,41717；41718；41719；41720；41721；41722；41723；41724；41725
SRC-RAW-75592E83770CD2701D5A,工业锅炉,236,F04_治理候选关联待核,治理关联实现,False,False,True,0,,,,,GYGL,DZGL,0,4,19343；19344；19345；19346；19347；19348；19349；19350；19351
SRC-RAW-75DF4E6BB41F91F299F2,工业锅炉,237,F04_治理候选关联待核,治理关联实现,False,False,True,0,,,,,GYGL,DZGL,0,4,19415；19416；19417；19418；19419；19420；19421；19422；19423
SRC-RAW-9D59E477248611165BB7,工业锅炉,238,F04_治理候选关联待核,治理关联实现,False,False,True,0,,,,,GYGL,DZGL,0,4,25994；25995；25996；25997；25998；25999；26000；26001；26002
SRC-RAW-81733743F341489CC94D,工业锅炉,242,F03_NH3终态判定,参照生成程序及核算引擎,False,True,False,0,,,not_involved,calculated（经验零）,,,,,21386；21387；21388；21389；21390；21391；21392；21393；21394
SRC-RAW-6ED484F333A78A6E17D7,工业锅炉,243,F03_NH3终态判定,参照生成程序及核算引擎,False,True,False,0,,,not_involved,calculated（经验零）,,,,,18290；18291；18292；18293；18294；18295；18296；18297；18298
SRC-RAW-91A2B98FFF56709CD6F5,工业锅炉,402,F03_NH3终态判定,参照生成程序及核算引擎,False,True,False,0,,,not_involved,calculated（经验零）,,,,,23978；23979；23980；23981；23982；23983；23984；23985；23986
SRC-RAW-1B11FEEA3B4289555FFE,工业锅炉,538,F04_治理候选关联待核,治理关联实现,False,False,True,0,,,,,GYGL,DZGL,0,3,4592；4593；4594；4595；4596；4597；4598；4599；4600
SRC-RAW-FC7B087AFDADA5374D70,工业锅炉,553,F04_治理候选关联待核,治理关联实现,False,False,True,0,,,,,GYGL,DZGL,0,3,41231；41232；41233；41234；41235；41236；41237；41238；41239
SRC-RAW-F8955A8A68B36C170B38,工业锅炉,554,F04_治理候选关联待核,治理关联实现,False,False,True,0,,,,,GYGL,DZGL,0,3,40583；40584；40585；40586；40587；40588；40589；40590；40591
SRC-RAW-6ED412173EE3115F6A5E,工业锅炉,555,F04_治理候选关联待核,治理关联实现,False,False,True,0,,,,,GYGL,DZGL,0,3,18281；18282；18283；18284；18285；18286；18287；18288；18289
SRC-RAW-B9E105D6FF54717E0E13,工业锅炉,556,F04_治理候选关联待核,治理关联实现,False,False,True,0,,,,,GYGL,DZGL,0,3,30503；30504；30505；30506；30507；30508；30509；30510；30511
SRC-RAW-A0663FFB1B7B8DF4A263,工业锅炉,560,F04_治理候选关联待核,治理关联实现,False,False,True,0,,,,,GYGL,DZGL,0,3,26588；26589；26590；26591；26592；26593；26594；26595；26596
SRC-RAW-5F9FA878D7B7BD57772F,工业锅炉,561,F04_治理候选关联待核,治理关联实现,False,False,True,0,,,,,GYGL,DZGL,0,3,15761；15762；15763；15764；15765；15766；15767；15768；15769
SRC-RAW-528084718D6470135B6F,工业锅炉,562,F04_治理候选关联待核,治理关联实现,False,False,True,0,,,,,GYGL,DZGL,0,3,13403；13404；13405；13406；13407；13408；13409；13410；13411
SRC-RAW-C41D91B98EF8B2B548EA,工业锅炉,563,F03_NH3终态判定,参照生成程序及核算引擎,False,True,False,0,,,not_involved,calculated（经验零）,,,,,32195；32196；32197；32198；32199；32200；32201；32202；32203
SRC-RAW-87D9CC69CF5E7347EA96,工业锅炉,601,F03_NH3终态判定,参照生成程序及核算引擎,False,True,False,0,,,not_involved,calculated（经验零）,,,,,22583；22584；22585；22586；22587；22588；22589；22590；22591
SRC-RAW-DB4F1902B71327C15806,工业锅炉,629,F03_NH3终态判定,参照生成程序及核算引擎,False,True,False,0,,,not_involved,calculated（经验零）,,,,,35786；35787；35788；35789；35790；35791；35792；35793；35794
SRC-RAW-E2904304246853CD4377,工业锅炉,640,F04_治理候选关联待核,治理关联实现,False,False,True,0,,,,,GYGL,DZGL,0,3,36974；36975；36976；36977；36978；36979；36980；36981；36982
SRC-RAW-CF4CE62BF0FDA7FBCE35,工业锅炉,745,F03_NH3终态判定,参照生成程序及核算引擎,False,True,False,0,,,not_involved,calculated（经验零）,,,,,33770；33771；33772；33773；33774；33775；33776；33777；33778
SRC-RAW-95F6D5B0A630F773DA4A,工业锅炉,753,F03_NH3终态判定,参照生成程序及核算引擎,False,True,False,0,,,not_involved,calculated（经验零）,,,,,24734；24735；24736；24737；24738；24739；24740；24741；24742
SRC-RAW-0AF7A8DF6AD38D37CD11,工业锅炉,837,F04_治理候选关联待核,治理关联实现,False,False,True,0,,,,,GYGL,DZGL,0,6,1793；1794；1795；1796；1797；1798；1799；1800；1801
SRC-RAW-0D2C2E9A7E265088369B,工业锅炉,838,F04_治理候选关联待核,治理关联实现,False,False,True,0,,,,,GYGL,DZGL,0,6,2180；2181；2182；2183；2184；2185；2186；2187；2188
SRC-RAW-3B9378741FBC88834EFE,工业锅炉,839,F04_治理候选关联待核,治理关联实现,False,False,True,0,,,,,GYGL,DZGL,0,6,9650；9651；9652；9653；9654；9655；9656；9657；9658
SRC-RAW-56F033A2396BA8C09BB9,工业锅炉,840,F04_治理候选关联待核,治理关联实现,False,False,True,0,,,,,GYGL,DZGL,0,6,14267；14268；14269；14270；14271；14272；14273；14274；14275
SRC-RAW-1AE27443669F5EB68673,火电热力,841,F04_治理候选关联待核,治理关联实现,False,False,True,0,,,,,DZGL,GYGL,0,3,4529；4530；4531；4532；4533；4534；4535；4536；4537
SRC-RAW-E61DCB1BC30CF2D92EAC,火电热力,842,F04_治理候选关联待核,治理关联实现,False,False,True,0,,,,,DZGL,GYGL,0,3,37424；37425；37426；37427；37428；37429；37430；37431；37432
SRC-RAW-6DC0FEB3DC2E86409A23,火电热力,855,F04_治理候选关联待核,治理关联实现,False,False,True,0,,,,,DZGL,GYGL,0,3,18047；18048；18049；18050；18051；18052；18053；18054；18055
SRC-RAW-9BFC45009A24B93EA599,火电热力,865,F04_治理候选关联待核,治理关联实现,False,False,True,0,,,,,DZGL,GYGL,0,4,25724；25725；25726；25727；25728；25729；25730；25731；25732
SRC-RAW-64FE853265E18A8D10CD,工业锅炉,875,F03_NH3终态判定,参照生成程序及核算引擎,False,True,False,0,,,not_involved,calculated（经验零）,,,,,16697；16698；16699；16700；16701；16702；16703；16704；16705
SRC-RAW-B87685FA95BF46796F7A,火电热力,922,F04_治理候选关联待核,治理关联实现,False,False,True,0,,,,,DZGL,GYGL,0,1,30287；30288；30289；30290；30291；30292；30293；30294；30295
SRC-RAW-41252FD72D5FEE379D1F,工业锅炉,942,F03_NH3终态判定,参照生成程序及核算引擎,False,True,False,0,,,not_involved,calculated（经验零）,,,,,10667；10668；10669；10670；10671；10672；10673；10674；10675
SRC-RAW-73B3CA59765D5D325DCB,火电热力,1024,F04_治理候选关联待核,治理关联实现,False,False,True,0,,,,,DZGL,GYGL,0,3,19127；19128；19129；19130；19131；19132；19133；19134；19135
SRC-RAW-8435FB77110F5FC4DC38,火电热力,1025,F04_治理候选关联待核,治理关联实现,False,False,True,0,,,,,DZGL,GYGL,0,3,21935；21936；21937；21938；21939；21940；21941；21942；21943
SRC-RAW-5B6A8AE10D75F5AF206A,火电热力,1034,F04_治理候选关联待核,治理关联实现,False,False,True,0,,,,,DZGL,GYGL,0,3,15122；15123；15124；15125；15126；15127；15128；15129；15130
SRC-RAW-C332975B9DFE7FEDD45D,火电热力,1035,F04_治理候选关联待核,治理关联实现,False,False,True,0,,,,,DZGL,GYGL,0,3,32060；32061；32062；32063；32064；32065；32066；32067；32068
SRC-RAW-AF4055E81C013D09C04D,火电热力,1036,F04_治理候选关联待核,治理关联实现,False,False,True,0,,,,,DZGL,GYGL,0,3,28721；28722；28723；28724；28725；28726；28727；28728；28729
SRC-RAW-C308A5FC792155E6DA27,工业锅炉,1109,F03_NH3终态判定,参照生成程序及核算引擎,False,True,False,0,,,not_involved,calculated（经验零）,,,,,32015；32016；32017；32018；32019；32020；32021；32022；32023
SRC-RAW-53472C3411002ACF1E05,工业锅炉,1413,F03_NH3终态判定,参照生成程序及核算引擎,False,True,False,0,,,not_involved,calculated（经验零）,,,,,13592；13593；13594；13595；13596；13597；13598；13599；13600
SRC-RAW-4412309C9F411C103CFD,工业锅炉,1450,F02_湿式治理成分遗漏；F03_NH3终态判定,规则包映射；参照生成程序及核算引擎,True,True,False,5,SO2；PM10；PM2.5；BC；OC,机械+湿法除尘脱硫,not_involved,calculated（经验零）,,,,,11117；11118；11119；11120；11121；11122；11123；11124；11125
SRC-RAW-FA6CE82F65D745F12FCF,工业锅炉,1451,F02_湿式治理成分遗漏；F03_NH3终态判定,规则包映射；参照生成程序及核算引擎,True,True,False,5,SO2；PM10；PM2.5；BC；OC,机械+湿法除尘脱硫,not_involved,calculated（经验零）,,,,,40916；40917；40918；40919；40920；40921；40922；40923；40924
SRC-RAW-2C6198E59A019129E4ED,工业锅炉,1458,F03_NH3终态判定,参照生成程序及核算引擎,False,True,False,0,,,not_involved,calculated（经验零）,,,,,7175；7176；7177；7178；7179；7180；7181；7182；7183
SRC-RAW-17F4109476657E8B4986,火电热力,1517,F04_治理候选关联待核,治理关联实现,False,False,True,0,,,,,DZGL,GYGL,0,2,4034；4035；4036；4037；4038；4039；4040；4041；4042
SRC-RAW-CB4F7E76D2CA631D9689,火电热力,1518,F04_治理候选关联待核,治理关联实现,False,False,True,0,,,,,DZGL,GYGL,0,2,33185；33186；33187；33188；33189；33190；33191；33192；33193
SRC-RAW-28F83065C75A8FF87FA8,工业锅炉,1580,F04_治理候选关联待核,治理关联实现,False,False,True,0,,,,,GYGL,DZGL,3,0,6680；6681；6682；6683；6684；6685；6686；6687；6688
SRC-RAW-FF7C2F27803D71DC62B6,工业锅炉,1581,F04_治理候选关联待核,治理关联实现,False,False,True,0,,,,,GYGL,DZGL,3,0,41843；41844；41845；41846；41847；41848；41849；41850；41851
SRC-RAW-A25F8714E2FF75BD237B,工业锅炉,1615,F03_NH3终态判定,参照生成程序及核算引擎,False,True,False,0,,,not_involved,calculated（经验零）,,,,,26840；26841；26842；26843；26844；26845；26846；26847；26848
SRC-RAW-336175CD9F6BE92DE5C8,工业锅炉,1616,F03_NH3终态判定,参照生成程序及核算引擎,False,True,False,0,,,not_involved,calculated（经验零）,,,,,8318；8319；8320；8321；8322；8323；8324；8325；8326
SRC-RAW-6E1BAD26A56C661C76BE,火电热力,1629,F04_治理候选关联待核,治理关联实现,False,False,True,0,,,,,DZGL,GYGL,2,0,18128；18129；18130；18131；18132；18133；18134；18135；18136
SRC-RAW-71FD22952351AEE17C2B,火电热力,1664,F03_NH3终态判定,参照生成程序及核算引擎,False,True,False,0,,,not_involved,calculated（经验零）,,,,,18812；18813；18814；18815；18816；18817；18818；18819；18820
SRC-RAW-4A378BE015CC86255662,火电热力,1665,F03_NH3终态判定,参照生成程序及核算引擎,False,True,False,0,,,not_involved,calculated（经验零）,,,,,12179；12180；12181；12182；12183；12184；12185；12186；12187
SRC-RAW-A07A0EDF9CEC875B3A7A,火电热力,1668,F04_治理候选关联待核,治理关联实现,False,False,True,0,,,,,DZGL,GYGL,0,3,26624；26625；26626；26627；26628；26629；26630；26631；26632
SRC-RAW-9A9CDE9913604456B3D5,火电热力,1669,F04_治理候选关联待核,治理关联实现,False,False,True,0,,,,,DZGL,GYGL,0,3,25481；25482；25483；25484；25485；25486；25487；25488；25489
SRC-RAW-50E48C034B0B4C31D6F8,工业锅炉,1673,F03_NH3终态判定,参照生成程序及核算引擎,False,True,False,0,,,not_involved,calculated（经验零）,,,,,13160；13161；13162；13163；13164；13165；13166；13167；13168
SRC-RAW-A076DDED16ACAC5CF10B,工业锅炉,1674,F03_NH3终态判定,参照生成程序及核算引擎,False,True,False,0,,,not_involved,calculated（经验零）,,,,,26615；26616；26617；26618；26619；26620；26621；26622；26623
SRC-RAW-9D21F6C1391C94F6A7B5,工业锅炉,1675,F03_NH3终态判定,参照生成程序及核算引擎,False,True,False,0,,,not_involved,calculated（经验零）,,,,,25949；25950；25951；25952；25953；25954；25955；25956；25957
SRC-RAW-6F08F34F83FFCD505F03,工业锅炉,1713,F03_NH3终态判定,参照生成程序及核算引擎,False,True,False,0,,,not_involved,calculated（经验零）,,,,,18362；18363；18364；18365；18366；18367；18368；18369；18370
SRC-RAW-D967EBB87AF247CA7820,工业锅炉,1730,F02_湿式治理成分遗漏,规则包映射,True,False,False,0,,机械+湿法除尘法,,,,,,,35390；35391；35392；35393；35394；35395；35396；35397；35398
SRC-RAW-98A00F2B6AF1D22FE90B,工业锅炉,1739,F03_NH3终态判定,参照生成程序及核算引擎,False,True,False,0,,,not_involved,calculated（经验零）,,,,,25193；25194；25195；25196；25197；25198；25199；25200；25201
SRC-RAW-C2A07E8B37DA4337574A,火电热力,1752,F03_NH3终态判定,参照生成程序及核算引擎,False,True,False,0,,,not_involved,calculated（经验零）,,,,,31970；31971；31972；31973；31974；31975；31976；31977；31978
SRC-RAW-4B26B4131240357A1230,工业锅炉,1788,F03_NH3终态判定,参照生成程序及核算引擎,False,True,False,0,,,not_involved,calculated（经验零）,,,,,12359；12360；12361；12362；12363；12364；12365；12366；12367
SRC-RAW-AA2F2D14EF15706D5215,工业锅炉,1832,F03_NH3终态判定,参照生成程序及核算引擎,False,True,False,0,,,not_involved,calculated（经验零）,,,,,28010；28011；28012；28013；28014；28015；28016；28017；28018
SRC-RAW-05A3F69CD0063E32B769,工业锅炉,1833,F03_NH3终态判定,参照生成程序及核算引擎,False,True,False,0,,,not_involved,calculated（经验零）,,,,,929；930；931；932；933；934；935；936；937
SRC-RAW-A6EA64E9B35CD18BF4C2,工业锅炉,1835,F02_湿式治理成分遗漏；F03_NH3终态判定,规则包映射；参照生成程序及核算引擎,True,True,False,0,,机械+湿法除尘法,not_involved,calculated（经验零）,,,,,27542；27543；27544；27545；27546；27547；27548；27549；27550
SRC-RAW-35478B3D508045C4B1D3,工业锅炉,1836,F03_NH3终态判定,参照生成程序及核算引擎,False,True,False,0,,,not_involved,calculated（经验零）,,,,,8615；8616；8617；8618；8619；8620；8621；8622；8623
SRC-RAW-67F8451E6D8ED28AA69A,工业锅炉,1837,F03_NH3终态判定,参照生成程序及核算引擎,False,True,False,0,,,not_involved,calculated（经验零）,,,,,17174；17175；17176；17177；17178；17179；17180；17181；17182
SRC-RAW-1B9F906F002B3B0C9461,工业锅炉,1838,F03_NH3终态判定,参照生成程序及核算引擎,False,True,False,0,,,not_involved,calculated（经验零）,,,,,4727；4728；4729；4730；4731；4732；4733；4734；4735
SRC-RAW-DE1C504FCD5A913A752B,工业锅炉,1839,F03_NH3终态判定,参照生成程序及核算引擎,False,True,False,0,,,not_involved,calculated（经验零）,,,,,36191；36192；36193；36194；36195；36196；36197；36198；36199
SRC-RAW-65F8A3AA58DBCA96FC6E,工业锅炉,1840,F03_NH3终态判定,参照生成程序及核算引擎,False,True,False,0,,,not_involved,calculated（经验零）,,,,,16886；16887；16888；16889；16890；16891；16892；16893；16894
SRC-RAW-F92F160DECAC98DECCC2,工业锅炉,1841,F03_NH3终态判定,参照生成程序及核算引擎,False,True,False,0,,,not_involved,calculated（经验零）,,,,,40745；40746；40747；40748；40749；40750；40751；40752；40753
SRC-RAW-9CD4BFD1780AF702BCCE,工业锅炉,1847,F03_NH3终态判定,参照生成程序及核算引擎,False,True,False,0,,,not_involved,calculated（经验零）,,,,,25886；25887；25888；25889；25890；25891；25892；25893；25894
SRC-RAW-46B0CDADAB674BDA4378,工业锅炉,1848,F03_NH3终态判定,参照生成程序及核算引擎,False,True,False,0,,,not_involved,calculated（经验零）,,,,,11648；11649；11650；11651；11652；11653；11654；11655；11656
SRC-RAW-9121992E803A49E9E205,工业锅炉,1849,F03_NH3终态判定,参照生成程序及核算引擎,False,True,False,0,,,not_involved,calculated（经验零）,,,,,23906；23907；23908；23909；23910；23911；23912；23913；23914
SRC-RAW-743F40101701DA67C278,工业锅炉,1850,F03_NH3终态判定,参照生成程序及核算引擎,False,True,False,0,,,not_involved,calculated（经验零）,,,,,19244；19245；19246；19247；19248；19249；19250；19251；19252
SRC-RAW-817513EC94EFE272C4E3,工业锅炉,1853,F03_NH3终态判定,参照生成程序及核算引擎,False,True,False,0,,,not_involved,calculated（经验零）,,,,,21404；21405；21406；21407；21408；21409；21410；21411；21412
SRC-RAW-F8F52823DF900D6EB1EF,工业锅炉,1854,F02_湿式治理成分遗漏；F03_NH3终态判定,规则包映射；参照生成程序及核算引擎,True,True,False,0,,机械+湿法除尘法,not_involved,calculated（经验零）,,,,,40718；40719；40720；40721；40722；40723；40724；40725；40726
SRC-RAW-F08FAB80B6413ACB8598,工业锅炉,1855,F03_NH3终态判定,参照生成程序及核算引擎,False,True,False,0,,,not_involved,calculated（经验零）,,,,,39152；39153；39154；39155；39156；39157；39158；39159；39160
SRC-RAW-82AE6EB133FCA18EA008,工业锅炉,1857,F02_湿式治理成分遗漏；F03_NH3终态判定,规则包映射；参照生成程序及核算引擎,True,True,False,0,,机械+湿法除尘法,not_involved,calculated（经验零）,,,,,21701；21702；21703；21704；21705；21706；21707；21708；21709
SRC-RAW-D2F87FB2ECBDF4439296,工业锅炉,1858,F02_湿式治理成分遗漏；F03_NH3终态判定,规则包映射；参照生成程序及核算引擎,True,True,False,4,PM10；PM2.5；BC；OC,机械+湿法除尘法,not_involved,calculated（经验零）,,,,,34292；34293；34294；34295；34296；34297；34298；34299；34300
SRC-RAW-B921109FB77E419C5D70,工业锅炉,1863,F03_NH3终态判定,参照生成程序及核算引擎,False,True,False,0,,,not_involved,calculated（经验零）,,,,,30386；30387；30388；30389；30390；30391；30392；30393；30394
SRC-RAW-37FA4AC21CF3D24B2557,工业锅炉,1866,F03_NH3终态判定,参照生成程序及核算引擎,False,True,False,0,,,not_involved,calculated（经验零）,,,,,9083；9084；9085；9086；9087；9088；9089；9090；9091
SRC-RAW-18E45A0318E3FFBF7B98,火电热力,1878,F04_治理候选关联待核,治理关联实现,False,False,True,0,,,,,DZGL,GYGL,0,2,4196；4197；4198；4199；4200；4201；4202；4203；4204
SRC-RAW-646F4C05C12887870A23,工业锅炉,1879,F02_湿式治理成分遗漏；F03_NH3终态判定,规则包映射；参照生成程序及核算引擎,True,True,False,0,,机械+湿法除尘法,not_involved,calculated（经验零）,,,,,16607；16608；16609；16610；16611；16612；16613；16614；16615
SRC-RAW-3130847D4368455A730B,工业锅炉,1883,F02_湿式治理成分遗漏；F03_NH3终态判定,规则包映射；参照生成程序及核算引擎,True,True,False,0,,机械+湿法除尘脱硫,not_involved,calculated（经验零）,,,,,7976；7977；7978；7979；7980；7981；7982；7983；7984
SRC-RAW-B6D097FDD8C2330D09F8,工业锅炉,1885,F03_NH3终态判定,参照生成程序及核算引擎,False,True,False,0,,,not_involved,calculated（经验零）,,,,,30053；30054；30055；30056；30057；30058；30059；30060；30061
SRC-RAW-A7F3BCC4C40EE64E8A63,火电热力,1889,F03_NH3终态判定,参照生成程序及核算引擎,False,True,False,0,,,not_involved,calculated（经验零）,,,,,27668；27669；27670；27671；27672；27673；27674；27675；27676
SRC-RAW-80D290DDA79AA8B3BD4F,火电热力,1890,F03_NH3终态判定,参照生成程序及核算引擎,False,True,False,0,,,not_involved,calculated（经验零）,,,,,21260；21261；21262；21263；21264；21265；21266；21267；21268
SRC-RAW-54F9E46535B7EE312CBD,火电热力,1891,F03_NH3终态判定,参照生成程序及核算引擎,False,True,False,0,,,not_involved,calculated（经验零）,,,,,13925；13926；13927；13928；13929；13930；13931；13932；13933
SRC-RAW-0AF6331A11D3D11BD4D1,火电热力,1892,F03_NH3终态判定,参照生成程序及核算引擎,False,True,False,0,,,not_involved,calculated（经验零）,,,,,1784；1785；1786；1787；1788；1789；1790；1791；1792
SRC-RAW-75A7AB89B30441D1F77D,工业锅炉,1893,F03_NH3终态判定,参照生成程序及核算引擎,False,True,False,0,,,not_involved,calculated（经验零）,,,,,19370；19371；19372；19373；19374；19375；19376；19377；19378
SRC-RAW-21CAF03E52D608D455F5,工业锅炉,1895,F03_NH3终态判定,参照生成程序及核算引擎,False,True,False,0,,,not_involved,calculated（经验零）,,,,,5654；5655；5656；5657；5658；5659；5660；5661；5662
SRC-RAW-8A1B5935CC6200241332,工业锅炉,1897,F03_NH3终态判定,参照生成程序及核算引擎,False,True,False,0,,,not_involved,calculated（经验零）,,,,,22844；22845；22846；22847；22848；22849；22850；22851；22852
SRC-RAW-3042C63E9849155B0925,工业锅炉,1899,F03_NH3终态判定,参照生成程序及核算引擎,False,True,False,0,,,not_involved,calculated（经验零）,,,,,7868；7869；7870；7871；7872；7873；7874；7875；7876
SRC-RAW-0E15F50E5F976EAA1890,工业锅炉,1902,F03_NH3终态判定,参照生成程序及核算引擎,False,True,False,0,,,not_involved,calculated（经验零）,,,,,2333；2334；2335；2336；2337；2338；2339；2340；2341
SRC-RAW-E5BFCD7A29CEC2B7A216,工业锅炉,1904,F03_NH3终态判定,参照生成程序及核算引擎,False,True,False,0,,,not_involved,calculated（经验零）,,,,,37388；37389；37390；37391；37392；37393；37394；37395；37396
SRC-RAW-9C257CDB65577FEE6DF9,工业锅炉,1905,F02_湿式治理成分遗漏；F03_NH3终态判定,规则包映射；参照生成程序及核算引擎,True,True,False,5,SO2；PM10；PM2.5；BC；OC,机械+湿法除尘脱硫,not_involved,calculated（经验零）,,,,,25733；25734；25735；25736；25737；25738；25739；25740；25741
SRC-RAW-8CBE27BA219BED5E4192,工业锅炉,1906,F02_湿式治理成分遗漏；F03_NH3终态判定,规则包映射；参照生成程序及核算引擎,True,True,False,0,,机械+湿法除尘法,not_involved,calculated（经验零）,,,,,23339；23340；23341；23342；23343；23344；23345；23346；23347
SRC-RAW-AFDB2F69DD021732280B,工业锅炉,1909,F03_NH3终态判定,参照生成程序及核算引擎,False,True,False,0,,,not_involved,calculated（经验零）,,,,,28865；28866；28867；28868；28869；28870；28871；28872；28873
SRC-RAW-44A4C7A2B93159C1E3F9,工业锅炉,1911,F02_湿式治理成分遗漏,规则包映射,True,False,False,0,,机械+湿法除尘法,,,,,,,11288；11289；11290；11291；11292；11293；11294；11295；11296
SRC-RAW-36037EDD3D5B7E487309,工业锅炉,1916,F03_NH3终态判定,参照生成程序及核算引擎,False,True,False,0,,,not_involved,calculated（经验零）,,,,,8705；8706；8707；8708；8709；8710；8711；8712；8713
SRC-RAW-9EFC121F784DF5C6F78C,工业锅炉,1917,F03_NH3终态判定,参照生成程序及核算引擎,False,True,False,0,,,not_involved,calculated（经验零）,,,,,26264；26265；26266；26267；26268；26269；26270；26271；26272
SRC-RAW-447FBEA00511E8F78A82,工业锅炉,1918,F02_湿式治理成分遗漏；F03_NH3终态判定,规则包映射；参照生成程序及核算引擎,True,True,False,0,,机械+湿法除尘法,not_involved,calculated（经验零）,,,,,11252；11253；11254；11255；11256；11257；11258；11259；11260
SRC-RAW-E21EA0C1A54C29600821,工业锅炉,1920,F02_湿式治理成分遗漏；F03_NH3终态判定,规则包映射；参照生成程序及核算引擎,True,True,False,0,,机械+湿法除尘法,not_involved,calculated（经验零）,,,,,36902；36903；36904；36905；36906；36907；36908；36909；36910
SRC-RAW-D416F9DD021BA74195D5,工业锅炉,2056,F03_NH3终态判定,参照生成程序及核算引擎,False,True,False,0,,,not_involved,calculated（经验零）,,,,,34499；34500；34501；34502；34503；34504；34505；34506；34507
SRC-RAW-1A019E18811F4036A320,工业锅炉,2097,F03_NH3终态判定,参照生成程序及核算引擎,False,True,False,0,,,not_involved,calculated（经验零）,,,,,4412；4413；4414；4415；4416；4417；4418；4419；4420
SRC-RAW-DBB8F6B93FFAAEBD7D49,工业锅炉,2116,F03_NH3终态判定,参照生成程序及核算引擎,False,True,False,0,,,not_involved,calculated（经验零）,,,,,35849；35850；35851；35852；35853；35854；35855；35856；35857
SRC-RAW-E0C077F6D14BF5A97FCF,工业锅炉,2305,F03_NH3终态判定,参照生成程序及核算引擎,False,True,False,0,,,not_involved,calculated（经验零）,,,,,36668；36669；36670；36671；36672；36673；36674；36675；36676
SRC-RAW-28715943841D3E2AA3FF,工业锅炉,2361,F04_治理候选关联待核,治理关联实现,False,False,True,0,,,,,GYGL,DZGL,3,0,6581；6582；6583；6584；6585；6586；6587；6588；6589
SRC-RAW-54119B9BA5BEAAE4952E,工业锅炉,2362,F04_治理候选关联待核,治理关联实现,False,False,True,0,,,,,GYGL,DZGL,3,0,13754；13755；13756；13757；13758；13759；13760；13761；13762
SRC-RAW-B51CDF0046C21231F1AC,工业锅炉,2363,F04_治理候选关联待核,治理关联实现,False,False,True,0,,,,,GYGL,DZGL,3,0,29666；29667；29668；29669；29670；29671；29672；29673；29674
SRC-RAW-F1220029AD887E209B43,工业锅炉,2635,F03_NH3终态判定,参照生成程序及核算引擎,False,True,False,0,,,not_involved,calculated（经验零）,,,,,39242；39243；39244；39245；39246；39247；39248；39249；39250
SRC-RAW-7057245F3E3F239AD204,工业锅炉,2638,F04_治理候选关联待核,治理关联实现,False,False,True,0,,,,,GYGL,DZGL,0,3,18551；18552；18553；18554；18555；18556；18557；18558；18559
SRC-RAW-FD79BD3BADBA834EA813,工业锅炉,2639,F04_治理候选关联待核,治理关联实现,False,False,True,0,,,,,GYGL,DZGL,0,3,41483；41484；41485；41486；41487；41488；41489；41490；41491
SRC-RAW-0D301274CFA9EB4D2854,工业锅炉,2640,F04_治理候选关联待核,治理关联实现,False,False,True,0,,,,,GYGL,DZGL,0,3,2189；2190；2191；2192；2193；2194；2195；2196；2197
SRC-RAW-335C1877B1077DD809D5,工业锅炉,2655,F04_治理候选关联待核,治理关联实现,False,False,True,0,,,,,GYGL,DZGL,0,3,8300；8301；8302；8303；8304；8305；8306；8307；8308
SRC-RAW-1BF474C507E9F04CF42E,工业锅炉,2670,F04_治理候选关联待核,治理关联实现,False,False,True,0,,,,,GYGL,DZGL,0,3,4799；4800；4801；4802；4803；4804；4805；4806；4807
SRC-RAW-5EB562E3FFA0E13B0AC2,工业锅炉,2686,F04_治理候选关联待核,治理关联实现,False,False,True,0,,,,,GYGL,DZGL,0,3,15653；15654；15655；15656；15657；15658；15659；15660；15661
SRC-RAW-1FD4343BD9C1A56DAB29,工业锅炉,2687,F04_治理候选关联待核,治理关联实现,False,False,True,0,,,,,GYGL,DZGL,0,6,5429；5430；5431；5432；5433；5434；5435；5436；5437
SRC-RAW-2978FB24041E22A2EE51,工业锅炉,2688,F04_治理候选关联待核,治理关联实现,False,False,True,0,,,,,GYGL,DZGL,0,6,6743；6744；6745；6746；6747；6748；6749；6750；6751
SRC-RAW-93B032DE97655D5110C6,工业锅炉,2695,F03_NH3终态判定,参照生成程序及核算引擎,False,True,False,0,,,not_involved,calculated（经验零）,,,,,24338；24339；24340；24341；24342；24343；24344；24345；24346
SRC-RAW-E6F864CEE3D716932DE6,工业锅炉,2696,F03_NH3终态判定,参照生成程序及核算引擎,False,True,False,0,,,not_involved,calculated（经验零）,,,,,37541；37542；37543；37544；37545；37546；37547；37548；37549
SRC-RAW-6B3646609D58950A5DAC,工业锅炉,2697,F03_NH3终态判定,参照生成程序及核算引擎,False,True,False,0,,,not_involved,calculated（经验零）,,,,,17768；17769；17770；17771；17772；17773；17774；17775；17776
SRC-RAW-F6A289C8361F708E7ECD,工业锅炉,2698,F03_NH3终态判定,参照生成程序及核算引擎,False,True,False,0,,,not_involved,calculated（经验零）,,,,,40295；40296；40297；40298；40299；40300；40301；40302；40303
SRC-RAW-C0BDF62A7EABF6E5A5C7,工业锅炉,2726,F04_治理候选关联待核,治理关联实现,False,False,True,0,,,,,GYGL,DZGL,3,0,31619；31620；31621；31622；31623；31624；31625；31626；31627
SRC-RAW-359C6F5F973D7A831907,工业锅炉,2730,F03_NH3终态判定,参照生成程序及核算引擎,False,True,False,0,,,not_involved,calculated（经验零）,,,,,8678；8679；8680；8681；8682；8683；8684；8685；8686
SRC-RAW-E554E034D7527B6F1FF6,工业锅炉,2731,F03_NH3终态判定,参照生成程序及核算引擎,False,True,False,0,,,not_involved,calculated（经验零）,,,,,37316；37317；37318；37319；37320；37321；37322；37323；37324
SRC-RAW-8188683F65489B0CDE6C,工业锅炉,2738,F03_NH3终态判定,参照生成程序及核算引擎,False,True,False,0,,,not_involved,calculated（经验零）,,,,,21413；21414；21415；21416；21417；21418；21419；21420；21421
SRC-RAW-D06879EDD4051369656A,火电热力,2745,F04_治理候选关联待核,治理关联实现,False,False,True,0,,,,,DZGL,GYGL,0,2,33959；33960；33961；33962；33963；33964；33965；33966；33967
SRC-RAW-CE512E072868B79C26FD,火电热力,2746,F04_治理候选关联待核,治理关联实现,False,False,True,0,,,,,DZGL,GYGL,0,2,33617；33618；33619；33620；33621；33622；33623；33624；33625
SRC-RAW-701DFEA81EC8DE6913A8,工业锅炉,2804,F03_NH3终态判定,参照生成程序及核算引擎,False,True,False,0,,,not_involved,calculated（经验零）,,,,,18497；18498；18499；18500；18501；18502；18503；18504；18505
SRC-RAW-3773392A01F3A2325FB8,工业锅炉,2808,F04_治理候选关联待核,治理关联实现,False,False,True,0,,,,,GYGL,DZGL,0,3,8912；8913；8914；8915；8916；8917；8918；8919；8920
SRC-RAW-E15DB01DCBB71669921A,工业锅炉,2810,F03_NH3终态判定,参照生成程序及核算引擎,False,True,False,0,,,not_involved,calculated（经验零）,,,,,36785；36786；36787；36788；36789；36790；36791；36792；36793
SRC-RAW-570F09E022C953AB412E,工业锅炉,2811,F03_NH3终态判定,参照生成程序及核算引擎,False,True,False,0,,,not_involved,calculated（经验零）,,,,,14303；14304；14305；14306；14307；14308；14309；14310；14311
SRC-RAW-9ABC48AF22E5E29A5A80,工业锅炉,2838,F03_NH3终态判定,参照生成程序及核算引擎,False,True,False,0,,,not_involved,calculated（经验零）,,,,,25517；25518；25519；25520；25521；25522；25523；25524；25525
SRC-RAW-B960A302E802DF2B774D,工业锅炉,2839,F03_NH3终态判定,参照生成程序及核算引擎,False,True,False,0,,,not_involved,calculated（经验零）,,,,,30440；30441；30442；30443；30444；30445；30446；30447；30448
SRC-RAW-58D392F757D993DA26E3,工业锅炉,2840,F03_NH3终态判定,参照生成程序及核算引擎,False,True,False,0,,,not_involved,calculated（经验零）,,,,,14636；14637；14638；14639；14640；14641；14642；14643；14644
SRC-RAW-B5908C0301AA9D0E6E94,工业锅炉,2841,F04_治理候选关联待核,治理关联实现,False,False,True,0,,,,,GYGL,DZGL,2,0,29801；29802；29803；29804；29805；29806；29807；29808；29809
SRC-RAW-D14BA715E55C24E291A7,工业锅炉,2880,F03_NH3终态判定,参照生成程序及核算引擎,False,True,False,0,,,not_involved,calculated（经验零）,,,,,34130；34131；34132；34133；34134；34135；34136；34137；34138
SRC-RAW-B3213B6CA969CD54A800,工业锅炉,2903,F03_NH3终态判定,参照生成程序及核算引擎,False,True,False,0,,,not_involved,calculated（经验零）,,,,,29378；29379；29380；29381；29382；29383；29384；29385；29386
SRC-RAW-B4ADA3FD95BF8CF2C554,工业锅炉,2956,F02_湿式治理成分遗漏；F03_NH3终态判定,规则包映射；参照生成程序及核算引擎,True,True,False,0,,机械+湿法除尘法,not_involved,calculated（经验零）,,,,,29576；29577；29578；29579；29580；29581；29582；29583；29584
SRC-RAW-0380C629EC4DDD7F3CE7,工业锅炉,2960,F03_NH3终态判定,参照生成程序及核算引擎,False,True,False,0,,,not_involved,calculated（经验零）,,,,,578；579；580；581；582；583；584；585；586
SRC-RAW-82B5E171E5A1637B8B24,工业锅炉,2971,F04_治理候选关联待核,治理关联实现,False,False,True,0,,,,,GYGL,DZGL,0,3,21719；21720；21721；21722；21723；21724；21725；21726；21727
SRC-RAW-A69675A381C3F18A8EFC,工业锅炉,2978,F04_治理候选关联待核,治理关联实现,False,False,True,0,,,,,GYGL,DZGL,0,12,27488；27489；27490；27491；27492；27493；27494；27495；27496
SRC-RAW-0A1C442720A5D0A0B25E,工业锅炉,2979,F04_治理候选关联待核,治理关联实现,False,False,True,0,,,,,GYGL,DZGL,0,12,1622；1623；1624；1625；1626；1627；1628；1629；1630
SRC-RAW-618565C484D6DB8278DB,工业锅炉,2980,F04_治理候选关联待核,治理关联实现,False,False,True,0,,,,,GYGL,DZGL,0,12,16040；16041；16042；16043；16044；16045；16046；16047；16048
SRC-RAW-AD3321CD5519C4AFA0B9,工业锅炉,2981,F04_治理候选关联待核,治理关联实现,False,False,True,0,,,,,GYGL,DZGL,0,12,28388；28389；28390；28391；28392；28393；28394；28395；28396
SRC-RAW-1B4454155E3E441B9D8D,工业锅炉,2990,F03_NH3终态判定,参照生成程序及核算引擎,False,True,False,0,,,not_involved,calculated（经验零）,,,,,4664；4665；4666；4667；4668；4669；4670；4671；4672
SRC-RAW-73110D32EB4CDA304ABB,工业锅炉,2992,F03_NH3终态判定,参照生成程序及核算引擎,False,True,False,0,,,not_involved,calculated（经验零）,,,,,19019；19020；19021；19022；19023；19024；19025；19026；19027
SRC-RAW-1EB7C13F069907F85625,火电热力,2997,F03_NH3终态判定,参照生成程序及核算引擎,False,True,False,0,,,not_involved,calculated（经验零）,,,,,5195；5196；5197；5198；5199；5200；5201；5202；5203
SRC-RAW-3873ED2380D11ED91A77,火电热力,2998,F03_NH3终态判定,参照生成程序及核算引擎,False,True,False,0,,,not_involved,calculated（经验零）,,,,,9155；9156；9157；9158；9159；9160；9161；9162；9163
SRC-RAW-4EBBE2E88B7A42C41150,工业锅炉,3043,F04_治理候选关联待核,治理关联实现,False,False,True,0,,,,,GYGL,DZGL,0,2,12926；12927；12928；12929；12930；12931；12932；12933；12934
SRC-RAW-7452B425E0731BA4BBD2,工业锅炉,3044,F04_治理候选关联待核,治理关联实现,False,False,True,0,,,,,GYGL,DZGL,0,2,19253；19254；19255；19256；19257；19258；19259；19260；19261
SRC-RAW-95B625A17C5D341D28C2,工业锅炉,3045,F04_治理候选关联待核,治理关联实现,False,False,True,0,,,,,GYGL,DZGL,0,2,24725；24726；24727；24728；24729；24730；24731；24732；24733
SRC-RAW-DAEA899F623DBE4006C6,工业锅炉,3046,F04_治理候选关联待核,治理关联实现,False,False,True,0,,,,,GYGL,DZGL,0,2,35732；35733；35734；35735；35736；35737；35738；35739；35740
SRC-RAW-8A769848E39A4E232A92,工业锅炉,3047,F04_治理候选关联待核,治理关联实现,False,False,True,0,,,,,GYGL,DZGL,0,12,22889；22890；22891；22892；22893；22894；22895；22896；22897
SRC-RAW-7E2E36EA91A2F6850F7C,工业锅炉,3048,F04_治理候选关联待核,治理关联实现,False,False,True,0,,,,,GYGL,DZGL,0,12,20801；20802；20803；20804；20805；20806；20807；20808；20809
SRC-RAW-73ED7D681FC9EE9EE200,工业锅炉,3049,F04_治理候选关联待核,治理关联实现,False,False,True,0,,,,,GYGL,DZGL,0,12,19172；19173；19174；19175；19176；19177；19178；19179；19180
SRC-RAW-6B8DD9A6ED25B850DE12,工业锅炉,3050,F04_治理候选关联待核,治理关联实现,False,False,True,0,,,,,GYGL,DZGL,0,12,17813；17814；17815；17816；17817；17818；17819；17820；17821
SRC-RAW-6A9A6E219B1F23BE8769,工业锅炉,3053,F04_治理候选关联待核,治理关联实现,False,False,True,0,,,,,GYGL,DZGL,0,3,17678；17679；17680；17681；17682；17683；17684；17685；17686
SRC-RAW-93CE55C0174278EDEF6C,工业锅炉,3073,F03_NH3终态判定,参照生成程序及核算引擎,False,True,False,0,,,not_involved,calculated（经验零）,,,,,24374；24375；24376；24377；24378；24379；24380；24381；24382
SRC-RAW-008874CA96532DE69412,火电热力,3106,F04_治理候选关联待核,治理关联实现,False,False,True,0,,,,,DZGL,GYGL,0,2,74；75；76；77；78；79；80；81；82
SRC-RAW-19243970285876D8A16A,火电热力,3124,F03_NH3终态判定,参照生成程序及核算引擎,False,True,False,0,,,not_involved,calculated（经验零）,,,,,4241；4242；4243；4244；4245；4246；4247；4248；4249
SRC-RAW-36EAF9C679177C3289B0,火电热力,3125,F03_NH3终态判定,参照生成程序及核算引擎,False,True,False,0,,,not_involved,calculated（经验零）,,,,,8840；8841；8842；8843；8844；8845；8846；8847；8848
SRC-RAW-8CA8D5C1B75AFE3065FA,工业锅炉,3126,F03_NH3终态判定,参照生成程序及核算引擎,False,True,False,0,,,not_involved,calculated（经验零）,,,,,23321；23322；23323；23324；23325；23326；23327；23328；23329
SRC-RAW-25D8A18C654764C34610,工业锅炉,3127,F03_NH3终态判定,参照生成程序及核算引擎,False,True,False,0,,,not_involved,calculated（经验零）,,,,,6203；6204；6205；6206；6207；6208；6209；6210；6211
SRC-RAW-73C97D813A584BCC6299,工业锅炉,3132,F04_治理候选关联待核,治理关联实现,False,False,True,0,,,,,GYGL,DZGL,0,2,19145；19146；19147；19148；19149；19150；19151；19152；19153
SRC-RAW-03ABB1AEDFD3D9F93EC2,工业锅炉,3133,F04_治理候选关联待核,治理关联实现,False,False,True,0,,,,,GYGL,DZGL,0,3,605；606；607；608；609；610；611；612；613
SRC-RAW-9DE65DF9B36AA19EAFB2,工业锅炉,3134,F04_治理候选关联待核,治理关联实现,False,False,True,0,,,,,GYGL,DZGL,0,3,26120；26121；26122；26123；26124；26125；26126；26127；26128
SRC-RAW-8099EA4E9D59B114EDF6,工业锅炉,3135,F04_治理候选关联待核,治理关联实现,False,False,True,0,,,,,GYGL,DZGL,0,3,21224；21225；21226；21227；21228；21229；21230；21231；21232
SRC-RAW-FBC6A863EC966C6D4697,工业锅炉,3167,F03_NH3终态判定,参照生成程序及核算引擎,False,True,False,0,,,not_involved,calculated（经验零）,,,,,41069；41070；41071；41072；41073；41074；41075；41076；41077
SRC-RAW-0109432DE0E295CD5108,火电热力,3188,F03_NH3终态判定,参照生成程序及核算引擎,False,True,False,0,,,not_involved,calculated（经验零）,,,,,155；156；157；158；159；160；161；162；163
SRC-RAW-FCE03F847AF31F5EF8CA,火电热力,3189,F03_NH3终态判定,参照生成程序及核算引擎,False,True,False,0,,,not_involved,calculated（经验零）,,,,,41321；41322；41323；41324；41325；41326；41327；41328；41329
SRC-RAW-994B355570EDFB2B8E4A,火电热力,3191,F03_NH3终态判定,参照生成程序及核算引擎,False,True,False,0,,,not_involved,calculated（经验零）,,,,,25319；25320；25321；25322；25323；25324；25325；25326；25327
SRC-RAW-2031C9CF41A78A40DCC9,火电热力,3192,F03_NH3终态判定,参照生成程序及核算引擎,False,True,False,0,,,not_involved,calculated（经验零）,,,,,5519；5520；5521；5522；5523；5524；5525；5526；5527
SRC-RAW-0CE8D8ABDD013A9A4978,火电热力,3193,F03_NH3终态判定,参照生成程序及核算引擎,False,True,False,0,,,not_involved,calculated（经验零）,,,,,2144；2145；2146；2147；2148；2149；2150；2151；2152
SRC-RAW-D8333CABBDCF22B6AB37,工业锅炉,3194,F04_治理候选关联待核,治理关联实现,False,False,True,0,,,,,GYGL,DZGL,0,3,35210；35211；35212；35213；35214；35215；35216；35217；35218
SRC-RAW-78AF19BE69568FDAA025,工业锅炉,3195,F04_治理候选关联待核,治理关联实现,False,False,True,0,,,,,GYGL,DZGL,0,3,19892；19893；19894；19895；19896；19897；19898；19899；19900
SRC-RAW-ACC54AF3A51272441AAE,工业锅炉,3213,F04_治理候选关联待核,治理关联实现,False,False,True,0,,,,,GYGL,DZGL,3,0,28298；28299；28300；28301；28302；28303；28304；28305；28306
SRC-RAW-FC093BE0133ABAA26D04,工业锅炉,3214,F04_治理候选关联待核,治理关联实现,False,False,True,0,,,,,GYGL,DZGL,3,0,41123；41124；41125；41126；41127；41128；41129；41130；41131
SRC-RAW-820EE5B241C017792DBD,工业锅炉,3229,F03_NH3终态判定,参照生成程序及核算引擎,False,True,False,0,,,not_involved,calculated（经验零）,,,,,21521；21522；21523；21524；21525；21526；21527；21528；21529
SRC-RAW-99293698992DBFEBD85E,火电热力,3259,F04_治理候选关联待核,治理关联实现,False,False,True,0,,,,,DZGL,GYGL,3,0,25274；25275；25276；25277；25278；25279；25280；25281；25282
SRC-RAW-646972BF5DBEF8784EA3,火电热力,3284,F04_治理候选关联待核,治理关联实现,False,False,True,0,,,,,DZGL,GYGL,0,3,16589；16590；16591；16592；16593；16594；16595；16596；16597
SRC-RAW-2ACE0CAADC82D19FC682,火电热力,3285,F04_治理候选关联待核,治理关联实现,False,False,True,0,,,,,DZGL,GYGL,0,3,6923；6924；6925；6926；6927；6928；6929；6930；6931
SRC-RAW-6F501A6BB6E4BD246D1D,火电热力,3286,F04_治理候选关联待核,治理关联实现,False,False,True,0,,,,,DZGL,GYGL,0,3,18407；18408；18409；18410；18411；18412；18413；18414；18415
SRC-RAW-24E2C8F85D041A7DDEA0,工业锅炉,3355,F03_NH3终态判定,参照生成程序及核算引擎,False,True,False,0,,,not_involved,calculated（经验零）,,,,,6059；6060；6061；6062；6063；6064；6065；6066；6067
SRC-RAW-2176187F1A41EC1F36DD,工业锅炉,3413,F04_治理候选关联待核,治理关联实现,False,False,True,0,,,,,GYGL,DZGL,4,3,5627；5628；5629；5630；5631；5632；5633；5634；5635
SRC-RAW-8377125F18F12506D367,工业锅炉,3439,F03_NH3终态判定,参照生成程序及核算引擎,False,True,False,0,,,not_involved,calculated（经验零）,,,,,21827；21828；21829；21830；21831；21832；21833；21834；21835
SRC-RAW-A070D68673392E11AE9E,工业锅炉,3453,F03_NH3终态判定,参照生成程序及核算引擎,False,True,False,0,,,not_involved,calculated（经验零）,,,,,26606；26607；26608；26609；26610；26611；26612；26613；26614
SRC-RAW-5370869516B1CF95C5AB,工业锅炉,3454,F03_NH3终态判定,参照生成程序及核算引擎,False,True,False,0,,,not_involved,calculated（经验零）,,,,,13628；13629；13630；13631；13632；13633；13634；13635；13636
SRC-RAW-67410B8672B15BCF6B7D,工业锅炉,3475,F03_NH3终态判定,参照生成程序及核算引擎,False,True,False,0,,,not_involved,calculated（经验零）,,,,,17093；17094；17095；17096；17097；17098；17099；17100；17101
SRC-RAW-D2F4F92D0954B6DA756E,工业锅炉,3476,F03_NH3终态判定,参照生成程序及核算引擎,False,True,False,0,,,not_involved,calculated（经验零）,,,,,34283；34284；34285；34286；34287；34288；34289；34290；34291
SRC-RAW-38D55BB8E485BFCBEC71,工业锅炉,3477,F03_NH3终态判定,参照生成程序及核算引擎,False,True,False,0,,,not_involved,calculated（经验零）,,,,,9227；9228；9229；9230；9231；9232；9233；9234；9235
SRC-RAW-D4530217F879F9441125,工业锅炉,3551,F03_NH3终态判定,参照生成程序及核算引擎,False,True,False,0,,,not_involved,calculated（经验零）,,,,,34544；34545；34546；34547；34548；34549；34550；34551；34552
SRC-RAW-11106FC4ED2D1C1D77C3,工业锅炉,3613,F03_NH3终态判定,参照生成程序及核算引擎,False,True,False,0,,,not_involved,calculated（经验零）,,,,,2855；2856；2857；2858；2859；2860；2861；2862；2863
SRC-RAW-69B1D469AF1B6A7C5298,工业锅炉,3614,F03_NH3终态判定,参照生成程序及核算引擎,False,True,False,0,,,not_involved,calculated（经验零）,,,,,17516；17517；17518；17519；17520；17521；17522；17523；17524
SRC-RAW-57AC888C3400CDB174B6,工业锅炉,3620,F03_NH3终态判定,参照生成程序及核算引擎,False,True,False,0,,,not_involved,calculated（经验零）,,,,,14429；14430；14431；14432；14433；14434；14435；14436；14437
SRC-RAW-52F0EF27AF815A7B2D1C,火电热力,3669,F04_治理候选关联待核,治理关联实现,False,False,True,0,,,,,DZGL,GYGL,0,3,13538；13539；13540；13541；13542；13543；13544；13545；13546
SRC-RAW-1B95D2CA3FCBF36608A1,工业锅炉,3755,F03_NH3终态判定,参照生成程序及核算引擎,False,True,False,0,,,not_involved,calculated（经验零）,,,,,4709；4710；4711；4712；4713；4714；4715；4716；4717
SRC-RAW-A76B7757E313A9932413,工业锅炉,3756,F03_NH3终态判定,参照生成程序及核算引擎,False,True,False,0,,,not_involved,calculated（经验零）,,,,,27605；27606；27607；27608；27609；27610；27611；27612；27613
SRC-RAW-047C6273DD06796C5C23,工业锅炉,3771,F03_NH3终态判定,参照生成程序及核算引擎,False,True,False,0,,,not_involved,calculated（经验零）,,,,,740；741；742；743；744；745；746；747；748
SRC-RAW-4FA3C26E8875FD34E1E8,工业锅炉,3772,F03_NH3终态判定,参照生成程序及核算引擎,False,True,False,0,,,not_involved,calculated（经验零）,,,,,13043；13044；13045；13046；13047；13048；13049；13050；13051
SRC-RAW-A015A5ABFFB14433B3D1,工业锅炉,3800,F04_治理候选关联待核,治理关联实现,False,False,True,0,,,,,GYGL,DZGL,0,5,26525；26526；26527；26528；26529；26530；26531；26532；26533
SRC-RAW-575570EC8DB517AA8CF5,工业锅炉,3801,F04_治理候选关联待核,治理关联实现,False,False,True,0,,,,,GYGL,DZGL,0,5,14366；14367；14368；14369；14370；14371；14372；14373；14374
SRC-RAW-B2D12B18EDD6CCA26046,工业锅炉,3802,F04_治理候选关联待核,治理关联实现,False,False,True,0,,,,,GYGL,DZGL,0,5,29333；29334；29335；29336；29337；29338；29339；29340；29341
SRC-RAW-01336EF744A5681D73EF,工业锅炉,3803,F04_治理候选关联待核,治理关联实现,False,False,True,0,,,,,GYGL,DZGL,0,5,191；192；193；194；195；196；197；198；199
SRC-RAW-07BACD2475FBECD5911D,工业锅炉,3804,F04_治理候选关联待核,治理关联实现,False,False,True,0,,,,,GYGL,DZGL,0,5,1235；1236；1237；1238；1239；1240；1241；1242；1243
SRC-RAW-D4FF57BA0C9E6F57EBEF,工业锅炉,3805,F04_治理候选关联待核,治理关联实现,False,False,True,0,,,,,GYGL,DZGL,0,5,34688；34689；34690；34691；34692；34693；34694；34695；34696
SRC-RAW-08487A23413ABD86C756,工业锅炉,3806,F04_治理候选关联待核,治理关联实现,False,False,True,0,,,,,GYGL,DZGL,0,5,1352；1353；1354；1355；1356；1357；1358；1359；1360
SRC-RAW-B6B4839CDCF33FE98EFA,工业锅炉,3839,F03_NH3终态判定,参照生成程序及核算引擎,False,True,False,0,,,not_involved,calculated（经验零）,,,,,29999；30000；30001；30002；30003；30004；30005；30006；30007
SRC-RAW-2CA83F3109A175A47C42,工业锅炉,3854,F03_NH3终态判定,参照生成程序及核算引擎,False,True,False,0,,,not_involved,calculated（经验零）,,,,,7265；7266；7267；7268；7269；7270；7271；7272；7273
SRC-RAW-37F0982A1ADBD5518794,火电热力,3892,F04_治理候选关联待核,治理关联实现,False,False,True,0,,,,,DZGL,GYGL,0,3,9065；9066；9067；9068；9069；9070；9071；9072；9073
SRC-RAW-DE064C6CB36668D04305,火电热力,3893,F04_治理候选关联待核,治理关联实现,False,False,True,0,,,,,DZGL,GYGL,0,3,36173；36174；36175；36176；36177；36178；36179；36180；36181
SRC-RAW-9DB0FCA44BB323504B82,工业锅炉,3910,F03_NH3终态判定,参照生成程序及核算引擎,False,True,False,0,,,not_involved,calculated（经验零）,,,,,26066；26067；26068；26069；26070；26071；26072；26073；26074
SRC-RAW-52E07F5C31FBAB39185B,工业锅炉,3945,F03_NH3终态判定,参照生成程序及核算引擎,False,True,False,0,,,not_involved,calculated（经验零）,,,,,13511；13512；13513；13514；13515；13516；13517；13518；13519
SRC-RAW-5DD8916B496891A18FEE,工业锅炉,3996,F03_NH3终态判定,参照生成程序及核算引擎,False,True,False,0,,,not_involved,calculated（经验零）,,,,,15500；15501；15502；15503；15504；15505；15506；15507；15508
SRC-RAW-BE2999A8F9E6B8742D32,工业锅炉,3997,F03_NH3终态判定,参照生成程序及核算引擎,False,True,False,0,,,not_involved,calculated（经验零）,,,,,31214；31215；31216；31217；31218；31219；31220；31221；31222
SRC-RAW-E18FF30F3E908AAEF694,工业锅炉,3998,F03_NH3终态判定,参照生成程序及核算引擎,False,True,False,0,,,not_involved,calculated（经验零）,,,,,36803；36804；36805；36806；36807；36808；36809；36810；36811
SRC-RAW-728FC7518876112004D5,工业锅炉,4063,F03_NH3终态判定,参照生成程序及核算引擎,False,True,False,0,,,not_involved,calculated（经验零）,,,,,18920；18921；18922；18923；18924；18925；18926；18927；18928
SRC-RAW-10A13A1E06AB380CB6A7,工业锅炉,4089,F03_NH3终态判定,参照生成程序及核算引擎,False,True,False,0,,,not_involved,calculated（经验零）,,,,,2792；2793；2794；2795；2796；2797；2798；2799；2800
SRC-RAW-D374030AB2314D664E08,工业锅炉,4090,F03_NH3终态判定,参照生成程序及核算引擎,False,True,False,0,,,not_involved,calculated（经验零）,,,,,34382；34383；34384；34385；34386；34387；34388；34389；34390
SRC-RAW-D4572E2B07FC911E6C1A,工业锅炉,4113,F03_NH3终态判定,参照生成程序及核算引擎,False,True,False,0,,,not_involved,calculated（经验零）,,,,,34553；34554；34555；34556；34557；34558；34559；34560；34561
SRC-RAW-C2BE736B5CB2FADAA9BC,工业锅炉,4115,F04_治理候选关联待核,治理关联实现,False,False,True,0,,,,,GYGL,DZGL,0,3,31979；31980；31981；31982；31983；31984；31985；31986；31987
SRC-RAW-86D92D6F395BAB605153,工业锅炉,4201,F03_NH3终态判定,参照生成程序及核算引擎,False,True,False,0,,,not_involved,calculated（经验零）,,,,,22367；22368；22369；22370；22371；22372；22373；22374；22375
SRC-RAW-42641097AF253E1615D3,工业锅炉,4241,F03_NH3终态判定,参照生成程序及核算引擎,False,True,False,0,,,not_involved,calculated（经验零）,,,,,10847；10848；10849；10850；10851；10852；10853；10854；10855
SRC-RAW-B489222605488C21FC3D,工业锅炉,4267,F03_NH3终态判定,参照生成程序及核算引擎,False,True,False,0,,,not_involved,calculated（经验零）,,,,,29558；29559；29560；29561；29562；29563；29564；29565；29566
SRC-RAW-78D3BC298F6AC43A9719,工业锅炉,4268,F03_NH3终态判定,参照生成程序及核算引擎,False,True,False,0,,,not_involved,calculated（经验零）,,,,,19901；19902；19903；19904；19905；19906；19907；19908；19909
SRC-RAW-6BBB6246129B49B9361A,工业锅炉,4276,F03_NH3终态判定,参照生成程序及核算引擎,False,True,False,0,,,not_involved,calculated（经验零）,,,,,17831；17832；17833；17834；17835；17836；17837；17838；17839
SRC-RAW-7B4BC8539352DD563012,火电热力,4301,F04_治理候选关联待核,治理关联实现,False,False,True,0,,,,,DZGL,GYGL,0,2,20324；20325；20326；20327；20328；20329；20330；20331；20332
SRC-RAW-39F79DE3E1F2B10AD763,火电热力,4302,F04_治理候选关联待核,治理关联实现,False,False,True,0,,,,,DZGL,GYGL,0,2,9416；9417；9418；9419；9420；9421；9422；9423；9424
SRC-RAW-179DE2302B7639EA7357,火电热力,4303,F04_治理候选关联待核,治理关联实现,False,False,True,0,,,,,DZGL,GYGL,0,2,3962；3963；3964；3965；3966；3967；3968；3969；3970
SRC-RAW-3C2BFE2821CAF6CED5D7,火电热力,4304,F04_治理候选关联待核,治理关联实现,False,False,True,0,,,,,DZGL,GYGL,0,2,9731；9732；9733；9734；9735；9736；9737；9738；9739
SRC-RAW-B186FE87FB747B3754C6,工业锅炉,4320,F03_NH3终态判定,参照生成程序及核算引擎,False,True,False,0,,,not_involved,calculated（经验零）,,,,,29162；29163；29164；29165；29166；29167；29168；29169；29170
SRC-RAW-E64D8F17B7357640302C,工业锅炉,4321,F03_NH3终态判定,参照生成程序及核算引擎,False,True,False,0,,,not_involved,calculated（经验零）,,,,,37460；37461；37462；37463；37464；37465；37466；37467；37468
SRC-RAW-FD4B863F65E402FDD564,工业锅炉,4341,F03_NH3终态判定,参照生成程序及核算引擎,False,True,False,0,,,not_involved,calculated（经验零）,,,,,41420；41421；41422；41423；41424；41425；41426；41427；41428
SRC-RAW-6977CEB5139038A34DE0,工业锅炉,4391,F03_NH3终态判定,参照生成程序及核算引擎,False,True,False,0,,,not_involved,calculated（经验零）,,,,,17444；17445；17446；17447；17448；17449；17450；17451；17452
SRC-RAW-177FD00257652B5476F8,工业锅炉,4424,F03_NH3终态判定,参照生成程序及核算引擎,False,True,False,0,,,not_involved,calculated（经验零）,,,,,3935；3936；3937；3938；3939；3940；3941；3942；3943
SRC-RAW-8917622DBFA5CD075805,工业锅炉,4425,F03_NH3终态判定,参照生成程序及核算引擎,False,True,False,0,,,not_involved,calculated（经验零）,,,,,22736；22737；22738；22739；22740；22741；22742；22743；22744
SRC-RAW-968567C43C72F0E8EC36,工业锅炉,4470,F04_治理候选关联待核,治理关联实现,False,False,True,0,,,,,GYGL,DZGL,3,0,24824；24825；24826；24827；24828；24829；24830；24831；24832
SRC-RAW-2764B878824035562904,工业锅炉,4472,F04_治理候选关联待核,治理关联实现,False,False,True,0,,,,,GYGL,DZGL,2,0,6419；6420；6421；6422；6423；6424；6425；6426；6427
SRC-RAW-DC7D44874A7DF9C1D655,工业锅炉,4473,F04_治理候选关联待核,治理关联实现,False,False,True,0,,,,,GYGL,DZGL,2,0,35957；35958；35959；35960；35961；35962；35963；35964；35965
SRC-RAW-3D447F563FD56393747F,工业锅炉,4653,F03_NH3终态判定,参照生成程序及核算引擎,False,True,False,0,,,not_involved,calculated（经验零）,,,,,9947；9948；9949；9950；9951；9952；9953；9954；9955
SRC-RAW-C59491EDFED61D0E73D3,工业锅炉,4654,F03_NH3终态判定,参照生成程序及核算引擎,False,True,False,0,,,not_involved,calculated（经验零）,,,,,32447；32448；32449；32450；32451；32452；32453；32454；32455
SRC-RAW-261D4050960B16F27DCB,工业锅炉,4711,F04_治理候选关联待核,治理关联实现,False,False,True,0,,,,,GYGL,DZGL,0,1,6230；6231；6232；6233；6234；6235；6236；6237；6238
SRC-RAW-C92A6E51F7F310987024,工业锅炉,4713,F03_NH3终态判定,参照生成程序及核算引擎,False,True,False,0,,,not_involved,calculated（经验零）,,,,,32879；32880；32881；32882；32883；32884；32885；32886；32887
SRC-RAW-CE555635AE9F9797CA9F,工业锅炉,4714,F03_NH3终态判定,参照生成程序及核算引擎,False,True,False,0,,,not_involved,calculated（经验零）,,,,,33626；33627；33628；33629；33630；33631；33632；33633；33634
SRC-RAW-8F3B3285E68C5A270956,工业锅炉,4720,F03_NH3终态判定,参照生成程序及核算引擎,False,True,False,0,,,not_involved,calculated（经验零）,,,,,23708；23709；23710；23711；23712；23713；23714；23715；23716
SRC-RAW-57142DC32337D97DC9E7,工业锅炉,4726,F02_湿式治理成分遗漏；F03_NH3终态判定,规则包映射；参照生成程序及核算引擎,True,True,False,2,PM10；PM2.5,机械+湿法除尘法,not_involved,calculated（经验零）,,,,,14321；14322；14323；14324；14325；14326；14327；14328；14329
SRC-RAW-00E7BEC8F8799AA05E4A,工业锅炉,4746,F03_NH3终态判定,参照生成程序及核算引擎,False,True,False,0,,,not_involved,calculated（经验零）,,,,,128；129；130；131；132；133；134；135；136
SRC-RAW-872F6190ACC778432063,工业锅炉,4801,F03_NH3终态判定,参照生成程序及核算引擎,False,True,False,0,,,not_involved,calculated（经验零）,,,,,22457；22458；22459；22460；22461；22462；22463；22464；22465
SRC-RAW-6D24301ECC1E21094090,工业锅炉,4802,F03_NH3终态判定,参照生成程序及核算引擎,False,True,False,0,,,not_involved,calculated（经验零）,,,,,17948；17949；17950；17951；17952；17953；17954；17955；17956
SRC-RAW-8D95AD6EB9A6CE348150,工业锅炉,4809,F03_NH3终态判定,参照生成程序及核算引擎,False,True,False,0,,,not_involved,calculated（经验零）,,,,,23465；23466；23467；23468；23469；23470；23471；23472；23473
SRC-RAW-AB14C7FE3226BB7D238F,工业锅炉,4936,F03_NH3终态判定,参照生成程序及核算引擎,False,True,False,0,,,not_involved,calculated（经验零）,,,,,28109；28110；28111；28112；28113；28114；28115；28116；28117
SRC-RAW-6676A728154F1FFB3ACD,火电热力,4961,F04_治理候选关联待核,治理关联实现,False,False,True,0,,,,,DZGL,GYGL,2,0,16976；16977；16978；16979；16980；16981；16982；16983；16984
SRC-RAW-3E434F514C6E5005030C,工业锅炉,4982,F04_治理候选关联待核,治理关联实现,False,False,True,0,,,,,GYGL,DZGL,0,1,10109；10110；10111；10112；10113；10114；10115；10116；10117
SRC-RAW-4C3B936DAD8DAB4686B4,工业锅炉,5020,F04_治理候选关联待核,治理关联实现,False,False,True,0,,,,,GYGL,DZGL,0,6,12512；12513；12514；12515；12516；12517；12518；12519；12520
SRC-RAW-B38EDC42BC1BE9A5CAB7,工业锅炉,5021,F04_治理候选关联待核,治理关联实现,False,False,True,0,,,,,GYGL,DZGL,0,6,29450；29451；29452；29453；29454；29455；29456；29457；29458
SRC-RAW-67E4013E9CAB14733DE4,工业锅炉,5022,F04_治理候选关联待核,治理关联实现,False,False,True,0,,,,,GYGL,DZGL,0,6,17165；17166；17167；17168；17169；17170；17171；17172；17173
SRC-RAW-EF508FA6E060F8F80BA9,工业锅炉,5023,F04_治理候选关联待核,治理关联实现,False,False,True,0,,,,,GYGL,DZGL,0,6,38963；38964；38965；38966；38967；38968；38969；38970；38971
SRC-RAW-F0CA7C9D777FE1734C4F,工业锅炉,5040,F04_治理候选关联待核,治理关联实现,False,False,True,0,,,,,GYGL,DZGL,3,0,39188；39189；39190；39191；39192；39193；39194；39195；39196
SRC-RAW-9C6B4707675ACBC33B55,工业锅炉,5041,F04_治理候选关联待核,治理关联实现,False,False,True,0,,,,,GYGL,DZGL,3,27,25850；25851；25852；25853；25854；25855；25856；25857；25858
SRC-RAW-0446E22AB6D9960E7D50,工业锅炉,5042,F04_治理候选关联待核,治理关联实现,False,False,True,0,,,,,GYGL,DZGL,3,27,695；696；697；698；699；700；701；702；703
SRC-RAW-2BA048FA58280879EE4C,工业锅炉,5043,F04_治理候选关联待核,治理关联实现,False,False,True,0,,,,,GYGL,DZGL,3,27,7049；7050；7051；7052；7053；7054；7055；7056；7057
SRC-RAW-1AF21459EF3A70BEDD8D,工业锅炉,5044,F04_治理候选关联待核,治理关联实现,False,False,True,0,,,,,GYGL,DZGL,3,27,4547；4548；4549；4550；4551；4552；4553；4554；4555
SRC-RAW-4E59EAB4F2E48EC94BEB,工业锅炉,5045,F04_治理候选关联待核,治理关联实现,False,False,True,0,,,,,GYGL,DZGL,3,27,12854；12855；12856；12857；12858；12859；12860；12861；12862
SRC-RAW-86ECEFDE8206FB409A3D,工业锅炉,5046,F04_治理候选关联待核,治理关联实现,False,False,True,0,,,,,GYGL,DZGL,3,27,22385；22386；22387；22388；22389；22390；22391；22392；22393
SRC-RAW-50F033F252321CC47E7F,工业锅炉,5047,F04_治理候选关联待核,治理关联实现,False,False,True,0,,,,,GYGL,DZGL,3,27,13169；13170；13171；13172；13173；13174；13175；13176；13177
SRC-RAW-9738EC4426C00780C8D7,工业锅炉,5048,F04_治理候选关联待核,治理关联实现,False,False,True,0,,,,,GYGL,DZGL,3,27,24977；24978；24979；24980；24981；24982；24983；24984；24985
SRC-RAW-6E67CE59150CFC30034A,工业锅炉,5049,F04_治理候选关联待核,治理关联实现,False,False,True,0,,,,,GYGL,DZGL,3,27,18173；18174；18175；18176；18177；18178；18179；18180；18181
SRC-RAW-9BF69049A57980E3BAD4,工业锅炉,5050,F04_治理候选关联待核,治理关联实现,False,False,True,0,,,,,GYGL,DZGL,3,27,25697；25698；25699；25700；25701；25702；25703；25704；25705
SRC-RAW-D20D737A22F0DD163F7F,工业锅炉,5097,F04_治理候选关联待核,治理关联实现,False,False,True,0,,,,,GYGL,DZGL,0,4,34220；34221；34222；34223；34224；34225；34226；34227；34228
SRC-RAW-2DDC5871A960FF9A2A44,工业锅炉,5098,F04_治理候选关联待核,治理关联实现,False,False,True,0,,,,,GYGL,DZGL,0,4,7436；7437；7438；7439；7440；7441；7442；7443；7444
SRC-RAW-B2CE19CB3088CFD86FEA,工业锅炉,5099,F04_治理候选关联待核,治理关联实现,False,False,True,0,,,,,GYGL,DZGL,0,4,29315；29316；29317；29318；29319；29320；29321；29322；29323
SRC-RAW-2E9E05DFFB0A9E979458,工业锅炉,5100,F04_治理候选关联待核,治理关联实现,False,False,True,0,,,,,GYGL,DZGL,0,4,7571；7572；7573；7574；7575；7576；7577；7578；7579
SRC-RAW-0A6B927685F1B970E328,工业锅炉,5101,F04_治理候选关联待核,治理关联实现,False,False,True,0,,,,,GYGL,DZGL,0,3,1649；1650；1651；1652；1653；1654；1655；1656；1657
SRC-RAW-7DA4AB14ECE8FBC63033,工业锅炉,5102,F04_治理候选关联待核,治理关联实现,False,False,True,0,,,,,GYGL,DZGL,0,3,20702；20703；20704；20705；20706；20707；20708；20709；20710
SRC-RAW-7F52A95A4890A1EB072F,工业锅炉,5103,F04_治理候选关联待核,治理关联实现,False,False,True,0,,,,,GYGL,DZGL,0,3,21008；21009；21010；21011；21012；21013；21014；21015；21016
SRC-RAW-79514104FF4410E2ACCE,工业锅炉,5118,F04_治理候选关联待核,治理关联实现,False,False,True,0,,,,,GYGL,DZGL,0,4,19964；19965；19966；19967；19968；19969；19970；19971；19972
SRC-RAW-E76E5835E7948598F022,工业锅炉,5119,F04_治理候选关联待核,治理关联实现,False,False,True,0,,,,,GYGL,DZGL,0,4,37631；37632；37633；37634；37635；37636；37637；37638；37639
SRC-RAW-7FC935BB576D21E41E10,工业锅炉,5126,F04_治理候选关联待核,治理关联实现,False,False,True,0,,,,,GYGL,DZGL,0,3,21134；21135；21136；21137；21138；21139；21140；21141；21142
SRC-RAW-F22E014C8797D75ADE2E,工业锅炉,5129,F04_治理候选关联待核,治理关联实现,False,False,True,0,,,,,GYGL,DZGL,0,3,39440；39441；39442；39443；39444；39445；39446；39447；39448
SRC-RAW-E3EB357DFCE369228D1F,工业锅炉,5130,F04_治理候选关联待核,治理关联实现,False,False,True,0,,,,,GYGL,DZGL,0,3,37163；37164；37165；37166；37167；37168；37169；37170；37171
SRC-RAW-7B30B2EFD71E14AA8800,工业锅炉,5131,F04_治理候选关联待核,治理关联实现,False,False,True,0,,,,,GYGL,DZGL,0,3,20297；20298；20299；20300；20301；20302；20303；20304；20305
SRC-RAW-B3A968F9A7CA8F82E5E4,工业锅炉,5132,F04_治理候选关联待核,治理关联实现,False,False,True,0,,,,,GYGL,DZGL,0,3,29477；29478；29479；29480；29481；29482；29483；29484；29485
SRC-RAW-977479FE6A4BF1C6BD2C,工业锅炉,5133,F04_治理候选关联待核,治理关联实现,False,False,True,0,,,,,GYGL,DZGL,0,3,25031；25032；25033；25034；25035；25036；25037；25038；25039
SRC-RAW-83606CB9C6946165F3B0,火电热力,5472,F04_治理候选关联待核,治理关联实现,False,False,True,0,,,,,DZGL,GYGL,0,1,21818；21819；21820；21821；21822；21823；21824；21825；21826
SRC-RAW-A7399E9858AC87EEEF48,火电热力,5473,F04_治理候选关联待核,治理关联实现,False,False,True,0,,,,,DZGL,GYGL,0,1,27569；27570；27571；27572；27573；27574；27575；27576；27577
SRC-RAW-9EDFF7B342D0739CDFDC,工业锅炉,5585,F03_NH3终态判定,参照生成程序及核算引擎,False,True,False,0,,,not_involved,calculated（经验零）,,,,,26246；26247；26248；26249；26250；26251；26252；26253；26254
SRC-RAW-19F29C27AD2E001F344F,工业锅炉,5586,F03_NH3终态判定,参照生成程序及核算引擎,False,True,False,0,,,not_involved,calculated（经验零）,,,,,4403；4404；4405；4406；4407；4408；4409；4410；4411
SRC-RAW-4540BCF82A79B69A567F,工业锅炉,5610,F03_NH3终态判定,参照生成程序及核算引擎,False,True,False,0,,,not_involved,calculated（经验零）,,,,,11387；11388；11389；11390；11391；11392；11393；11394；11395
SRC-RAW-4C0BDE0CCA087EB15958,工业锅炉,5612,F03_NH3终态判定,参照生成程序及核算引擎,False,True,False,0,,,not_involved,calculated（经验零）,,,,,12494；12495；12496；12497；12498；12499；12500；12501；12502
SRC-RAW-4263AB27DE2F4F9EB23B,工业锅炉,5619,F03_NH3终态判定,参照生成程序及核算引擎,False,True,False,0,,,not_involved,calculated（经验零）,,,,,10838；10839；10840；10841；10842；10843；10844；10845；10846
SRC-RAW-DDF4A4858D074AF5425B,工业锅炉,5637,F03_NH3终态判定,参照生成程序及核算引擎,False,True,False,0,,,not_involved,calculated（经验零）,,,,,36137；36138；36139；36140；36141；36142；36143；36144；36145
SRC-RAW-63B565D0214106A5D802,工业锅炉,5640,F03_NH3终态判定,参照生成程序及核算引擎,False,True,False,0,,,not_involved,calculated（经验零）,,,,,16436；16437；16438；16439；16440；16441；16442；16443；16444
SRC-RAW-0F2CBC418F77493D94E7,工业锅炉,5655,F03_NH3终态判定,参照生成程序及核算引擎,False,True,False,0,,,not_involved,calculated（经验零）,,,,,2513；2514；2515；2516；2517；2518；2519；2520；2521
SRC-RAW-AB46241366457230291D,工业锅炉,5657,F03_NH3终态判定,参照生成程序及核算引擎,False,True,False,0,,,not_involved,calculated（经验零）,,,,,28154；28155；28156；28157；28158；28159；28160；28161；28162
SRC-RAW-872E0D391E4E1F842011,工业锅炉,5662,F03_NH3终态判定,参照生成程序及核算引擎,False,True,False,0,,,not_involved,calculated（经验零）,,,,,22448；22449；22450；22451；22452；22453；22454；22455；22456
SRC-RAW-2DABEFC5089720627DB1,工业锅炉,5670,F03_NH3终态判定,参照生成程序及核算引擎,False,True,False,0,,,not_involved,calculated（经验零）,,,,,7400；7401；7402；7403；7404；7405；7406；7407；7408
SRC-RAW-0364C1615A4478B5D6AF,工业锅炉,5681,F03_NH3终态判定,参照生成程序及核算引擎,False,True,False,0,,,not_involved,calculated（经验零）,,,,,551；552；553；554；555；556；557；558；559
SRC-RAW-D79EC20C19DEBBACC31C,工业锅炉,5687,F03_NH3终态判定,参照生成程序及核算引擎,False,True,False,0,,,not_involved,calculated（经验零）,,,,,35129；35130；35131；35132；35133；35134；35135；35136；35137
SRC-RAW-712FE57A8849B9C9CF74,工业锅炉,5688,F03_NH3终态判定,参照生成程序及核算引擎,False,True,False,0,,,not_involved,calculated（经验零）,,,,,18686；18687；18688；18689；18690；18691；18692；18693；18694
SRC-RAW-2DA4D71C571331BA6F84,火电热力,5694,F03_NH3终态判定,参照生成程序及核算引擎,False,True,False,0,,,not_involved,calculated（经验零）,,,,,7382；7383；7384；7385；7386；7387；7388；7389；7390
SRC-RAW-84F5F5E88705396F1B23,火电热力,5695,F03_NH3终态判定,参照生成程序及核算引擎,False,True,False,0,,,not_involved,calculated（经验零）,,,,,22097；22098；22099；22100；22101；22102；22103；22104；22105
SRC-RAW-5579BBBBB608C011246B,火电热力,5696,F03_NH3终态判定,参照生成程序及核算引擎,False,True,False,0,,,not_involved,calculated（经验零）,,,,,14078；14079；14080；14081；14082；14083；14084；14085；14086
SRC-RAW-FC0E5288D1798D7EE1AD,火电热力,5697,F03_NH3终态判定,参照生成程序及核算引擎,False,True,False,0,,,not_involved,calculated（经验零）,,,,,41132；41133；41134；41135；41136；41137；41138；41139；41140
SRC-RAW-9F28544720C1E6ECE479,工业锅炉,5703,F03_NH3终态判定,参照生成程序及核算引擎,False,True,False,0,,,not_involved,calculated（经验零）,,,,,26327；26328；26329；26330；26331；26332；26333；26334；26335
SRC-RAW-A0467A4ED685BDA82EB3,工业锅炉,5728,F03_NH3终态判定,参照生成程序及核算引擎,False,True,False,0,,,not_involved,calculated（经验零）,,,,,26561；26562；26563；26564；26565；26566；26567；26568；26569
SRC-RAW-DEF5DB5EE0A1EC4F7517,火电热力,5737,F04_治理候选关联待核,治理关联实现,False,False,True,0,,,,,DZGL,GYGL,0,3,36335；36336；36337；36338；36339；36340；36341；36342；36343
SRC-RAW-62C8F8D457720083A379,工业锅炉,5761,F03_NH3终态判定,参照生成程序及核算引擎,False,True,False,0,,,not_involved,calculated（经验零）,,,,,16310；16311；16312；16313；16314；16315；16316；16317；16318
SRC-RAW-0BAE74BA2397CF47D951,工业锅炉,5799,F03_NH3终态判定,参照生成程序及核算引擎,False,True,False,0,,,not_involved,calculated（经验零）,,,,,1928；1929；1930；1931；1932；1933；1934；1935；1936
SRC-RAW-1453EF7D6625C7EBD5A3,工业锅炉,5802,F03_NH3终态判定,参照生成程序及核算引擎,False,True,False,0,,,not_involved,calculated（经验零）,,,,,3368；3369；3370；3371；3372；3373；3374；3375；3376
SRC-RAW-0D37E4DC70046446405D,工业锅炉,5803,F03_NH3终态判定,参照生成程序及核算引擎,False,True,False,0,,,not_involved,calculated（经验零）,,,,,2198；2199；2200；2201；2202；2203；2204；2205；2206
SRC-RAW-45A14EBA1746E0AE89A1,工业锅炉,5809,F03_NH3终态判定,参照生成程序及核算引擎,False,True,False,0,,,not_involved,calculated（经验零）,,,,,11459；11460；11461；11462；11463；11464；11465；11466；11467
SRC-RAW-33BCFFE5D93422B4796D,工业锅炉,5822,F03_NH3终态判定,参照生成程序及核算引擎,False,True,False,0,,,not_involved,calculated（经验零）,,,,,8354；8355；8356；8357；8358；8359；8360；8361；8362
SRC-RAW-E7E5ADAFCFECF7200532,工业锅炉,5827,F03_NH3终态判定,参照生成程序及核算引擎,False,True,False,0,,,not_involved,calculated（经验零）,,,,,37685；37686；37687；37688；37689；37690；37691；37692；37693
SRC-RAW-6585362B366B486A2083,工业锅炉,5828,F03_NH3终态判定,参照生成程序及核算引擎,False,True,False,0,,,not_involved,calculated（经验零）,,,,,16814；16815；16816；16817；16818；16819；16820；16821；16822
SRC-RAW-B8BC60CF6EB1B29EA431,工业锅炉,5864,F03_NH3终态判定,参照生成程序及核算引擎,False,True,False,0,,,not_involved,calculated（经验零）,,,,,30332；30333；30334；30335；30336；30337；30338；30339；30340
SRC-RAW-7C0D50F41C0089E1F6B6,工业锅炉,5873,F04_治理候选关联待核,治理关联实现,False,False,True,0,,,,,GYGL,DZGL,0,1,20504；20505；20506；20507；20508；20509；20510；20511；20512
SRC-RAW-016884A74403910FC27F,工业锅炉,5874,F04_治理候选关联待核,治理关联实现,False,False,True,0,,,,,GYGL,DZGL,0,1,209；210；211；212；213；214；215；216；217
SRC-RAW-258AE3A549E690AEC3AD,工业锅炉,5875,F04_治理候选关联待核,治理关联实现,False,False,True,0,,,,,GYGL,DZGL,0,1,6167；6168；6169；6170；6171；6172；6173；6174；6175
SRC-RAW-C10F0726975682FC90DC,工业锅炉,5876,F04_治理候选关联待核,治理关联实现,False,False,True,0,,,,,GYGL,DZGL,0,1,31700；31701；31702；31703；31704；31705；31706；31707；31708
SRC-RAW-9CD347CBAA1E4690A8D4,工业锅炉,5904,F03_NH3终态判定,参照生成程序及核算引擎,False,True,False,0,,,not_involved,calculated（经验零）,,,,,25877；25878；25879；25880；25881；25882；25883；25884；25885
SRC-RAW-23B2A417885E0B963807,工业锅炉,5908,F03_NH3终态判定,参照生成程序及核算引擎,False,True,False,0,,,not_involved,calculated（经验零）,,,,,5933；5934；5935；5936；5937；5938；5939；5940；5941
SRC-RAW-D93FC5D6E86B4F04DB3E,工业锅炉,5911,F03_NH3终态判定,参照生成程序及核算引擎,False,True,False,0,,,not_involved,calculated（经验零）,,,,,35345；35346；35347；35348；35349；35350；35351；35352；35353
SRC-RAW-1499183EFC76641D125A,工业锅炉,5913,F03_NH3终态判定,参照生成程序及核算引擎,False,True,False,0,,,not_involved,calculated（经验零）,,,,,3413；3414；3415；3416；3417；3418；3419；3420；3421
