源ID,源类,基102原表行号,工业设备字段,电站设备字段,当前取用治理类别,原设备对应治理类别,当前类别候选数,原设备类别候选数,归属,修正后排放量,SO2_当前终态,SO2_当前排放量_t,NOx_当前终态,NOx_当前排放量_t,PM10_当前终态,PM10_当前排放量_t,PM2.5_当前终态,PM2.5_当前排放量_t,BC_当前终态,BC_当前排放量_t,OC_当前终态,OC_当前排放量_t,NH3_当前终态,NH3_当前排放量_t
SRC-RAW-FF1045ABC23B668A936E,工业锅炉,235,,燃煤锅炉,GYGL,DZGL,0,4,参照生成器、专业引擎及确定性脚本的治理关联实现,尚未核定，不能用候选数量直接推算,calculated,1578.7849,calculated,720.4324764,calculated,6457.5257355,calculated,1684.571931,calculated,3.369143862,calculated,0,calculated,0
SRC-RAW-75592E83770CD2701D5A,工业锅炉,236,,燃煤锅炉,GYGL,DZGL,0,4,参照生成器、专业引擎及确定性脚本的治理关联实现,尚未核定，不能用候选数量直接推算,calculated,1092.2296,calculated,498.4071456,calculated,4467.423492,calculated,1165.414824,calculated,2.330829648,calculated,0,calculated,0
SRC-RAW-75DF4E6BB41F91F299F2,工业锅炉,237,,燃煤锅炉,GYGL,DZGL,0,4,参照生成器、专业引擎及确定性脚本的治理关联实现,尚未核定，不能用候选数量直接推算,calculated,340.58752,calculated,1225.7961456,calculated,1156.919986,calculated,476.8888376,calculated,10.9573238656,calculated,2.23153,calculated,0
SRC-RAW-9D59E477248611165BB7,工业锅炉,238,,燃煤锅炉,GYGL,DZGL,0,4,参照生成器、专业引擎及确定性脚本的治理关联实现,尚未核定，不能用候选数量直接推算,calculated,262.54256,calculated,1021.3712808,calculated,906.082208,calculated,378.0180628,calculated,9.1179174968,calculated,1.88804,calculated,0
SRC-RAW-1B11FEEA3B4289555FFE,工业锅炉,538,,燃煤锅炉,GYGL,DZGL,0,3,参照生成器、专业引擎及确定性脚本的治理关联实现,尚未核定，不能用候选数量直接推算,calculated,4636.32806,calculated,1628.00235,calculated,8689.358184,calculated,3041.2753644,calculated,18.2476521864,calculated,0,calculated,0
SRC-RAW-FC7B087AFDADA5374D70,工业锅炉,553,,燃煤锅炉,GYGL,DZGL,0,3,参照生成器、专业引擎及确定性脚本的治理关联实现,尚未核定，不能用候选数量直接推算,calculated,765.900507,calculated,277.431453,calculated,1131.35123808,calculated,395.972933328,calculated,2.375837599968,calculated,0,calculated,0
SRC-RAW-F8955A8A68B36C170B38,工业锅炉,554,,燃煤锅炉,GYGL,DZGL,0,3,参照生成器、专业引擎及确定性脚本的治理关联实现,尚未核定，不能用候选数量直接推算,calculated,928.7139916,calculated,347.3770365,calculated,1477.15404444,calculated,517.003915554,calculated,3.102023493324,calculated,0,calculated,0
SRC-RAW-6ED412173EE3115F6A5E,工业锅炉,555,,燃煤锅炉,GYGL,DZGL,0,3,参照生成器、专业引擎及确定性脚本的治理关联实现,尚未核定，不能用候选数量直接推算,calculated,546.628727,calculated,198.004833,calculated,900.46505592,calculated,315.162769572,calculated,1.890976617432,calculated,0,calculated,0
SRC-RAW-B9E105D6FF54717E0E13,工业锅炉,556,,燃煤锅炉,GYGL,DZGL,0,3,参照生成器、专业引擎及确定性脚本的治理关联实现,尚未核定，不能用候选数量直接推算,calculated,608.0751165,calculated,220.2625035,calculated,934.81665588,calculated,327.185829558,calculated,1.963114977348,calculated,0,calculated,0
SRC-RAW-A0663FFB1B7B8DF4A263,工业锅炉,560,,燃煤锅炉,GYGL,DZGL,0,3,参照生成器、专业引擎及确定性脚本的治理关联实现,尚未核定，不能用候选数量直接推算,calculated,216.1992,calculated,132.8535,calculated,624.34332,calculated,218.520162,calculated,1.311120972,calculated,0,calculated,0
SRC-RAW-5F9FA878D7B7BD57772F,工业锅炉,561,,燃煤锅炉,GYGL,DZGL,0,3,参照生成器、专业引擎及确定性脚本的治理关联实现,尚未核定，不能用候选数量直接推算,calculated,34.15776,calculated,20.9898,calculated,98.641296,calculated,34.5244536,calculated,0.2071467216,calculated,0,calculated,0
SRC-RAW-528084718D6470135B6F,工业锅炉,562,,燃煤锅炉,GYGL,DZGL,0,3,参照生成器、专业引擎及确定性脚本的治理关联实现,尚未核定，不能用候选数量直接推算,calculated,247.55808,calculated,152.1234,calculated,714.901968,calculated,250.2156888,calculated,1.5012941328,calculated,0,calculated,0
SRC-RAW-E2904304246853CD4377,工业锅炉,640,,燃煤锅炉,GYGL,DZGL,0,3,参照生成器、专业引擎及确定性脚本的治理关联实现,尚未核定，不能用候选数量直接推算,calculated,733.07162,calculated,237.98385,calculated,1250.696664,calculated,437.7438324,calculated,2.6264629944,calculated,0,calculated,0
SRC-RAW-0AF7A8DF6AD38D37CD11,工业锅炉,837,,燃气锅炉,GYGL,DZGL,0,6,参照生成器、专业引擎及确定性脚本的治理关联实现,尚未核定，不能用候选数量直接推算,calculated,0,calculated,101.002293444,calculated,25.2207393,calculated,25.2207393,calculated,0,calculated,0,calculated,0
SRC-RAW-0D2C2E9A7E265088369B,工业锅炉,838,,燃气锅炉,GYGL,DZGL,0,6,参照生成器、专业引擎及确定性脚本的治理关联实现,尚未核定，不能用候选数量直接推算,calculated,0,calculated,8.509626918,calculated,2.0859249,calculated,2.0859249,calculated,0,calculated,0,calculated,0
SRC-RAW-3B9378741FBC88834EFE,工业锅炉,839,,燃气锅炉,GYGL,DZGL,0,6,参照生成器、专业引擎及确定性脚本的治理关联实现,尚未核定，不能用候选数量直接推算,calculated,0,calculated,301.42563399,calculated,62.1383601,calculated,62.1383601,calculated,0,calculated,0,calculated,0
SRC-RAW-56F033A2396BA8C09BB9,工业锅炉,840,,燃气锅炉,GYGL,DZGL,0,6,参照生成器、专业引擎及确定性脚本的治理关联实现,尚未核定，不能用候选数量直接推算,calculated,0,calculated,307.480629768,calculated,63.3497124,calculated,63.3497124,calculated,0,calculated,0,calculated,0
SRC-RAW-1AE27443669F5EB68673,火电热力,841,燃煤锅炉,,DZGL,GYGL,0,3,参照生成器、专业引擎及确定性脚本的治理关联实现,尚未核定，不能用候选数量直接推算,calculated,299.0214864,calculated,263.842488,calculated,1118.4431900544,calculated,269.9690458752,calculated,0.5399380917504,calculated,0,calculated,0
SRC-RAW-E61DCB1BC30CF2D92EAC,火电热力,842,燃煤锅炉,,DZGL,GYGL,0,3,参照生成器、专业引擎及确定性脚本的治理关联实现,尚未核定，不能用候选数量直接推算,calculated,18.976386,calculated,16.74387,calculated,70.978209456,calculated,17.132671248,calculated,0.034265342496,calculated,0,calculated,0
SRC-RAW-6DC0FEB3DC2E86409A23,火电热力,855,燃煤锅炉,,DZGL,GYGL,0,3,参照生成器、专业引擎及确定性脚本的治理关联实现,尚未核定，不能用候选数量直接推算,calculated,161.23344,calculated,115.59015,calculated,376.39946568,calculated,90.85504344,calculated,0.18171008688,calculated,0,calculated,0
SRC-RAW-9BFC45009A24B93EA599,火电热力,865,燃煤锅炉,,DZGL,GYGL,0,4,参照生成器、专业引擎及确定性脚本的治理关联实现,尚未核定，不能用候选数量直接推算,calculated,54.0991,calculated,108.4875,calculated,106.6498664,calculated,25.7430712,calculated,0.0514861424,calculated,0,calculated,0
SRC-RAW-B87685FA95BF46796F7A,火电热力,922,燃生物质锅炉,,DZGL,GYGL,0,1,参照生成器、专业引擎及确定性脚本的治理关联实现,尚未核定，不能用候选数量直接推算,information_insufficient,,information_insufficient,,information_insufficient,,information_insufficient,,information_insufficient,,information_insufficient,,calculated,0
SRC-RAW-73B3CA59765D5D325DCB,火电热力,1024,燃气锅炉,,DZGL,GYGL,0,3,参照生成器、专业引擎及确定性脚本的治理关联实现,尚未核定，不能用候选数量直接推算,calculated,0,calculated,0.3567,calculated,0.00261,calculated,0.00261,calculated,0,calculated,0,calculated,0
SRC-RAW-8435FB77110F5FC4DC38,火电热力,1025,燃气锅炉,,DZGL,GYGL,0,3,参照生成器、专业引擎及确定性脚本的治理关联实现,尚未核定，不能用候选数量直接推算,calculated,0,calculated,1.0906,calculated,0.00798,calculated,0.00798,calculated,0,calculated,0,calculated,0
SRC-RAW-5B6A8AE10D75F5AF206A,火电热力,1034,燃气锅炉,,DZGL,GYGL,0,3,参照生成器、专业引擎及确定性脚本的治理关联实现,尚未核定，不能用候选数量直接推算,calculated,0,calculated,0.70356,calculated,0.0066,calculated,0.0066,calculated,0,calculated,0,calculated,0
SRC-RAW-C332975B9DFE7FEDD45D,火电热力,1035,燃气锅炉,,DZGL,GYGL,0,3,参照生成器、专业引擎及确定性脚本的治理关联实现,尚未核定，不能用候选数量直接推算,calculated,0,calculated,0.70356,calculated,0.0066,calculated,0.0066,calculated,0,calculated,0,calculated,0
SRC-RAW-AF4055E81C013D09C04D,火电热力,1036,燃气锅炉,,DZGL,GYGL,0,3,参照生成器、专业引擎及确定性脚本的治理关联实现,尚未核定，不能用候选数量直接推算,calculated,0,calculated,0.9594,calculated,0.009,calculated,0.009,calculated,0,calculated,0,calculated,0
SRC-RAW-17F4109476657E8B4986,火电热力,1517,燃生物质锅炉,,DZGL,GYGL,0,2,参照生成器、专业引擎及确定性脚本的治理关联实现,尚未核定，不能用候选数量直接推算,information_insufficient,,information_insufficient,,information_insufficient,,information_insufficient,,information_insufficient,,information_insufficient,,calculated,0
SRC-RAW-CB4F7E76D2CA631D9689,火电热力,1518,燃生物质锅炉,,DZGL,GYGL,0,2,参照生成器、专业引擎及确定性脚本的治理关联实现,尚未核定，不能用候选数量直接推算,information_insufficient,,information_insufficient,,information_insufficient,,information_insufficient,,information_insufficient,,information_insufficient,,calculated,0
SRC-RAW-28F83065C75A8FF87FA8,工业锅炉,1580,,燃煤锅炉,GYGL,DZGL,3,0,参照生成器、专业引擎及确定性脚本的治理关联实现,尚未核定，不能用候选数量直接推算,information_insufficient,,information_insufficient,,information_insufficient,,information_insufficient,,information_insufficient,,information_insufficient,,calculated,10.16556416
SRC-RAW-FF7C2F27803D71DC62B6,工业锅炉,1581,,燃煤锅炉,GYGL,DZGL,3,0,参照生成器、专业引擎及确定性脚本的治理关联实现,尚未核定，不能用候选数量直接推算,information_insufficient,,information_insufficient,,information_insufficient,,information_insufficient,,information_insufficient,,information_insufficient,,calculated,10.16556416
SRC-RAW-6E1BAD26A56C661C76BE,火电热力,1629,燃气锅炉,,DZGL,GYGL,2,0,参照生成器、专业引擎及确定性脚本的治理关联实现,尚未核定，不能用候选数量直接推算,calculated,0,calculated,9.7429284,calculated,0.08515161,calculated,0.08515161,calculated,0,calculated,0,information_insufficient,
SRC-RAW-A07A0EDF9CEC875B3A7A,火电热力,1668,燃煤锅炉,,DZGL,GYGL,0,3,参照生成器、专业引擎及确定性脚本的治理关联实现,尚未核定，不能用候选数量直接推算,calculated,120.666,calculated,58.5,calculated,306.799584,calculated,74.055072,calculated,0.148110144,calculated,0,calculated,0
SRC-RAW-9A9CDE9913604456B3D5,火电热力,1669,燃煤锅炉,,DZGL,GYGL,0,3,参照生成器、专业引擎及确定性脚本的治理关联实现,尚未核定，不能用候选数量直接推算,calculated,250.98528,calculated,121.68,calculated,638.14313472,calculated,154.03454976,calculated,0.30806909952,calculated,0,calculated,0
SRC-RAW-18E45A0318E3FFBF7B98,火电热力,1878,燃煤锅炉,,DZGL,GYGL,0,2,参照生成器、专业引擎及确定性脚本的治理关联实现,尚未核定，不能用候选数量直接推算,calculated,8.721,calculated,2.808,calculated,4.833675,calculated,1.46475,calculated,0.0029295,calculated,0,calculated,0
SRC-RAW-28715943841D3E2AA3FF,工业锅炉,2361,,燃煤锅炉,GYGL,DZGL,3,0,参照生成器、专业引擎及确定性脚本的治理关联实现,尚未核定，不能用候选数量直接推算,calculated,71.9712,calculated,51.597,calculated,220.78224,calculated,77.273784,calculated,0.463642704,calculated,0,calculated,0
SRC-RAW-54119B9BA5BEAAE4952E,工业锅炉,2362,,燃煤锅炉,GYGL,DZGL,3,0,参照生成器、专业引擎及确定性脚本的治理关联实现,尚未核定，不能用候选数量直接推算,calculated,7.61328,calculated,5.45805,calculated,23.354856,calculated,8.1741996,calculated,0.0490451976,calculated,0,calculated,0
SRC-RAW-B51CDF0046C21231F1AC,工业锅炉,2363,,燃煤锅炉,GYGL,DZGL,3,0,参照生成器、专业引擎及确定性脚本的治理关联实现,尚未核定，不能用候选数量直接推算,calculated,528.1968,calculated,378.6705,calculated,1620.32136,calculated,567.112476,calculated,3.402674856,calculated,0,calculated,0
SRC-RAW-7057245F3E3F239AD204,工业锅炉,2638,,燃煤锅炉,GYGL,DZGL,0,3,参照生成器、专业引擎及确定性脚本的治理关联实现,尚未核定，不能用候选数量直接推算,calculated,78.409559,calculated,97.40835,calculated,266.349396,calculated,93.2222886,calculated,0.5593337316,calculated,0,calculated,0
SRC-RAW-FD79BD3BADBA834EA813,工业锅炉,2639,,燃煤锅炉,GYGL,DZGL,0,3,参照生成器、专业引擎及确定性脚本的治理关联实现,尚未核定，不能用候选数量直接推算,calculated,215.57802,calculated,267.813,calculated,732.29688,calculated,256.303908,calculated,1.537823448,calculated,0,calculated,0
SRC-RAW-0D301274CFA9EB4D2854,工业锅炉,2640,,燃煤锅炉,GYGL,DZGL,0,3,参照生成器、专业引擎及确定性脚本的治理关联实现,尚未核定，不能用候选数量直接推算,calculated,118.921086,calculated,147.7359,calculated,403.962984,calculated,141.3870444,calculated,0.8483222664,calculated,0,calculated,0
SRC-RAW-335C1877B1077DD809D5,工业锅炉,2655,,燃煤锅炉,GYGL,DZGL,0,3,参照生成器、专业引擎及确定性脚本的治理关联实现,尚未核定，不能用候选数量直接推算,calculated,667.12865995,calculated,791.62325775,calculated,966.1863351,calculated,338.165217285,calculated,2.02899130371,calculated,0,calculated,0
SRC-RAW-1BF474C507E9F04CF42E,工业锅炉,2670,,燃煤锅炉,GYGL,DZGL,0,3,参照生成器、专业引擎及确定性脚本的治理关联实现,尚未核定，不能用候选数量直接推算,calculated,263.1472194,calculated,232.188723,calculated,476.28456,calculated,166.699596,calculated,1.000197576,calculated,0,calculated,0
SRC-RAW-5EB562E3FFA0E13B0AC2,工业锅炉,2686,,燃煤锅炉,GYGL,DZGL,0,3,参照生成器、专业引擎及确定性脚本的治理关联实现,尚未核定，不能用候选数量直接推算,calculated,209.5792725,calculated,184.9228875,calculated,379.329,calculated,132.76515,calculated,0.7965909,calculated,0,calculated,0
SRC-RAW-1FD4343BD9C1A56DAB29,工业锅炉,2687,,燃煤锅炉,GYGL,DZGL,0,6,参照生成器、专业引擎及确定性脚本的治理关联实现,尚未核定，不能用候选数量直接推算,calculated,3277.91062995,calculated,2050.88526045,calculated,6558.625889316,calculated,2295.5190612606,calculated,13.7731143675636,calculated,0,calculated,0
SRC-RAW-2978FB24041E22A2EE51,工业锅炉,2688,,燃煤锅炉,GYGL,DZGL,0,6,参照生成器、专业引擎及确定性脚本的治理关联实现,尚未核定，不能用候选数量直接推算,calculated,2458.43296545,calculated,1538.16394095,calculated,4918.969402956,calculated,1721.6392910346,calculated,10.3298357462076,calculated,0,calculated,0
SRC-RAW-C0BDF62A7EABF6E5A5C7,工业锅炉,2726,,燃煤锅炉,GYGL,DZGL,3,0,参照生成器、专业引擎及确定性脚本的治理关联实现,尚未核定，不能用候选数量直接推算,calculated,56.356632,calculated,218.3112,calculated,13.903512624,calculated,9.49508179200001,calculated,0.0569704907520001,calculated,0,calculated,12.93696
SRC-RAW-D06879EDD4051369656A,火电热力,2745,燃生物质锅炉,,DZGL,GYGL,0,2,参照生成器、专业引擎及确定性脚本的治理关联实现,尚未核定，不能用候选数量直接推算,not_involved,,not_involved,,not_involved,,not_involved,,not_involved,,not_involved,,calculated,0
SRC-RAW-CE512E072868B79C26FD,火电热力,2746,燃生物质锅炉,,DZGL,GYGL,0,2,参照生成器、专业引擎及确定性脚本的治理关联实现,尚未核定，不能用候选数量直接推算,not_involved,,not_involved,,not_involved,,not_involved,,not_involved,,not_involved,,calculated,0
SRC-RAW-3773392A01F3A2325FB8,工业锅炉,2808,,燃煤锅炉,GYGL,DZGL,0,3,参照生成器、专业引擎及确定性脚本的治理关联实现,尚未核定，不能用候选数量直接推算,calculated,319.1828608,calculated,440.0499,calculated,772.37558448,calculated,270.331454568,calculated,1.621988727408,calculated,0,calculated,0
SRC-RAW-B5908C0301AA9D0E6E94,工业锅炉,2841,,燃煤锅炉,GYGL,DZGL,2,0,参照生成器、专业引擎及确定性脚本的治理关联实现,尚未核定，不能用候选数量直接推算,calculated,71.91,calculated,123.7275,calculated,355.32,calculated,124.362,calculated,0.746172,calculated,0,calculated,0
SRC-RAW-82B5E171E5A1637B8B24,工业锅炉,2971,,燃煤锅炉,GYGL,DZGL,0,3,参照生成器、专业引擎及确定性脚本的治理关联实现,尚未核定，不能用候选数量直接推算,calculated,325.8076146,calculated,287.477307,calculated,203.4454788,calculated,71.20591758,calculated,0.42723550548,calculated,0,calculated,0
SRC-RAW-A69675A381C3F18A8EFC,工业锅炉,2978,,燃煤锅炉,GYGL,DZGL,0,12,参照生成器、专业引擎及确定性脚本的治理关联实现,尚未核定，不能用候选数量直接推算,calculated,100.4326,calculated,81.75,calculated,173.0484,calculated,60.56694,calculated,0.36340164,calculated,0,calculated,0
SRC-RAW-0A1C442720A5D0A0B25E,工业锅炉,2979,,燃煤锅炉,GYGL,DZGL,0,12,参照生成器、专业引擎及确定性脚本的治理关联实现,尚未核定，不能用候选数量直接推算,calculated,2327.47814504,calculated,1894.5177,calculated,4010.31506736,calculated,1403.610273576,calculated,8.421661641456,calculated,0,calculated,0
SRC-RAW-618565C484D6DB8278DB,工业锅炉,2980,,燃煤锅炉,GYGL,DZGL,0,12,参照生成器、专业引擎及确定性脚本的治理关联实现,尚未核定，不能用候选数量直接推算,calculated,2171.76025508,calculated,1767.76665,calculated,3742.00844472,calculated,1309.702955652,calculated,7.858217733912,calculated,0,calculated,0
SRC-RAW-AD3321CD5519C4AFA0B9,工业锅炉,2981,,燃煤锅炉,GYGL,DZGL,0,12,参照生成器、专业引擎及确定性脚本的治理关联实现,尚未核定，不能用候选数量直接推算,calculated,2012.35759438,calculated,1638.016275,calculated,3467.35285092,calculated,1213.573497822,calculated,7.281440986932,calculated,0,calculated,0
SRC-RAW-4EBBE2E88B7A42C41150,工业锅炉,3043,,燃煤锅炉,GYGL,DZGL,0,2,参照生成器、专业引擎及确定性脚本的治理关联实现,尚未核定，不能用候选数量直接推算,information_insufficient,,information_insufficient,,information_insufficient,,information_insufficient,,information_insufficient,,information_insufficient,,calculated,0
SRC-RAW-7452B425E0731BA4BBD2,工业锅炉,3044,,燃煤锅炉,GYGL,DZGL,0,2,参照生成器、专业引擎及确定性脚本的治理关联实现,尚未核定，不能用候选数量直接推算,information_insufficient,,information_insufficient,,information_insufficient,,information_insufficient,,information_insufficient,,information_insufficient,,calculated,0
SRC-RAW-95B625A17C5D341D28C2,工业锅炉,3045,,燃气锅炉,GYGL,DZGL,0,2,参照生成器、专业引擎及确定性脚本的治理关联实现,尚未核定，不能用候选数量直接推算,information_insufficient,,information_insufficient,,information_insufficient,,information_insufficient,,information_insufficient,,information_insufficient,,calculated,0
SRC-RAW-DAEA899F623DBE4006C6,工业锅炉,3046,,燃气锅炉,GYGL,DZGL,0,2,参照生成器、专业引擎及确定性脚本的治理关联实现,尚未核定，不能用候选数量直接推算,information_insufficient,,information_insufficient,,information_insufficient,,information_insufficient,,information_insufficient,,information_insufficient,,calculated,0
SRC-RAW-8A769848E39A4E232A92,工业锅炉,3047,,燃煤锅炉,GYGL,DZGL,0,12,参照生成器、专业引擎及确定性脚本的治理关联实现,尚未核定，不能用候选数量直接推算,calculated,4690.652561368,calculated,1997.69346855,calculated,10375.712538192,calculated,3631.4993883672,calculated,21.7889963302032,calculated,0,calculated,0
SRC-RAW-7E2E36EA91A2F6850F7C,工业锅炉,3048,,燃煤锅炉,GYGL,DZGL,0,12,参照生成器、专业引擎及确定性脚本的治理关联实现,尚未核定，不能用候选数量直接推算,calculated,4365.140116272,calculated,1859.0615667,calculated,9655.679767968,calculated,3379.4879187888,calculated,20.2769275127328,calculated,0,calculated,0
SRC-RAW-73ED7D681FC9EE9EE200,工业锅炉,3049,,燃煤锅炉,GYGL,DZGL,0,12,参照生成器、专业引擎及确定性脚本的治理关联实现,尚未核定，不能用候选数量直接推算,calculated,4791.328664064,calculated,2040.5702304,calculated,10598.407842816,calculated,3709.4427449856,calculated,22.2566564699136,calculated,0,calculated,0
SRC-RAW-6B8DD9A6ED25B850DE12,工业锅炉,3050,,燃煤锅炉,GYGL,DZGL,0,12,参照生成器、专业引擎及确定性脚本的治理关联实现,尚未核定，不能用候选数量直接推算,calculated,4551.025544456,calculated,1938.22797285,calculated,10066.857902064,calculated,3523.4002657224,calculated,21.1404015943344,calculated,0,calculated,0
SRC-RAW-6A9A6E219B1F23BE8769,工业锅炉,3053,,燃煤锅炉,GYGL,DZGL,0,3,参照生成器、专业引擎及确定性脚本的治理关联实现,尚未核定，不能用候选数量直接推算,calculated,1286.0380728,calculated,1229.301099,calculated,753.97134072,calculated,263.889969252,calculated,1.583339815512,calculated,0,calculated,0
SRC-RAW-008874CA96532DE69412,火电热力,3106,燃生物质锅炉,,DZGL,GYGL,0,2,参照生成器、专业引擎及确定性脚本的治理关联实现,尚未核定，不能用候选数量直接推算,not_involved,,not_involved,,not_involved,,not_involved,,not_involved,,not_involved,,calculated,0
SRC-RAW-73C97D813A584BCC6299,工业锅炉,3132,,燃气锅炉,GYGL,DZGL,0,2,参照生成器、专业引擎及确定性脚本的治理关联实现,尚未核定，不能用候选数量直接推算,calculated,0,calculated,300.07905408,calculated,12.022398,calculated,12.022398,calculated,0,calculated,0,calculated,0
SRC-RAW-03ABB1AEDFD3D9F93EC2,工业锅炉,3133,,燃煤锅炉,GYGL,DZGL,0,3,参照生成器、专业引擎及确定性脚本的治理关联实现,尚未核定，不能用候选数量直接推算,calculated,1372.9959339,calculated,1618.460255,calculated,3315.12296428,calculated,1202.555694998,calculated,11.969719329988,calculated,1.31047,calculated,0
SRC-RAW-9DE65DF9B36AA19EAFB2,工业锅炉,3134,,燃煤锅炉,GYGL,DZGL,0,3,参照生成器、专业引擎及确定性脚本的治理关联实现,尚未核定，不能用候选数量直接推算,calculated,1372.9959339,calculated,1618.460255,calculated,3315.12296428,calculated,1202.555694998,calculated,11.969719329988,calculated,1.31047,calculated,0
SRC-RAW-8099EA4E9D59B114EDF6,工业锅炉,3135,,燃煤锅炉,GYGL,DZGL,0,3,参照生成器、专业引擎及确定性脚本的治理关联实现,尚未核定，不能用候选数量直接推算,calculated,1372.9959339,calculated,1618.460255,calculated,3315.12296428,calculated,1202.555694998,calculated,11.969719329988,calculated,1.31047,calculated,0
SRC-RAW-D8333CABBDCF22B6AB37,工业锅炉,3194,,燃煤锅炉,GYGL,DZGL,0,3,参照生成器、专业引擎及确定性脚本的治理关联实现,尚未核定，不能用候选数量直接推算,calculated,1385.75466017,calculated,826.11640722,calculated,2891.376415812,calculated,1014.8665751142,calculated,6.4137315969252,calculated,0.08945208,calculated,0
SRC-RAW-78AF19BE69568FDAA025,工业锅炉,3195,,燃煤锅炉,GYGL,DZGL,0,3,参照生成器、专业引擎及确定性脚本的治理关联实现,尚未核定，不能用候选数量直接推算,calculated,2771.50930691,calculated,1662.9868691,calculated,5784.318035326,calculated,2030.8748388266,calculated,12.9011210951596,calculated,0.19731865,calculated,0
SRC-RAW-ACC54AF3A51272441AAE,工业锅炉,3213,,燃煤锅炉,GYGL,DZGL,3,0,参照生成器、专业引擎及确定性脚本的治理关联实现,尚未核定，不能用候选数量直接推算,calculated,77.06831,calculated,120.548025,calculated,123.639,calculated,43.27365,calculated,0.2596419,calculated,0,calculated,0
SRC-RAW-FC093BE0133ABAA26D04,工业锅炉,3214,,燃煤锅炉,GYGL,DZGL,3,0,参照生成器、专业引擎及确定性脚本的治理关联实现,尚未核定，不能用候选数量直接推算,calculated,77.06831,calculated,120.548025,calculated,123.639,calculated,43.27365,calculated,0.2596419,calculated,0,calculated,0
SRC-RAW-99293698992DBFEBD85E,火电热力,3259,燃油锅炉,,DZGL,GYGL,3,0,参照生成器、专业引擎及确定性脚本的治理关联实现,尚未核定，不能用候选数量直接推算,calculated,0.68901,calculated,1.699558,calculated,0.114835,calculated,0.114835,calculated,0.0022967,calculated,0.0091868,calculated,0
SRC-RAW-646972BF5DBEF8784EA3,火电热力,3284,燃煤锅炉,,DZGL,GYGL,0,3,参照生成器、专业引擎及确定性脚本的治理关联实现,尚未核定，不能用候选数量直接推算,calculated,283.60607,calculated,226.96245,calculated,970.2974512,calculated,234.2097296,calculated,0.4684194592,calculated,0,calculated,0
SRC-RAW-2ACE0CAADC82D19FC682,火电热力,3285,燃煤锅炉,,DZGL,GYGL,0,3,参照生成器、专业引擎及确定性脚本的治理关联实现,尚未核定，不能用候选数量直接推算,calculated,198.101,calculated,158.535,calculated,677.76016,calculated,163.59728,calculated,0.32719456,calculated,0,calculated,0
SRC-RAW-6F501A6BB6E4BD246D1D,火电热力,3286,燃煤锅炉,,DZGL,GYGL,0,3,参照生成器、专业引擎及确定性脚本的治理关联实现,尚未核定，不能用候选数量直接推算,calculated,85.51238,calculated,68.4333,calculated,292.5623008,calculated,70.6184864,calculated,0.1412369728,calculated,0,calculated,0
SRC-RAW-2176187F1A41EC1F36DD,工业锅炉,3413,,燃煤锅炉,GYGL,DZGL,4,3,参照生成器、专业引擎及确定性脚本的治理关联实现,尚未核定，不能用候选数量直接推算,calculated,339.20368056,calculated,249.414471,calculated,67.34190717,calculated,43.9967126844,calculated,0.2639802761064,calculated,0,calculated,14.7801168
SRC-RAW-52F0EF27AF815A7B2D1C,火电热力,3669,燃煤锅炉,,DZGL,GYGL,0,3,参照生成器、专业引擎及确定性脚本的治理关联实现,尚未核定，不能用候选数量直接推算,calculated,653.0771,calculated,387.47475,calculated,3070.999022,calculated,741.275626,calculated,1.482551252,calculated,0,calculated,0
SRC-RAW-A015A5ABFFB14433B3D1,工业锅炉,3800,,燃油锅炉,GYGL,DZGL,0,5,参照生成器、专业引擎及确定性脚本的治理关联实现,尚未核定，不能用候选数量直接推算,calculated,789.0148,calculated,266.536983648,calculated,42.2321822,calculated,28.0299158,calculated,1.5780296,calculated,0.3945074,calculated,0
SRC-RAW-575570EC8DB517AA8CF5,工业锅炉,3801,,燃油锅炉,GYGL,DZGL,0,5,参照生成器、专业引擎及确定性脚本的治理关联实现,尚未核定，不能用候选数量直接推算,calculated,567.8842,calculated,167.714909232,calculated,29.9522123,calculated,19.7302967,calculated,1.1357684,calculated,0.2839421,calculated,0
SRC-RAW-B2D12B18EDD6CCA26046,工业锅炉,3802,,燃油锅炉,GYGL,DZGL,0,5,参照生成器、专业引擎及确定性脚本的治理关联实现,尚未核定，不能用候选数量直接推算,calculated,217.3976,calculated,69.107688156,calculated,11.5565434,calculated,7.6433866,calculated,0.4347952,calculated,0.1086988,calculated,0
SRC-RAW-01336EF744A5681D73EF,工业锅炉,3803,,燃油锅炉,GYGL,DZGL,0,5,参照生成器、专业引擎及确定性脚本的治理关联实现,尚未核定，不能用候选数量直接推算,calculated,1248.5996,calculated,399.651671796,calculated,66.4241644,calculated,43.9493716,calculated,2.4971992,calculated,0.6242998,calculated,0
SRC-RAW-07BACD2475FBECD5911D,工业锅炉,3804,,燃气锅炉,GYGL,DZGL,0,5,参照生成器、专业引擎及确定性脚本的治理关联实现,尚未核定，不能用候选数量直接推算,calculated,0,calculated,174.97963626,calculated,3.220089,calculated,3.220089,calculated,0,calculated,0,calculated,0
SRC-RAW-D4FF57BA0C9E6F57EBEF,工业锅炉,3805,,燃气锅炉,GYGL,DZGL,0,5,参照生成器、专业引擎及确定性脚本的治理关联实现,尚未核定，不能用候选数量直接推算,calculated,0,calculated,400.81906722,calculated,7.376133,calculated,7.376133,calculated,0,calculated,0,calculated,0
SRC-RAW-08487A23413ABD86C756,工业锅炉,3806,,燃油锅炉,GYGL,DZGL,0,5,参照生成器、专业引擎及确定性脚本的治理关联实现,尚未核定，不能用候选数量直接推算,calculated,2161.427,calculated,887.59169226,calculated,118.5881515,calculated,79.6824655,calculated,4.322854,calculated,1.0807135,calculated,0
SRC-RAW-37F0982A1ADBD5518794,火电热力,3892,燃生物质锅炉,,DZGL,GYGL,0,3,参照生成器、专业引擎及确定性脚本的治理关联实现,尚未核定，不能用候选数量直接推算,not_involved,,not_involved,,not_involved,,not_involved,,not_involved,,not_involved,,calculated,0
SRC-RAW-DE064C6CB36668D04305,火电热力,3893,燃生物质锅炉,,DZGL,GYGL,0,3,参照生成器、专业引擎及确定性脚本的治理关联实现,尚未核定，不能用候选数量直接推算,not_involved,,not_involved,,not_involved,,not_involved,,not_involved,,not_involved,,calculated,0
SRC-RAW-C2BE736B5CB2FADAA9BC,工业锅炉,4115,,燃煤锅炉,GYGL,DZGL,0,3,参照生成器、专业引擎及确定性脚本的治理关联实现,尚未核定，不能用候选数量直接推算,calculated,320.7492,calculated,353.7675,calculated,929.984004,calculated,325.4944014,calculated,1.9529664084,calculated,0,calculated,0
SRC-RAW-7B4BC8539352DD563012,火电热力,4301,燃煤锅炉,,DZGL,GYGL,0,2,参照生成器、专业引擎及确定性脚本的治理关联实现,尚未核定，不能用候选数量直接推算,calculated,178.5,calculated,120,calculated,107.3655,calculated,32.535,calculated,0.06507,calculated,0,calculated,0
SRC-RAW-39F79DE3E1F2B10AD763,火电热力,4302,燃煤锅炉,,DZGL,GYGL,0,2,参照生成器、专业引擎及确定性脚本的治理关联实现,尚未核定，不能用候选数量直接推算,calculated,148.75,calculated,100,calculated,89.47125,calculated,27.1125,calculated,0.054225,calculated,0,calculated,0
SRC-RAW-179DE2302B7639EA7357,火电热力,4303,燃煤锅炉,,DZGL,GYGL,0,2,参照生成器、专业引擎及确定性脚本的治理关联实现,尚未核定，不能用候选数量直接推算,calculated,178.5,calculated,120,calculated,107.3655,calculated,32.535,calculated,0.06507,calculated,0,calculated,0
SRC-RAW-3C2BFE2821CAF6CED5D7,火电热力,4304,燃煤锅炉,,DZGL,GYGL,0,2,参照生成器、专业引擎及确定性脚本的治理关联实现,尚未核定，不能用候选数量直接推算,calculated,238,calculated,160,calculated,143.154,calculated,43.38,calculated,0.08676,calculated,0,calculated,0
SRC-RAW-968567C43C72F0E8EC36,工业锅炉,4470,,燃煤锅炉,GYGL,DZGL,3,0,参照生成器、专业引擎及确定性脚本的治理关联实现,尚未核定，不能用候选数量直接推算,calculated,477.5009538,calculated,486.143505,calculated,27.6388787376,calculated,18.8753318208,calculated,0.1132519909248,calculated,0,calculated,28.808504
SRC-RAW-2764B878824035562904,工业锅炉,4472,,燃煤锅炉,GYGL,DZGL,2,0,参照生成器、专业引擎及确定性脚本的治理关联实现,尚未核定，不能用候选数量直接推算,calculated,56.4774,calculated,92.547,calculated,129.0912,calculated,45.18192,calculated,0.27109152,calculated,0,calculated,0
SRC-RAW-DC7D44874A7DF9C1D655,工业锅炉,4473,,燃煤锅炉,GYGL,DZGL,2,0,参照生成器、专业引擎及确定性脚本的治理关联实现,尚未核定，不能用候选数量直接推算,calculated,56.4774,calculated,92.547,calculated,127.1928,calculated,44.51748,calculated,0.26710488,calculated,0,calculated,0
SRC-RAW-261D4050960B16F27DCB,工业锅炉,4711,,燃气锅炉,GYGL,DZGL,0,1,参照生成器、专业引擎及确定性脚本的治理关联实现,尚未核定，不能用候选数量直接推算,calculated,0,calculated,0.456456,calculated,0.0084,calculated,0.0084,calculated,0,calculated,0,calculated,0
SRC-RAW-6676A728154F1FFB3ACD,火电热力,4961,燃气锅炉,,DZGL,GYGL,2,0,参照生成器、专业引擎及确定性脚本的治理关联实现,尚未核定，不能用候选数量直接推算,calculated,0,calculated,19.472622,calculated,0.18267,calculated,0.18267,calculated,0,calculated,0,calculated,0
SRC-RAW-3E434F514C6E5005030C,工业锅炉,4982,,燃气锅炉,GYGL,DZGL,0,1,参照生成器、专业引擎及确定性脚本的治理关联实现,尚未核定，不能用候选数量直接推算,calculated,0,calculated,54.09117714,calculated,0.995421,calculated,0.995421,calculated,0,calculated,0,calculated,0
SRC-RAW-4C3B936DAD8DAB4686B4,工业锅炉,5020,,燃煤锅炉,GYGL,DZGL,0,6,参照生成器、专业引擎及确定性脚本的治理关联实现,尚未核定，不能用候选数量直接推算,calculated,1268.74275645,calculated,765.95924925,calculated,2386.65046074,calculated,835.327661259,calculated,5.011965967554,calculated,0,calculated,0
SRC-RAW-B38EDC42BC1BE9A5CAB7,工业锅炉,5021,,燃煤锅炉,GYGL,DZGL,0,6,参照生成器、专业引擎及确定性脚本的治理关联实现,尚未核定，不能用候选数量直接推算,calculated,1268.74275645,calculated,765.95924925,calculated,2386.65046074,calculated,835.327661259,calculated,5.011965967554,calculated,0,calculated,0
SRC-RAW-67E4013E9CAB14733DE4,工业锅炉,5022,,燃煤锅炉,GYGL,DZGL,0,6,参照生成器、专业引擎及确定性脚本的治理关联实现,尚未核定，不能用候选数量直接推算,calculated,1268.74275645,calculated,765.95924925,calculated,2386.65046074,calculated,835.327661259,calculated,5.011965967554,calculated,0,calculated,0
SRC-RAW-EF508FA6E060F8F80BA9,工业锅炉,5023,,燃煤锅炉,GYGL,DZGL,0,6,参照生成器、专业引擎及确定性脚本的治理关联实现,尚未核定，不能用候选数量直接推算,calculated,1268.74275645,calculated,765.95924925,calculated,2386.65046074,calculated,835.327661259,calculated,5.011965967554,calculated,0,calculated,0
SRC-RAW-F0CA7C9D777FE1734C4F,工业锅炉,5040,,燃煤锅炉,GYGL,DZGL,3,0,参照生成器、专业引擎及确定性脚本的治理关联实现,尚未核定，不能用候选数量直接推算,information_insufficient,,information_insufficient,,information_insufficient,,information_insufficient,,information_insufficient,,information_insufficient,,calculated,9.2882176
SRC-RAW-9C6B4707675ACBC33B55,工业锅炉,5041,,燃煤锅炉,GYGL,DZGL,3,27,参照生成器、专业引擎及确定性脚本的治理关联实现,尚未核定，不能用候选数量直接推算,calculated,2635.35734,calculated,858.9775116,calculated,7379.8561875,calculated,1925.179875,calculated,3.85035975,calculated,0,calculated,0
SRC-RAW-0446E22AB6D9960E7D50,工业锅炉,5042,,其他锅炉,GYGL,DZGL,3,27,参照生成器、专业引擎及确定性脚本的治理关联实现,尚未核定，不能用候选数量直接推算,not_involved,,not_involved,,not_involved,,not_involved,,not_involved,,not_involved,,calculated,0
SRC-RAW-2BA048FA58280879EE4C,工业锅炉,5043,,其他锅炉,GYGL,DZGL,3,27,参照生成器、专业引擎及确定性脚本的治理关联实现,尚未核定，不能用候选数量直接推算,not_involved,,not_involved,,not_involved,,not_involved,,not_involved,,not_involved,,calculated,0
SRC-RAW-1AF21459EF3A70BEDD8D,工业锅炉,5044,,燃煤锅炉,GYGL,DZGL,3,27,参照生成器、专业引擎及确定性脚本的治理关联实现,尚未核定，不能用候选数量直接推算,calculated,6883.07543,calculated,2243.4934782,calculated,19274.84596875,calculated,5028.2206875,calculated,10.056441375,calculated,0,calculated,0
SRC-RAW-4E59EAB4F2E48EC94BEB,工业锅炉,5045,,燃煤锅炉,GYGL,DZGL,3,27,参照生成器、专业引擎及确定性脚本的治理关联实现,尚未核定，不能用候选数量直接推算,calculated,2087.76424125,calculated,957.91535775,calculated,5000.8094061,calculated,1750.283292135,calculated,10.50169975281,calculated,0,calculated,0
SRC-RAW-86ECEFDE8206FB409A3D,工业锅炉,5046,,燃煤锅炉,GYGL,DZGL,3,27,参照生成器、专业引擎及确定性脚本的治理关联实现,尚未核定，不能用候选数量直接推算,calculated,2087.76424125,calculated,957.91535775,calculated,5000.8094061,calculated,1750.283292135,calculated,10.50169975281,calculated,0,calculated,0
SRC-RAW-50F033F252321CC47E7F,工业锅炉,5047,,燃煤锅炉,GYGL,DZGL,3,27,参照生成器、专业引擎及确定性脚本的治理关联实现,尚未核定，不能用候选数量直接推算,calculated,3541.6446375,calculated,1624.9898925,calculated,8483.280567,calculated,2969.14819845,calculated,17.8148891907,calculated,0,calculated,0
SRC-RAW-9738EC4426C00780C8D7,工业锅炉,5048,,燃煤锅炉,GYGL,DZGL,3,27,参照生成器、专业引擎及确定性脚本的治理关联实现,尚未核定，不能用候选数量直接推算,calculated,3895.1309925,calculated,1787.1777495,calculated,9329.9843538,calculated,3265.49452383,calculated,19.59296714298,calculated,0,calculated,0
SRC-RAW-6E67CE59150CFC30034A,工业锅炉,5049,,燃煤锅炉,GYGL,DZGL,3,27,参照生成器、专业引擎及确定性脚本的治理关联实现,尚未核定，不能用候选数量直接推算,calculated,4088.580495,calculated,1875.936933,calculated,9793.3528092,calculated,3427.67348322,calculated,20.56604089932,calculated,0,calculated,0
SRC-RAW-9BF69049A57980E3BAD4,工业锅炉,5050,,其他锅炉,GYGL,DZGL,3,27,参照生成器、专业引擎及确定性脚本的治理关联实现,尚未核定，不能用候选数量直接推算,not_involved,,not_involved,,not_involved,,not_involved,,not_involved,,not_involved,,calculated,0
SRC-RAW-D20D737A22F0DD163F7F,工业锅炉,5097,,燃煤锅炉,GYGL,DZGL,0,4,参照生成器、专业引擎及确定性脚本的治理关联实现,尚未核定，不能用候选数量直接推算,calculated,189.968625,calculated,282.99375,calculated,2243.6325,calculated,785.271375,calculated,4.71162825,calculated,0,calculated,0
SRC-RAW-2DDC5871A960FF9A2A44,工业锅炉,5098,,燃煤锅炉,GYGL,DZGL,0,4,参照生成器、专业引擎及确定性脚本的治理关联实现,尚未核定，不能用候选数量直接推算,calculated,158.639019,calculated,236.32245,calculated,1873.61286,calculated,655.764501,calculated,3.934587006,calculated,0,calculated,0
SRC-RAW-B2CE19CB3088CFD86FEA,工业锅炉,5099,,燃煤锅炉,GYGL,DZGL,0,4,参照生成器、专业引擎及确定性脚本的治理关联实现,尚未核定，不能用候选数量直接推算,calculated,471.263562,calculated,702.0351,calculated,5565.87828,calculated,1948.057398,calculated,11.688344388,calculated,0,calculated,0
SRC-RAW-2E9E05DFFB0A9E979458,工业锅炉,5100,,燃煤锅炉,GYGL,DZGL,0,4,参照生成器、专业引擎及确定性脚本的治理关联实现,尚未核定，不能用候选数量直接推算,calculated,669.71058,calculated,997.659,calculated,7909.6452,calculated,2768.37582,calculated,16.61025492,calculated,0,calculated,0
SRC-RAW-0A6B927685F1B970E328,工业锅炉,5101,,燃煤锅炉,GYGL,DZGL,0,3,参照生成器、专业引擎及确定性脚本的治理关联实现,尚未核定，不能用候选数量直接推算,calculated,61.18083216,calculated,175.4450334,calculated,232.12727496,calculated,81.244546236,calculated,0.487467277416,calculated,0,calculated,0
SRC-RAW-7DA4AB14ECE8FBC63033,工业锅炉,5102,,燃煤锅炉,GYGL,DZGL,0,3,参照生成器、专业引擎及确定性脚本的治理关联实现,尚未核定，不能用候选数量直接推算,calculated,175.3078896,calculated,502.721154,calculated,665.1387576,calculated,232.79856516,calculated,1.39679139096,calculated,0,calculated,0
SRC-RAW-7F52A95A4890A1EB072F,工业锅炉,5103,,燃煤锅炉,GYGL,DZGL,0,3,参照生成器、专业引擎及确定性脚本的治理关联实现,尚未核定，不能用候选数量直接推算,calculated,150.5323956,calculated,431.6737815,calculated,571.1376186,calculated,199.89816651,calculated,1.19938899906,calculated,0,calculated,0
SRC-RAW-79514104FF4410E2ACCE,工业锅炉,5118,,燃煤锅炉,GYGL,DZGL,0,4,参照生成器、专业引擎及确定性脚本的治理关联实现,尚未核定，不能用候选数量直接推算,calculated,679.6806839,calculated,410.765925,calculated,1338.11107728,calculated,468.338877048,calculated,2.810033262288,calculated,0,calculated,0
SRC-RAW-E76E5835E7948598F022,工业锅炉,5119,,燃煤锅炉,GYGL,DZGL,0,4,参照生成器、专业引擎及确定性脚本的治理关联实现,尚未核定，不能用候选数量直接推算,calculated,1143.4026719,calculated,691.016925,calculated,2251.05673488,calculated,787.869857208,calculated,4.727219143248,calculated,0,calculated,0
SRC-RAW-7FC935BB576D21E41E10,工业锅炉,5126,,燃煤锅炉,GYGL,DZGL,0,3,参照生成器、专业引擎及确定性脚本的治理关联实现,尚未核定，不能用候选数量直接推算,calculated,417.9164094,calculated,877.97565,calculated,1135.04692032,calculated,397.266422112,calculated,2.383598532672,calculated,0,calculated,0
SRC-RAW-F22E014C8797D75ADE2E,工业锅炉,5129,,燃煤锅炉,GYGL,DZGL,0,3,参照生成器、专业引擎及确定性脚本的治理关联实现,尚未核定，不能用候选数量直接推算,calculated,198.24196825,calculated,272.87423865,calculated,313.45553568,calculated,109.709437488,calculated,0.658256624928,calculated,0,calculated,0
SRC-RAW-E3EB357DFCE369228D1F,工业锅炉,5130,,燃煤锅炉,GYGL,DZGL,0,3,参照生成器、专业引擎及确定性脚本的治理关联实现,尚未核定，不能用候选数量直接推算,calculated,259.8970965,calculated,357.7407093,calculated,410.94317376,calculated,143.830110816,calculated,0.862980664896,calculated,0,calculated,0
SRC-RAW-7B30B2EFD71E14AA8800,工业锅炉,5131,,燃煤锅炉,GYGL,DZGL,0,3,参照生成器、专业引擎及确定性脚本的治理关联实现,尚未核定，不能用候选数量直接推算,calculated,121.3050045,calculated,166.9727709,calculated,191.80461888,calculated,67.131616608,calculated,0.402789699648,calculated,0,calculated,0
SRC-RAW-B3A968F9A7CA8F82E5E4,工业锅炉,5132,,燃煤锅炉,GYGL,DZGL,0,3,参照生成器、专业引擎及确定性脚本的治理关联实现,尚未核定，不能用候选数量直接推算,calculated,744.62031075,calculated,1024.94795715,calculated,1177.37611488,calculated,412.081640208,calculated,2.472489841248,calculated,0,calculated,0
SRC-RAW-977479FE6A4BF1C6BD2C,工业锅炉,5133,,燃煤锅炉,GYGL,DZGL,0,3,参照生成器、专业引擎及确定性脚本的治理关联实现,尚未核定，不能用候选数量直接推算,calculated,844.995047,calculated,1163.1108294,calculated,1336.08628608,calculated,467.630200128,calculated,2.805781200768,calculated,0,calculated,0
SRC-RAW-83606CB9C6946165F3B0,火电热力,5472,燃生物质锅炉,,DZGL,GYGL,0,1,参照生成器、专业引擎及确定性脚本的治理关联实现,尚未核定，不能用候选数量直接推算,not_involved,,not_involved,,not_involved,,not_involved,,not_involved,,not_involved,,calculated,0
SRC-RAW-A7399E9858AC87EEEF48,火电热力,5473,燃生物质锅炉,,DZGL,GYGL,0,1,参照生成器、专业引擎及确定性脚本的治理关联实现,尚未核定，不能用候选数量直接推算,not_involved,,not_involved,,not_involved,,not_involved,,not_involved,,not_involved,,calculated,0
SRC-RAW-DEF5DB5EE0A1EC4F7517,火电热力,5737,燃煤锅炉,,DZGL,GYGL,0,3,参照生成器、专业引擎及确定性脚本的治理关联实现,尚未核定，不能用候选数量直接推算,calculated,130.7844,calculated,75.0087,calculated,312.34392,calculated,75.39336,calculated,0.15078672,calculated,0,calculated,0
SRC-RAW-7C0D50F41C0089E1F6B6,工业锅炉,5873,,燃气锅炉,GYGL,DZGL,0,1,参照生成器、专业引擎及确定性脚本的治理关联实现,尚未核定，不能用候选数量直接推算,information_insufficient,,information_insufficient,,information_insufficient,,information_insufficient,,information_insufficient,,information_insufficient,,calculated,0
SRC-RAW-016884A74403910FC27F,工业锅炉,5874,,燃气锅炉,GYGL,DZGL,0,1,参照生成器、专业引擎及确定性脚本的治理关联实现,尚未核定，不能用候选数量直接推算,information_insufficient,,information_insufficient,,information_insufficient,,information_insufficient,,information_insufficient,,information_insufficient,,calculated,0
SRC-RAW-258AE3A549E690AEC3AD,工业锅炉,5875,,燃气锅炉,GYGL,DZGL,0,1,参照生成器、专业引擎及确定性脚本的治理关联实现,尚未核定，不能用候选数量直接推算,information_insufficient,,information_insufficient,,information_insufficient,,information_insufficient,,information_insufficient,,information_insufficient,,calculated,0
SRC-RAW-C10F0726975682FC90DC,工业锅炉,5876,,燃气锅炉,GYGL,DZGL,0,1,参照生成器、专业引擎及确定性脚本的治理关联实现,尚未核定，不能用候选数量直接推算,information_insufficient,,information_insufficient,,information_insufficient,,information_insufficient,,information_insufficient,,information_insufficient,,calculated,0
