source_id,pollutant,field,factor_mode,parameter_record,standard_reference
SRC-RAW-B8510A104767F52727BA,SO2,燃料一平均收到基含硫量,coal_sulfur_balance,"[{""mode"":""coal_sulfur_balance"",""parameter_id"":""D-EP-COAL-PF-SO2+C-01"",""reference"":""附录D 表D.1|PDF-p43;附录C 表C.1、表C.2、表C.3|PDF-p40,41,42"",""role"":""primary"",""unit"":""g/kg"",""value"":11.049999999999999}]","[""冻结实施规则v1.0.1|operational-control-disposition"",""附录A 表A.1|PDF-p33-35"",""附录D 表D.1|PDF-p43;附录C 表C.1、表C.2、表C.3|PDF-p40,41,42""]"
SRC-RAW-3E1F4674BE5DEDEDE380,PM10,燃料一平均收到基灰分（%）,coal_particle_balance,"[{""mode"":""coal_particle_balance"",""parameter_id"":""D-EP-COAL-PF-PM10+C-01"",""reference"":""附录D 表D.1|PDF-p43;附录C 表C.1、表C.2、表C.3|PDF-p40,41,42"",""role"":""primary"",""unit"":""g/kg"",""value"":36.535500000000006},{""mode"":""coal_particle_balance"",""parameter_id"":""D-EP-COAL-PF-PM25+C-01"",""reference"":""附录D 表D.1|PDF-p43;附录C 表C.1、表C.2、表C.3|PDF-p40,41,42"",""role"":""pm25_pair_for_pm10"",""unit"":""g/kg"",""value"":9.531}]","[""冻结实施规则v1.0.1|operational-control-disposition"",""附录A 表A.1|PDF-p33-35"",""附录D 表D.1|PDF-p43;附录C 表C.1、表C.2、表C.3|PDF-p40,41,42""]"
SRC-RAW-3E1F4674BE5DEDEDE380,PM2.5,燃料一平均收到基灰分（%）,coal_particle_balance,"[{""mode"":""coal_particle_balance"",""parameter_id"":""D-EP-COAL-PF-PM25+C-01"",""reference"":""附录D 表D.1|PDF-p43;附录C 表C.1、表C.2、表C.3|PDF-p40,41,42"",""role"":""primary"",""unit"":""g/kg"",""value"":9.531}]","[""冻结实施规则v1.0.1|operational-control-disposition"",""附录A 表A.1|PDF-p33-35"",""附录D 表D.1|PDF-p43;附录C 表C.1、表C.2、表C.3|PDF-p40,41,42""]"
SRC-RAW-3E1F4674BE5DEDEDE380,BC,燃料一平均收到基灰分（%）,coal_particle_balance,"[{""mode"":""coal_particle_balance"",""parameter_id"":""D-EP-COAL-PF-BC+C-01"",""reference"":""附录D 表D.1|PDF-p43;附录C 表C.1、表C.2、表C.3|PDF-p40,41,42"",""role"":""primary"",""unit"":""g/kg"",""value"":0.019062000000000003}]","[""冻结实施规则v1.0.1|operational-control-disposition"",""附录A 表A.1|PDF-p33-35"",""附录D 表D.1|PDF-p43;附录C 表C.1、表C.2、表C.3|PDF-p40,41,42""]"
SRC-RAW-3E1F4674BE5DEDEDE380,OC,燃料一平均收到基灰分（%）,coal_particle_balance,"[{""mode"":""coal_particle_balance"",""parameter_id"":""D-EP-COAL-PF-OC+C-01"",""reference"":""附录D 表D.1|PDF-p43;附录C 表C.1、表C.2、表C.3|PDF-p40,41,42"",""role"":""primary"",""unit"":""g/kg"",""value"":0.0}]","[""冻结实施规则v1.0.1|operational-control-disposition"",""附录A 表A.1|PDF-p33-35"",""附录D 表D.1|PDF-p43;附录C 表C.1、表C.2、表C.3|PDF-p40,41,42""]"
SRC-RAW-CCDE74141F81CA791FFA,SO2,燃料一平均收到基含硫量,coal_sulfur_balance,"[{""mode"":""coal_sulfur_balance"",""parameter_id"":""D-EP-COAL-PF-SO2+C-01"",""reference"":""附录D 表D.1|PDF-p43;附录C 表C.1、表C.2、表C.3|PDF-p40,41,42"",""role"":""primary"",""unit"":""g/kg"",""value"":8.67}]","[""冻结实施规则v1.0.1|operational-control-disposition"",""附录A 表A.1|PDF-p33-35"",""附录D 表D.1|PDF-p43;附录C 表C.1、表C.2、表C.3|PDF-p40,41,42""]"
SRC-RAW-3EF4C285FA23D36D8A39,PM10,燃料一平均收到基灰分（%）,coal_particle_balance,"[{""mode"":""coal_particle_balance"",""parameter_id"":""D-EP-COAL-PF-PM10+C-01"",""reference"":""附录D 表D.1|PDF-p43;附录C 表C.1、表C.2、表C.3|PDF-p40,41,42"",""role"":""primary"",""unit"":""g/kg"",""value"":28.16925},{""mode"":""coal_particle_balance"",""parameter_id"":""D-EP-COAL-PF-PM25+C-01"",""reference"":""附录D 表D.1|PDF-p43;附录C 表C.1、表C.2、表C.3|PDF-p40,41,42"",""role"":""pm25_pair_for_pm10"",""unit"":""g/kg"",""value"":7.3485}]","[""冻结实施规则v1.0.1|operational-control-disposition"",""附录A 表A.1|PDF-p33-35"",""附录D 表D.1|PDF-p43;附录C 表C.1、表C.2、表C.3|PDF-p40,41,42""]"
SRC-RAW-3EF4C285FA23D36D8A39,PM2.5,燃料一平均收到基灰分（%）,coal_particle_balance,"[{""mode"":""coal_particle_balance"",""parameter_id"":""D-EP-COAL-PF-PM25+C-01"",""reference"":""附录D 表D.1|PDF-p43;附录C 表C.1、表C.2、表C.3|PDF-p40,41,42"",""role"":""primary"",""unit"":""g/kg"",""value"":7.3485}]","[""冻结实施规则v1.0.1|operational-control-disposition"",""附录A 表A.1|PDF-p33-35"",""附录D 表D.1|PDF-p43;附录C 表C.1、表C.2、表C.3|PDF-p40,41,42""]"
SRC-RAW-3EF4C285FA23D36D8A39,BC,燃料一平均收到基灰分（%）,coal_particle_balance,"[{""mode"":""coal_particle_balance"",""parameter_id"":""D-EP-COAL-PF-BC+C-01"",""reference"":""附录D 表D.1|PDF-p43;附录C 表C.1、表C.2、表C.3|PDF-p40,41,42"",""role"":""primary"",""unit"":""g/kg"",""value"":0.014697}]","[""冻结实施规则v1.0.1|operational-control-disposition"",""附录A 表A.1|PDF-p33-35"",""附录D 表D.1|PDF-p43;附录C 表C.1、表C.2、表C.3|PDF-p40,41,42""]"
SRC-RAW-3EF4C285FA23D36D8A39,OC,燃料一平均收到基灰分（%）,coal_particle_balance,"[{""mode"":""coal_particle_balance"",""parameter_id"":""D-EP-COAL-PF-OC+C-01"",""reference"":""附录D 表D.1|PDF-p43;附录C 表C.1、表C.2、表C.3|PDF-p40,41,42"",""role"":""primary"",""unit"":""g/kg"",""value"":0.0}]","[""冻结实施规则v1.0.1|operational-control-disposition"",""附录A 表A.1|PDF-p33-35"",""附录D 表D.1|PDF-p43;附录C 表C.1、表C.2、表C.3|PDF-p40,41,42""]"
SRC-RAW-82B5828D08384E0505B2,PM10,燃料一平均收到基灰分（%）,coal_particle_balance,"[{""mode"":""coal_particle_balance"",""parameter_id"":""D-EP-COAL-PF-PM10+C-01"",""reference"":""附录D 表D.1|PDF-p43;附录C 表C.1、表C.2、表C.3|PDF-p40,41,42"",""role"":""primary"",""unit"":""g/kg"",""value"":20.631},{""mode"":""coal_particle_balance"",""parameter_id"":""D-EP-COAL-PF-PM25+C-01"",""reference"":""附录D 表D.1|PDF-p43;附录C 表C.1、表C.2、表C.3|PDF-p40,41,42"",""role"":""pm25_pair_for_pm10"",""unit"":""g/kg"",""value"":5.382}]","[""冻结实施规则v1.0.1|operational-control-disposition"",""附录A 表A.1|PDF-p33-35"",""附录D 表D.1|PDF-p43;附录C 表C.1、表C.2、表C.3|PDF-p40,41,42""]"
SRC-RAW-82B5828D08384E0505B2,PM2.5,燃料一平均收到基灰分（%）,coal_particle_balance,"[{""mode"":""coal_particle_balance"",""parameter_id"":""D-EP-COAL-PF-PM25+C-01"",""reference"":""附录D 表D.1|PDF-p43;附录C 表C.1、表C.2、表C.3|PDF-p40,41,42"",""role"":""primary"",""unit"":""g/kg"",""value"":5.382}]","[""冻结实施规则v1.0.1|operational-control-disposition"",""附录A 表A.1|PDF-p33-35"",""附录D 表D.1|PDF-p43;附录C 表C.1、表C.2、表C.3|PDF-p40,41,42""]"
SRC-RAW-82B5828D08384E0505B2,BC,燃料一平均收到基灰分（%）,coal_particle_balance,"[{""mode"":""coal_particle_balance"",""parameter_id"":""D-EP-COAL-PF-BC+C-01"",""reference"":""附录D 表D.1|PDF-p43;附录C 表C.1、表C.2、表C.3|PDF-p40,41,42"",""role"":""primary"",""unit"":""g/kg"",""value"":0.010764}]","[""冻结实施规则v1.0.1|operational-control-disposition"",""附录A 表A.1|PDF-p33-35"",""附录D 表D.1|PDF-p43;附录C 表C.1、表C.2、表C.3|PDF-p40,41,42""]"
SRC-RAW-82B5828D08384E0505B2,OC,燃料一平均收到基灰分（%）,coal_particle_balance,"[{""mode"":""coal_particle_balance"",""parameter_id"":""D-EP-COAL-PF-OC+C-01"",""reference"":""附录D 表D.1|PDF-p43;附录C 表C.1、表C.2、表C.3|PDF-p40,41,42"",""role"":""primary"",""unit"":""g/kg"",""value"":0.0}]","[""冻结实施规则v1.0.1|operational-control-disposition"",""附录A 表A.1|PDF-p33-35"",""附录D 表D.1|PDF-p43;附录C 表C.1、表C.2、表C.3|PDF-p40,41,42""]"
SRC-RAW-004BFF7E05001898F508,SO2,燃料一平均收到基含硫量,coal_sulfur_balance,"[{""mode"":""coal_sulfur_balance"",""parameter_id"":""E-MM-COAL-AUTOGRATE-SO2+C-13"",""reference"":""附录E 表E.7|PDF-p54;附录C 表C.1、表C.2、表C.3|PDF-p40,41,42"",""role"":""primary"",""unit"":""g/kg"",""value"":8.84}]","[""附录A 表A.1|PDF-p33-35"",""附录E 表E.7|PDF-p54;附录C 表C.1、表C.2、表C.3|PDF-p40,41,42""]"
SRC-RAW-FFC0B973A05AAD3E232F,PM10,燃料一平均收到基灰分（%）,coal_particle_balance,"[{""mode"":""coal_particle_balance"",""parameter_id"":""E-MM-COAL-AUTOGRATE-PM10+C-13"",""reference"":""附录E 表E.7|PDF-p54;附录C 表C.1、表C.2、表C.3|PDF-p40,41,42"",""role"":""primary"",""unit"":""g/kg"",""value"":1.5000000000000002},{""mode"":""coal_particle_balance"",""parameter_id"":""E-MM-COAL-AUTOGRATE-PM25+C-13"",""reference"":""附录E 表E.7|PDF-p54;附录C 表C.1、表C.2、表C.3|PDF-p40,41,42"",""role"":""pm25_pair_for_pm10"",""unit"":""g/kg"",""value"":0.5250000000000001}]","[""冻结实施规则v1.0.1|operational-control-disposition"",""附录E 表E.7|PDF-p54;附录C 表C.1、表C.2、表C.3|PDF-p40,41,42""]"
SRC-RAW-FFC0B973A05AAD3E232F,PM2.5,燃料一平均收到基灰分（%）,coal_particle_balance,"[{""mode"":""coal_particle_balance"",""parameter_id"":""E-MM-COAL-AUTOGRATE-PM25+C-13"",""reference"":""附录E 表E.7|PDF-p54;附录C 表C.1、表C.2、表C.3|PDF-p40,41,42"",""role"":""primary"",""unit"":""g/kg"",""value"":0.5250000000000001}]","[""冻结实施规则v1.0.1|operational-control-disposition"",""附录E 表E.7|PDF-p54;附录C 表C.1、表C.2、表C.3|PDF-p40,41,42""]"
SRC-RAW-FFC0B973A05AAD3E232F,BC,燃料一平均收到基灰分（%）,coal_particle_balance,"[{""mode"":""coal_particle_balance"",""parameter_id"":""E-MM-COAL-AUTOGRATE-BC+C-13"",""reference"":""附录E 表E.7|PDF-p54;附录C 表C.1、表C.2、表C.3|PDF-p40,41,42"",""role"":""primary"",""unit"":""g/kg"",""value"":0.10500000000000004}]","[""冻结实施规则v1.0.1|operational-control-disposition"",""附录E 表E.7|PDF-p54;附录C 表C.1、表C.2、表C.3|PDF-p40,41,42""]"
SRC-RAW-FFC0B973A05AAD3E232F,OC,燃料一平均收到基灰分（%）,coal_particle_balance,"[{""mode"":""coal_particle_balance"",""parameter_id"":""E-MM-COAL-AUTOGRATE-OC+C-13"",""reference"":""附录E 表E.7|PDF-p54;附录C 表C.1、表C.2、表C.3|PDF-p40,41,42"",""role"":""primary"",""unit"":""g/kg"",""value"":0.021000000000000005}]","[""冻结实施规则v1.0.1|operational-control-disposition"",""附录E 表E.7|PDF-p54;附录C 表C.1、表C.2、表C.3|PDF-p40,41,42""]"
SRC-RAW-6B2A959B5DD6F8A603F6,PM10,燃料一平均收到基灰分（%）,coal_particle_balance,"[{""mode"":""coal_particle_balance"",""parameter_id"":""D-EP-COAL-CFB-PM10+C-02"",""reference"":""附录D 表D.1|PDF-p43;附录C 表C.1、表C.2、表C.3|PDF-p40,41,42"",""role"":""primary"",""unit"":""g/kg"",""value"":21.647920000000003},{""mode"":""coal_particle_balance"",""parameter_id"":""D-EP-COAL-CFB-PM25+C-02"",""reference"":""附录D 表D.1|PDF-p43;附录C 表C.1、表C.2、表C.3|PDF-p40,41,42"",""role"":""pm25_pair_for_pm10"",""unit"":""g/kg"",""value"":5.225360000000001}]","[""附录A 表A.1|PDF-p33-35"",""附录D 表D.1|PDF-p43;附录C 表C.1、表C.2、表C.3|PDF-p40,41,42""]"
SRC-RAW-6B2A959B5DD6F8A603F6,PM2.5,燃料一平均收到基灰分（%）,coal_particle_balance,"[{""mode"":""coal_particle_balance"",""parameter_id"":""D-EP-COAL-CFB-PM25+C-02"",""reference"":""附录D 表D.1|PDF-p43;附录C 表C.1、表C.2、表C.3|PDF-p40,41,42"",""role"":""primary"",""unit"":""g/kg"",""value"":5.225360000000001}]","[""附录A 表A.1|PDF-p33-35"",""附录D 表D.1|PDF-p43;附录C 表C.1、表C.2、表C.3|PDF-p40,41,42""]"
SRC-RAW-6B2A959B5DD6F8A603F6,BC,燃料一平均收到基灰分（%）,coal_particle_balance,"[{""mode"":""coal_particle_balance"",""parameter_id"":""D-EP-COAL-CFB-BC+C-02"",""reference"":""附录D 表D.1|PDF-p43;附录C 表C.1、表C.2、表C.3|PDF-p40,41,42"",""role"":""primary"",""unit"":""g/kg"",""value"":0.010450720000000002}]","[""附录A 表A.1|PDF-p33-35"",""附录D 表D.1|PDF-p43;附录C 表C.1、表C.2、表C.3|PDF-p40,41,42""]"
SRC-RAW-6B2A959B5DD6F8A603F6,OC,燃料一平均收到基灰分（%）,coal_particle_balance,"[{""mode"":""coal_particle_balance"",""parameter_id"":""D-EP-COAL-CFB-OC+C-02"",""reference"":""附录D 表D.1|PDF-p43;附录C 表C.1、表C.2、表C.3|PDF-p40,41,42"",""role"":""primary"",""unit"":""g/kg"",""value"":0.0}]","[""附录A 表A.1|PDF-p33-35"",""附录D 表D.1|PDF-p43;附录C 表C.1、表C.2、表C.3|PDF-p40,41,42""]"
SRC-RAW-72233F12645656D2C844,SO2,燃料一平均收到基含硫量,coal_sulfur_balance,"[{""mode"":""coal_sulfur_balance"",""parameter_id"":""D-EP-COAL-PF-SO2+C-01"",""reference"":""附录D 表D.1|PDF-p43;附录C 表C.1、表C.2、表C.3|PDF-p40,41,42"",""role"":""primary"",""unit"":""g/kg"",""value"":9.265}]","[""附录A 表A.1|PDF-p33-35"",""附录D 表D.1|PDF-p43;附录C 表C.1、表C.2、表C.3|PDF-p40,41,42""]"
SRC-RAW-6F0411A459B438D419BD,PM10,燃料一平均收到基灰分（%）,coal_particle_balance,"[{""mode"":""coal_particle_balance"",""parameter_id"":""D-EP-COAL-PF-PM10+C-01"",""reference"":""附录D 表D.1|PDF-p43;附录C 表C.1、表C.2、表C.3|PDF-p40,41,42"",""role"":""primary"",""unit"":""g/kg"",""value"":22.2525},{""mode"":""coal_particle_balance"",""parameter_id"":""D-EP-COAL-PF-PM25+C-01"",""reference"":""附录D 表D.1|PDF-p43;附录C 表C.1、表C.2、表C.3|PDF-p40,41,42"",""role"":""pm25_pair_for_pm10"",""unit"":""g/kg"",""value"":5.805}]","[""冻结实施规则v1.0.1|operational-control-disposition"",""附录A 表A.1|PDF-p33-35"",""附录D 表D.1|PDF-p43;附录C 表C.1、表C.2、表C.3|PDF-p40,41,42""]"
SRC-RAW-6F0411A459B438D419BD,PM2.5,燃料一平均收到基灰分（%）,coal_particle_balance,"[{""mode"":""coal_particle_balance"",""parameter_id"":""D-EP-COAL-PF-PM25+C-01"",""reference"":""附录D 表D.1|PDF-p43;附录C 表C.1、表C.2、表C.3|PDF-p40,41,42"",""role"":""primary"",""unit"":""g/kg"",""value"":5.805}]","[""冻结实施规则v1.0.1|operational-control-disposition"",""附录A 表A.1|PDF-p33-35"",""附录D 表D.1|PDF-p43;附录C 表C.1、表C.2、表C.3|PDF-p40,41,42""]"
SRC-RAW-6F0411A459B438D419BD,BC,燃料一平均收到基灰分（%）,coal_particle_balance,"[{""mode"":""coal_particle_balance"",""parameter_id"":""D-EP-COAL-PF-BC+C-01"",""reference"":""附录D 表D.1|PDF-p43;附录C 表C.1、表C.2、表C.3|PDF-p40,41,42"",""role"":""primary"",""unit"":""g/kg"",""value"":0.01161}]","[""冻结实施规则v1.0.1|operational-control-disposition"",""附录A 表A.1|PDF-p33-35"",""附录D 表D.1|PDF-p43;附录C 表C.1、表C.2、表C.3|PDF-p40,41,42""]"
SRC-RAW-6F0411A459B438D419BD,OC,燃料一平均收到基灰分（%）,coal_particle_balance,"[{""mode"":""coal_particle_balance"",""parameter_id"":""D-EP-COAL-PF-OC+C-01"",""reference"":""附录D 表D.1|PDF-p43;附录C 表C.1、表C.2、表C.3|PDF-p40,41,42"",""role"":""primary"",""unit"":""g/kg"",""value"":0.0}]","[""冻结实施规则v1.0.1|operational-control-disposition"",""附录A 表A.1|PDF-p33-35"",""附录D 表D.1|PDF-p43;附录C 表C.1、表C.2、表C.3|PDF-p40,41,42""]"
SRC-RAW-FAB5057D4C83F3A4DE14,PM10,燃料一平均收到基灰分（%）,coal_particle_balance,"[{""mode"":""coal_particle_balance"",""parameter_id"":""D-EP-COAL-PF-PM10+C-01"",""reference"":""附录D 表D.1|PDF-p43;附录C 表C.1、表C.2、表C.3|PDF-p40,41,42"",""role"":""primary"",""unit"":""g/kg"",""value"":16.3185},{""mode"":""coal_particle_balance"",""parameter_id"":""D-EP-COAL-PF-PM25+C-01"",""reference"":""附录D 表D.1|PDF-p43;附录C 表C.1、表C.2、表C.3|PDF-p40,41,42"",""role"":""pm25_pair_for_pm10"",""unit"":""g/kg"",""value"":4.257}]","[""冻结实施规则v1.0.1|operational-control-disposition"",""附录A 表A.1|PDF-p33-35"",""附录D 表D.1|PDF-p43;附录C 表C.1、表C.2、表C.3|PDF-p40,41,42""]"
SRC-RAW-FAB5057D4C83F3A4DE14,PM2.5,燃料一平均收到基灰分（%）,coal_particle_balance,"[{""mode"":""coal_particle_balance"",""parameter_id"":""D-EP-COAL-PF-PM25+C-01"",""reference"":""附录D 表D.1|PDF-p43;附录C 表C.1、表C.2、表C.3|PDF-p40,41,42"",""role"":""primary"",""unit"":""g/kg"",""value"":4.257}]","[""冻结实施规则v1.0.1|operational-control-disposition"",""附录A 表A.1|PDF-p33-35"",""附录D 表D.1|PDF-p43;附录C 表C.1、表C.2、表C.3|PDF-p40,41,42""]"
SRC-RAW-FAB5057D4C83F3A4DE14,BC,燃料一平均收到基灰分（%）,coal_particle_balance,"[{""mode"":""coal_particle_balance"",""parameter_id"":""D-EP-COAL-PF-BC+C-01"",""reference"":""附录D 表D.1|PDF-p43;附录C 表C.1、表C.2、表C.3|PDF-p40,41,42"",""role"":""primary"",""unit"":""g/kg"",""value"":0.008513999999999999}]","[""冻结实施规则v1.0.1|operational-control-disposition"",""附录A 表A.1|PDF-p33-35"",""附录D 表D.1|PDF-p43;附录C 表C.1、表C.2、表C.3|PDF-p40,41,42""]"
SRC-RAW-FAB5057D4C83F3A4DE14,OC,燃料一平均收到基灰分（%）,coal_particle_balance,"[{""mode"":""coal_particle_balance"",""parameter_id"":""D-EP-COAL-PF-OC+C-01"",""reference"":""附录D 表D.1|PDF-p43;附录C 表C.1、表C.2、表C.3|PDF-p40,41,42"",""role"":""primary"",""unit"":""g/kg"",""value"":0.0}]","[""冻结实施规则v1.0.1|operational-control-disposition"",""附录A 表A.1|PDF-p33-35"",""附录D 表D.1|PDF-p43;附录C 表C.1、表C.2、表C.3|PDF-p40,41,42""]"
SRC-RAW-E1396E97602796F2B2D9,SO2,燃料一平均收到基含硫量,coal_sulfur_balance,"[{""mode"":""coal_sulfur_balance"",""parameter_id"":""D-EP-COAL-PF-SO2+C-01"",""reference"":""附录D 表D.1|PDF-p43;附录C 表C.1、表C.2、表C.3|PDF-p40,41,42"",""role"":""primary"",""unit"":""g/kg"",""value"":10.2}]","[""冻结实施规则v1.0.1|operational-control-disposition"",""附录A 表A.1|PDF-p33-35"",""附录D 表D.1|PDF-p43;附录C 表C.1、表C.2、表C.3|PDF-p40,41,42""]"
SRC-RAW-A42AE6EB5B122E58A6B2,PM10,燃料一平均收到基灰分（%）,coal_particle_balance,"[{""mode"":""coal_particle_balance"",""parameter_id"":""D-EP-COAL-PF-PM10+C-01"",""reference"":""附录D 表D.1|PDF-p43;附录C 表C.1、表C.2、表C.3|PDF-p40,41,42"",""role"":""primary"",""unit"":""g/kg"",""value"":12.971999999999998},{""mode"":""coal_particle_balance"",""parameter_id"":""D-EP-COAL-PF-PM25+C-01"",""reference"":""附录D 表D.1|PDF-p43;附录C 表C.1、表C.2、表C.3|PDF-p40,41,42"",""role"":""pm25_pair_for_pm10"",""unit"":""g/kg"",""value"":3.3839999999999995}]","[""冻结实施规则v1.0.1|operational-control-disposition"",""附录A 表A.1|PDF-p33-35"",""附录D 表D.1|PDF-p43;附录C 表C.1、表C.2、表C.3|PDF-p40,41,42""]"
SRC-RAW-A42AE6EB5B122E58A6B2,PM2.5,燃料一平均收到基灰分（%）,coal_particle_balance,"[{""mode"":""coal_particle_balance"",""parameter_id"":""D-EP-COAL-PF-PM25+C-01"",""reference"":""附录D 表D.1|PDF-p43;附录C 表C.1、表C.2、表C.3|PDF-p40,41,42"",""role"":""primary"",""unit"":""g/kg"",""value"":3.3839999999999995}]","[""冻结实施规则v1.0.1|operational-control-disposition"",""附录A 表A.1|PDF-p33-35"",""附录D 表D.1|PDF-p43;附录C 表C.1、表C.2、表C.3|PDF-p40,41,42""]"
SRC-RAW-A42AE6EB5B122E58A6B2,BC,燃料一平均收到基灰分（%）,coal_particle_balance,"[{""mode"":""coal_particle_balance"",""parameter_id"":""D-EP-COAL-PF-BC+C-01"",""reference"":""附录D 表D.1|PDF-p43;附录C 表C.1、表C.2、表C.3|PDF-p40,41,42"",""role"":""primary"",""unit"":""g/kg"",""value"":0.006767999999999999}]","[""冻结实施规则v1.0.1|operational-control-disposition"",""附录A 表A.1|PDF-p33-35"",""附录D 表D.1|PDF-p43;附录C 表C.1、表C.2、表C.3|PDF-p40,41,42""]"
SRC-RAW-A42AE6EB5B122E58A6B2,OC,燃料一平均收到基灰分（%）,coal_particle_balance,"[{""mode"":""coal_particle_balance"",""parameter_id"":""D-EP-COAL-PF-OC+C-01"",""reference"":""附录D 表D.1|PDF-p43;附录C 表C.1、表C.2、表C.3|PDF-p40,41,42"",""role"":""primary"",""unit"":""g/kg"",""value"":0.0}]","[""冻结实施规则v1.0.1|operational-control-disposition"",""附录A 表A.1|PDF-p33-35"",""附录D 表D.1|PDF-p43;附录C 表C.1、表C.2、表C.3|PDF-p40,41,42""]"
SRC-RAW-CBBFC1A28AA95EDC417A,SO2,燃料一平均收到基含硫量,coal_sulfur_balance,"[{""mode"":""coal_sulfur_balance"",""parameter_id"":""D-EP-COAL-CFB-SO2+C-02"",""reference"":""附录D 表D.1|PDF-p43;附录C 表C.1、表C.2、表C.3|PDF-p40,41,42"",""role"":""primary"",""unit"":""g/kg"",""value"":9.520000000000001}]","[""冻结实施规则v1.0.1|operational-control-disposition"",""附录A 表A.1|PDF-p33-35"",""附录D 表D.1|PDF-p43;附录C 表C.1、表C.2、表C.3|PDF-p40,41,42""]"
SRC-RAW-E8D8A4F112B9DBDBA700,SO2,燃料一平均收到基含硫量,coal_sulfur_balance,"[{""mode"":""coal_sulfur_balance"",""parameter_id"":""E-MM-COAL-AUTOGRATE-SO2+C-13"",""reference"":""附录E 表E.7|PDF-p54;附录C 表C.1、表C.2、表C.3|PDF-p40,41,42"",""role"":""primary"",""unit"":""g/kg"",""value"":5.1}]","[""冻结实施规则v1.0.1|operational-control-disposition"",""附录A 表A.1|PDF-p33-35"",""附录E 表E.7|PDF-p54;附录C 表C.1、表C.2、表C.3|PDF-p40,41,42""]"
SRC-RAW-4F35FA7A746C938FC50F,SO2,燃料一平均收到基含硫量,coal_sulfur_balance,"[{""mode"":""coal_sulfur_balance"",""parameter_id"":""E-MM-COAL-AUTOGRATE-SO2+C-13"",""reference"":""附录E 表E.7|PDF-p54;附录C 表C.1、表C.2、表C.3|PDF-p40,41,42"",""role"":""primary"",""unit"":""g/kg"",""value"":4.93}]","[""冻结实施规则v1.0.1|operational-control-disposition"",""附录A 表A.1|PDF-p33-35"",""附录E 表E.7|PDF-p54;附录C 表C.1、表C.2、表C.3|PDF-p40,41,42""]"
SRC-RAW-5A611CB426E8DD7E653A,SO2,燃料一平均收到基含硫量,coal_sulfur_balance,"[{""mode"":""coal_sulfur_balance"",""parameter_id"":""E-MM-COAL-CFB-SO2+C-12"",""reference"":""附录E 表E.7|PDF-p54;附录C 表C.1、表C.2、表C.3|PDF-p40,41,42"",""role"":""primary"",""unit"":""g/kg"",""value"":4.93}]","[""冻结实施规则v1.0.1|operational-control-disposition"",""附录A 表A.1|PDF-p33-35"",""附录E 表E.7|PDF-p54;附录C 表C.1、表C.2、表C.3|PDF-p40,41,42""]"
SRC-RAW-E1CA90AF5B1138F2A52A,SO2,燃料一平均收到基含硫量,coal_sulfur_balance,"[{""mode"":""coal_sulfur_balance"",""parameter_id"":""E-MM-COAL-CFB-SO2+C-12"",""reference"":""附录E 表E.7|PDF-p54;附录C 表C.1、表C.2、表C.3|PDF-p40,41,42"",""role"":""primary"",""unit"":""g/kg"",""value"":3.91}]","[""冻结实施规则v1.0.1|operational-control-disposition"",""附录A 表A.1|PDF-p33-35"",""附录E 表E.7|PDF-p54;附录C 表C.1、表C.2、表C.3|PDF-p40,41,42""]"
SRC-RAW-D0E1D7D809221865179F,PM10,燃料一平均收到基灰分（%）,coal_particle_balance,"[{""mode"":""coal_particle_balance"",""parameter_id"":""E-MM-COAL-AUTOGRATE-PM10+C-13"",""reference"":""附录E 表E.7|PDF-p54;附录C 表C.1、表C.2、表C.3|PDF-p40,41,42"",""role"":""primary"",""unit"":""g/kg"",""value"":1.7880000000000003},{""mode"":""coal_particle_balance"",""parameter_id"":""E-MM-COAL-AUTOGRATE-PM25+C-13"",""reference"":""附录E 表E.7|PDF-p54;附录C 表C.1、表C.2、表C.3|PDF-p40,41,42"",""role"":""pm25_pair_for_pm10"",""unit"":""g/kg"",""value"":0.6258000000000001}]","[""冻结实施规则v1.0.1|operational-control-disposition"",""附录A 表A.1|PDF-p33-35"",""附录E 表E.7|PDF-p54;附录C 表C.1、表C.2、表C.3|PDF-p40,41,42""]"
SRC-RAW-D0E1D7D809221865179F,PM2.5,燃料一平均收到基灰分（%）,coal_particle_balance,"[{""mode"":""coal_particle_balance"",""parameter_id"":""E-MM-COAL-AUTOGRATE-PM25+C-13"",""reference"":""附录E 表E.7|PDF-p54;附录C 表C.1、表C.2、表C.3|PDF-p40,41,42"",""role"":""primary"",""unit"":""g/kg"",""value"":0.6258000000000001}]","[""冻结实施规则v1.0.1|operational-control-disposition"",""附录A 表A.1|PDF-p33-35"",""附录E 表E.7|PDF-p54;附录C 表C.1、表C.2、表C.3|PDF-p40,41,42""]"
SRC-RAW-D0E1D7D809221865179F,BC,燃料一平均收到基灰分（%）,coal_particle_balance,"[{""mode"":""coal_particle_balance"",""parameter_id"":""E-MM-COAL-AUTOGRATE-BC+C-13"",""reference"":""附录E 表E.7|PDF-p54;附录C 表C.1、表C.2、表C.3|PDF-p40,41,42"",""role"":""primary"",""unit"":""g/kg"",""value"":0.12516000000000002}]","[""冻结实施规则v1.0.1|operational-control-disposition"",""附录A 表A.1|PDF-p33-35"",""附录E 表E.7|PDF-p54;附录C 表C.1、表C.2、表C.3|PDF-p40,41,42""]"
SRC-RAW-D0E1D7D809221865179F,OC,燃料一平均收到基灰分（%）,coal_particle_balance,"[{""mode"":""coal_particle_balance"",""parameter_id"":""E-MM-COAL-AUTOGRATE-OC+C-13"",""reference"":""附录E 表E.7|PDF-p54;附录C 表C.1、表C.2、表C.3|PDF-p40,41,42"",""role"":""primary"",""unit"":""g/kg"",""value"":0.025032000000000006}]","[""冻结实施规则v1.0.1|operational-control-disposition"",""附录A 表A.1|PDF-p33-35"",""附录E 表E.7|PDF-p54;附录C 表C.1、表C.2、表C.3|PDF-p40,41,42""]"
SRC-RAW-7B1B93A760DD2B1DB0F8,PM10,燃料一平均收到基灰分（%）,coal_particle_balance,"[{""mode"":""coal_particle_balance"",""parameter_id"":""D-EP-COAL-CFB-PM10+C-02"",""reference"":""附录D 表D.1|PDF-p43;附录C 表C.1、表C.2、表C.3|PDF-p40,41,42"",""role"":""primary"",""unit"":""g/kg"",""value"":30.352560000000004},{""mode"":""coal_particle_balance"",""parameter_id"":""D-EP-COAL-CFB-PM25+C-02"",""reference"":""附录D 表D.1|PDF-p43;附录C 表C.1、表C.2、表C.3|PDF-p40,41,42"",""role"":""pm25_pair_for_pm10"",""unit"":""g/kg"",""value"":7.326480000000002}]","[""冻结实施规则v1.0.1|operational-control-disposition"",""附录A 表A.1|PDF-p33-35"",""附录D 表D.1|PDF-p43;附录C 表C.1、表C.2、表C.3|PDF-p40,41,42""]"
SRC-RAW-7B1B93A760DD2B1DB0F8,PM2.5,燃料一平均收到基灰分（%）,coal_particle_balance,"[{""mode"":""coal_particle_balance"",""parameter_id"":""D-EP-COAL-CFB-PM25+C-02"",""reference"":""附录D 表D.1|PDF-p43;附录C 表C.1、表C.2、表C.3|PDF-p40,41,42"",""role"":""primary"",""unit"":""g/kg"",""value"":7.326480000000002}]","[""冻结实施规则v1.0.1|operational-control-disposition"",""附录A 表A.1|PDF-p33-35"",""附录D 表D.1|PDF-p43;附录C 表C.1、表C.2、表C.3|PDF-p40,41,42""]"
SRC-RAW-7B1B93A760DD2B1DB0F8,BC,燃料一平均收到基灰分（%）,coal_particle_balance,"[{""mode"":""coal_particle_balance"",""parameter_id"":""D-EP-COAL-CFB-BC+C-02"",""reference"":""附录D 表D.1|PDF-p43;附录C 表C.1、表C.2、表C.3|PDF-p40,41,42"",""role"":""primary"",""unit"":""g/kg"",""value"":0.014652960000000005}]","[""冻结实施规则v1.0.1|operational-control-disposition"",""附录A 表A.1|PDF-p33-35"",""附录D 表D.1|PDF-p43;附录C 表C.1、表C.2、表C.3|PDF-p40,41,42""]"
SRC-RAW-7B1B93A760DD2B1DB0F8,OC,燃料一平均收到基灰分（%）,coal_particle_balance,"[{""mode"":""coal_particle_balance"",""parameter_id"":""D-EP-COAL-CFB-OC+C-02"",""reference"":""附录D 表D.1|PDF-p43;附录C 表C.1、表C.2、表C.3|PDF-p40,41,42"",""role"":""primary"",""unit"":""g/kg"",""value"":0.0}]","[""冻结实施规则v1.0.1|operational-control-disposition"",""附录A 表A.1|PDF-p33-35"",""附录D 表D.1|PDF-p43;附录C 表C.1、表C.2、表C.3|PDF-p40,41,42""]"
SRC-RAW-094CC43E62D48F0DFC4D,SO2,燃料一平均收到基含硫量,coal_sulfur_balance,"[{""mode"":""coal_sulfur_balance"",""parameter_id"":""D-EP-COAL-PF-SO2+C-01"",""reference"":""附录D 表D.1|PDF-p43;附录C 表C.1、表C.2、表C.3|PDF-p40,41,42"",""role"":""primary"",""unit"":""g/kg"",""value"":6.630000000000001}]","[""冻结实施规则v1.0.1|operational-control-disposition"",""附录A 表A.1|PDF-p33-35"",""附录D 表D.1|PDF-p43;附录C 表C.1、表C.2、表C.3|PDF-p40,41,42""]"
SRC-RAW-AD963A2E98F587C4C005,SO2,燃料一平均收到基含硫量,coal_sulfur_balance,"[{""mode"":""coal_sulfur_balance"",""parameter_id"":""D-HS-COAL-CFB-SO2+C-09"",""reference"":""附录D 表D.1|PDF-p44;附录C 表C.1、表C.2、表C.3|PDF-p40,41,42"",""role"":""primary"",""unit"":""g/kg"",""value"":5.1}]","[""冻结实施规则v1.0.1|operational-control-disposition"",""附录A 表A.1|PDF-p33-35"",""附录D 表D.1|PDF-p44;附录C 表C.1、表C.2、表C.3|PDF-p40,41,42""]"
SRC-RAW-13544BB87A2F5434234E,SO2,燃料一平均收到基含硫量,coal_sulfur_balance,"[{""mode"":""coal_sulfur_balance"",""parameter_id"":""E-MM-COAL-CFB-SO2+C-12"",""reference"":""附录E 表E.7|PDF-p54;附录C 表C.1、表C.2、表C.3|PDF-p40,41,42"",""role"":""primary"",""unit"":""g/kg"",""value"":6.29}]","[""冻结实施规则v1.0.1|operational-control-disposition"",""附录E 表E.7|PDF-p54;附录C 表C.1、表C.2、表C.3|PDF-p40,41,42""]"
SRC-RAW-A9FB6E4E293E435004D8,SO2,燃料一平均收到基含硫量,coal_sulfur_balance,"[{""mode"":""coal_sulfur_balance"",""parameter_id"":""D-EP-COAL-PF-SO2+C-01"",""reference"":""附录D 表D.1|PDF-p43;附录C 表C.1、表C.2、表C.3|PDF-p40,41,42"",""role"":""primary"",""unit"":""g/kg"",""value"":10.03}]","[""冻结实施规则v1.0.1|operational-control-disposition"",""附录A 表A.1|PDF-p33-35"",""附录D 表D.1|PDF-p43;附录C 表C.1、表C.2、表C.3|PDF-p40,41,42""]"
SRC-RAW-3CCA598CC2D59E595061,PM10,燃料一平均收到基灰分（%）,coal_particle_balance,"[{""mode"":""coal_particle_balance"",""parameter_id"":""E-MM-COAL-CFB-PM10+C-12"",""reference"":""附录E 表E.7|PDF-p54;附录C 表C.1、表C.2、表C.3|PDF-p40,41,42"",""role"":""primary"",""unit"":""g/kg"",""value"":5.795999999999999},{""mode"":""coal_particle_balance"",""parameter_id"":""E-MM-COAL-CFB-PM25+C-12"",""reference"":""附录E 表E.7|PDF-p54;附录C 表C.1、表C.2、表C.3|PDF-p40,41,42"",""role"":""pm25_pair_for_pm10"",""unit"":""g/kg"",""value"":2.0286}]","[""冻结实施规则v1.0.1|operational-control-disposition"",""附录A 表A.1|PDF-p33-35"",""附录E 表E.7|PDF-p54;附录C 表C.1、表C.2、表C.3|PDF-p40,41,42""]"
SRC-RAW-3CCA598CC2D59E595061,PM2.5,燃料一平均收到基灰分（%）,coal_particle_balance,"[{""mode"":""coal_particle_balance"",""parameter_id"":""E-MM-COAL-CFB-PM25+C-12"",""reference"":""附录E 表E.7|PDF-p54;附录C 表C.1、表C.2、表C.3|PDF-p40,41,42"",""role"":""primary"",""unit"":""g/kg"",""value"":2.0286}]","[""冻结实施规则v1.0.1|operational-control-disposition"",""附录A 表A.1|PDF-p33-35"",""附录E 表E.7|PDF-p54;附录C 表C.1、表C.2、表C.3|PDF-p40,41,42""]"
SRC-RAW-3CCA598CC2D59E595061,BC,燃料一平均收到基灰分（%）,coal_particle_balance,"[{""mode"":""coal_particle_balance"",""parameter_id"":""E-MM-COAL-CFB-BC+C-12"",""reference"":""附录E 表E.7|PDF-p54;附录C 表C.1、表C.2、表C.3|PDF-p40,41,42"",""role"":""primary"",""unit"":""g/kg"",""value"":0.0121716}]","[""冻结实施规则v1.0.1|operational-control-disposition"",""附录A 表A.1|PDF-p33-35"",""附录E 表E.7|PDF-p54;附录C 表C.1、表C.2、表C.3|PDF-p40,41,42""]"
SRC-RAW-3CCA598CC2D59E595061,OC,燃料一平均收到基灰分（%）,coal_particle_balance,"[{""mode"":""coal_particle_balance"",""parameter_id"":""E-MM-COAL-CFB-OC+C-12"",""reference"":""附录E 表E.7|PDF-p54;附录C 表C.1、表C.2、表C.3|PDF-p40,41,42"",""role"":""primary"",""unit"":""g/kg"",""value"":0.0}]","[""冻结实施规则v1.0.1|operational-control-disposition"",""附录A 表A.1|PDF-p33-35"",""附录E 表E.7|PDF-p54;附录C 表C.1、表C.2、表C.3|PDF-p40,41,42""]"
SRC-RAW-77D2B10D19D5DCC9A822,PM10,燃料一平均收到基灰分（%）,coal_particle_balance,"[{""mode"":""coal_particle_balance"",""parameter_id"":""E-MM-COAL-CFB-PM10+C-12"",""reference"":""附录E 表E.7|PDF-p54;附录C 表C.1、表C.2、表C.3|PDF-p40,41,42"",""role"":""primary"",""unit"":""g/kg"",""value"":9.491999999999999},{""mode"":""coal_particle_balance"",""parameter_id"":""E-MM-COAL-CFB-PM25+C-12"",""reference"":""附录E 表E.7|PDF-p54;附录C 表C.1、表C.2、表C.3|PDF-p40,41,42"",""role"":""pm25_pair_for_pm10"",""unit"":""g/kg"",""value"":3.3222}]","[""冻结实施规则v1.0.1|operational-control-disposition"",""附录A 表A.1|PDF-p33-35"",""附录E 表E.7|PDF-p54;附录C 表C.1、表C.2、表C.3|PDF-p40,41,42""]"
SRC-RAW-77D2B10D19D5DCC9A822,PM2.5,燃料一平均收到基灰分（%）,coal_particle_balance,"[{""mode"":""coal_particle_balance"",""parameter_id"":""E-MM-COAL-CFB-PM25+C-12"",""reference"":""附录E 表E.7|PDF-p54;附录C 表C.1、表C.2、表C.3|PDF-p40,41,42"",""role"":""primary"",""unit"":""g/kg"",""value"":3.3222}]","[""冻结实施规则v1.0.1|operational-control-disposition"",""附录A 表A.1|PDF-p33-35"",""附录E 表E.7|PDF-p54;附录C 表C.1、表C.2、表C.3|PDF-p40,41,42""]"
SRC-RAW-77D2B10D19D5DCC9A822,BC,燃料一平均收到基灰分（%）,coal_particle_balance,"[{""mode"":""coal_particle_balance"",""parameter_id"":""E-MM-COAL-CFB-BC+C-12"",""reference"":""附录E 表E.7|PDF-p54;附录C 表C.1、表C.2、表C.3|PDF-p40,41,42"",""role"":""primary"",""unit"":""g/kg"",""value"":0.0199332}]","[""冻结实施规则v1.0.1|operational-control-disposition"",""附录A 表A.1|PDF-p33-35"",""附录E 表E.7|PDF-p54;附录C 表C.1、表C.2、表C.3|PDF-p40,41,42""]"
SRC-RAW-77D2B10D19D5DCC9A822,OC,燃料一平均收到基灰分（%）,coal_particle_balance,"[{""mode"":""coal_particle_balance"",""parameter_id"":""E-MM-COAL-CFB-OC+C-12"",""reference"":""附录E 表E.7|PDF-p54;附录C 表C.1、表C.2、表C.3|PDF-p40,41,42"",""role"":""primary"",""unit"":""g/kg"",""value"":0.0}]","[""冻结实施规则v1.0.1|operational-control-disposition"",""附录A 表A.1|PDF-p33-35"",""附录E 表E.7|PDF-p54;附录C 表C.1、表C.2、表C.3|PDF-p40,41,42""]"
SRC-RAW-3203977F5D5270B760BF,PM10,燃料一平均收到基灰分（%）,coal_particle_balance,"[{""mode"":""coal_particle_balance"",""parameter_id"":""D-EP-COAL-CFB-PM10+C-02"",""reference"":""附录D 表D.1|PDF-p43;附录C 表C.1、表C.2、表C.3|PDF-p40,41,42"",""role"":""primary"",""unit"":""g/kg"",""value"":31.86288},{""mode"":""coal_particle_balance"",""parameter_id"":""D-EP-COAL-CFB-PM25+C-02"",""reference"":""附录D 表D.1|PDF-p43;附录C 表C.1、表C.2、表C.3|PDF-p40,41,42"",""role"":""pm25_pair_for_pm10"",""unit"":""g/kg"",""value"":7.691040000000002}]","[""冻结实施规则v1.0.1|operational-control-disposition"",""附录A 表A.1|PDF-p33-35"",""附录D 表D.1|PDF-p43;附录C 表C.1、表C.2、表C.3|PDF-p40,41,42""]"
SRC-RAW-3203977F5D5270B760BF,PM2.5,燃料一平均收到基灰分（%）,coal_particle_balance,"[{""mode"":""coal_particle_balance"",""parameter_id"":""D-EP-COAL-CFB-PM25+C-02"",""reference"":""附录D 表D.1|PDF-p43;附录C 表C.1、表C.2、表C.3|PDF-p40,41,42"",""role"":""primary"",""unit"":""g/kg"",""value"":7.691040000000002}]","[""冻结实施规则v1.0.1|operational-control-disposition"",""附录A 表A.1|PDF-p33-35"",""附录D 表D.1|PDF-p43;附录C 表C.1、表C.2、表C.3|PDF-p40,41,42""]"
SRC-RAW-3203977F5D5270B760BF,BC,燃料一平均收到基灰分（%）,coal_particle_balance,"[{""mode"":""coal_particle_balance"",""parameter_id"":""D-EP-COAL-CFB-BC+C-02"",""reference"":""附录D 表D.1|PDF-p43;附录C 表C.1、表C.2、表C.3|PDF-p40,41,42"",""role"":""primary"",""unit"":""g/kg"",""value"":0.015382080000000005}]","[""冻结实施规则v1.0.1|operational-control-disposition"",""附录A 表A.1|PDF-p33-35"",""附录D 表D.1|PDF-p43;附录C 表C.1、表C.2、表C.3|PDF-p40,41,42""]"
SRC-RAW-3203977F5D5270B760BF,OC,燃料一平均收到基灰分（%）,coal_particle_balance,"[{""mode"":""coal_particle_balance"",""parameter_id"":""D-EP-COAL-CFB-OC+C-02"",""reference"":""附录D 表D.1|PDF-p43;附录C 表C.1、表C.2、表C.3|PDF-p40,41,42"",""role"":""primary"",""unit"":""g/kg"",""value"":0.0}]","[""冻结实施规则v1.0.1|operational-control-disposition"",""附录A 表A.1|PDF-p33-35"",""附录D 表D.1|PDF-p43;附录C 表C.1、表C.2、表C.3|PDF-p40,41,42""]"
SRC-RAW-BFD53C684A1E68C0BAD5,PM10,燃料一平均收到基灰分（%）,coal_particle_balance,"[{""mode"":""coal_particle_balance"",""parameter_id"":""D-EP-COAL-CFB-PM10+C-02"",""reference"":""附录D 表D.1|PDF-p43;附录C 表C.1、表C.2、表C.3|PDF-p40,41,42"",""role"":""primary"",""unit"":""g/kg"",""value"":27.575520000000004},{""mode"":""coal_particle_balance"",""parameter_id"":""D-EP-COAL-CFB-PM25+C-02"",""reference"":""附录D 表D.1|PDF-p43;附录C 表C.1、表C.2、表C.3|PDF-p40,41,42"",""role"":""pm25_pair_for_pm10"",""unit"":""g/kg"",""value"":6.6561600000000025}]","[""冻结实施规则v1.0.1|operational-control-disposition"",""附录A 表A.1|PDF-p33-35"",""附录D 表D.1|PDF-p43;附录C 表C.1、表C.2、表C.3|PDF-p40,41,42""]"
SRC-RAW-BFD53C684A1E68C0BAD5,PM2.5,燃料一平均收到基灰分（%）,coal_particle_balance,"[{""mode"":""coal_particle_balance"",""parameter_id"":""D-EP-COAL-CFB-PM25+C-02"",""reference"":""附录D 表D.1|PDF-p43;附录C 表C.1、表C.2、表C.3|PDF-p40,41,42"",""role"":""primary"",""unit"":""g/kg"",""value"":6.6561600000000025}]","[""冻结实施规则v1.0.1|operational-control-disposition"",""附录A 表A.1|PDF-p33-35"",""附录D 表D.1|PDF-p43;附录C 表C.1、表C.2、表C.3|PDF-p40,41,42""]"
SRC-RAW-BFD53C684A1E68C0BAD5,BC,燃料一平均收到基灰分（%）,coal_particle_balance,"[{""mode"":""coal_particle_balance"",""parameter_id"":""D-EP-COAL-CFB-BC+C-02"",""reference"":""附录D 表D.1|PDF-p43;附录C 表C.1、表C.2、表C.3|PDF-p40,41,42"",""role"":""primary"",""unit"":""g/kg"",""value"":0.013312320000000006}]","[""冻结实施规则v1.0.1|operational-control-disposition"",""附录A 表A.1|PDF-p33-35"",""附录D 表D.1|PDF-p43;附录C 表C.1、表C.2、表C.3|PDF-p40,41,42""]"
SRC-RAW-BFD53C684A1E68C0BAD5,OC,燃料一平均收到基灰分（%）,coal_particle_balance,"[{""mode"":""coal_particle_balance"",""parameter_id"":""D-EP-COAL-CFB-OC+C-02"",""reference"":""附录D 表D.1|PDF-p43;附录C 表C.1、表C.2、表C.3|PDF-p40,41,42"",""role"":""primary"",""unit"":""g/kg"",""value"":0.0}]","[""冻结实施规则v1.0.1|operational-control-disposition"",""附录A 表A.1|PDF-p33-35"",""附录D 表D.1|PDF-p43;附录C 表C.1、表C.2、表C.3|PDF-p40,41,42""]"
SRC-RAW-6D3E3B7DED9374C6CCAF,PM10,燃料一平均收到基灰分（%）,coal_particle_balance,"[{""mode"":""coal_particle_balance"",""parameter_id"":""E-MM-COAL-CFB-PM10+C-12"",""reference"":""附录E 表E.7|PDF-p54;附录C 表C.1、表C.2、表C.3|PDF-p40,41,42"",""role"":""primary"",""unit"":""g/kg"",""value"":45.0},{""mode"":""coal_particle_balance"",""parameter_id"":""E-MM-COAL-CFB-PM25+C-12"",""reference"":""附录E 表E.7|PDF-p54;附录C 表C.1、表C.2、表C.3|PDF-p40,41,42"",""role"":""pm25_pair_for_pm10"",""unit"":""g/kg"",""value"":15.750000000000002}]","[""冻结实施规则v1.0.1|operational-control-disposition"",""附录A 表A.1|PDF-p33-35"",""附录E 表E.7|PDF-p54;附录C 表C.1、表C.2、表C.3|PDF-p40,41,42""]"
SRC-RAW-6D3E3B7DED9374C6CCAF,PM2.5,燃料一平均收到基灰分（%）,coal_particle_balance,"[{""mode"":""coal_particle_balance"",""parameter_id"":""E-MM-COAL-CFB-PM25+C-12"",""reference"":""附录E 表E.7|PDF-p54;附录C 表C.1、表C.2、表C.3|PDF-p40,41,42"",""role"":""primary"",""unit"":""g/kg"",""value"":15.750000000000002}]","[""冻结实施规则v1.0.1|operational-control-disposition"",""附录A 表A.1|PDF-p33-35"",""附录E 表E.7|PDF-p54;附录C 表C.1、表C.2、表C.3|PDF-p40,41,42""]"
SRC-RAW-6D3E3B7DED9374C6CCAF,BC,燃料一平均收到基灰分（%）,coal_particle_balance,"[{""mode"":""coal_particle_balance"",""parameter_id"":""E-MM-COAL-CFB-BC+C-12"",""reference"":""附录E 表E.7|PDF-p54;附录C 表C.1、表C.2、表C.3|PDF-p40,41,42"",""role"":""primary"",""unit"":""g/kg"",""value"":0.09450000000000001}]","[""冻结实施规则v1.0.1|operational-control-disposition"",""附录A 表A.1|PDF-p33-35"",""附录E 表E.7|PDF-p54;附录C 表C.1、表C.2、表C.3|PDF-p40,41,42""]"
SRC-RAW-6D3E3B7DED9374C6CCAF,OC,燃料一平均收到基灰分（%）,coal_particle_balance,"[{""mode"":""coal_particle_balance"",""parameter_id"":""E-MM-COAL-CFB-OC+C-12"",""reference"":""附录E 表E.7|PDF-p54;附录C 表C.1、表C.2、表C.3|PDF-p40,41,42"",""role"":""primary"",""unit"":""g/kg"",""value"":0.0}]","[""冻结实施规则v1.0.1|operational-control-disposition"",""附录A 表A.1|PDF-p33-35"",""附录E 表E.7|PDF-p54;附录C 表C.1、表C.2、表C.3|PDF-p40,41,42""]"
SRC-RAW-02C3AD7C6A1E4CD731A5,PM10,燃料一平均收到基灰分（%）,coal_particle_balance,"[{""mode"":""coal_particle_balance"",""parameter_id"":""E-MM-COAL-CFB-PM10+C-12"",""reference"":""附录E 表E.7|PDF-p54;附录C 表C.1、表C.2、表C.3|PDF-p40,41,42"",""role"":""primary"",""unit"":""g/kg"",""value"":33.6},{""mode"":""coal_particle_balance"",""parameter_id"":""E-MM-COAL-CFB-PM25+C-12"",""reference"":""附录E 表E.7|PDF-p54;附录C 表C.1、表C.2、表C.3|PDF-p40,41,42"",""role"":""pm25_pair_for_pm10"",""unit"":""g/kg"",""value"":11.760000000000002}]","[""冻结实施规则v1.0.1|operational-control-disposition"",""附录A 表A.1|PDF-p33-35"",""附录E 表E.7|PDF-p54;附录C 表C.1、表C.2、表C.3|PDF-p40,41,42""]"
SRC-RAW-02C3AD7C6A1E4CD731A5,PM2.5,燃料一平均收到基灰分（%）,coal_particle_balance,"[{""mode"":""coal_particle_balance"",""parameter_id"":""E-MM-COAL-CFB-PM25+C-12"",""reference"":""附录E 表E.7|PDF-p54;附录C 表C.1、表C.2、表C.3|PDF-p40,41,42"",""role"":""primary"",""unit"":""g/kg"",""value"":11.760000000000002}]","[""冻结实施规则v1.0.1|operational-control-disposition"",""附录A 表A.1|PDF-p33-35"",""附录E 表E.7|PDF-p54;附录C 表C.1、表C.2、表C.3|PDF-p40,41,42""]"
SRC-RAW-02C3AD7C6A1E4CD731A5,BC,燃料一平均收到基灰分（%）,coal_particle_balance,"[{""mode"":""coal_particle_balance"",""parameter_id"":""E-MM-COAL-CFB-BC+C-12"",""reference"":""附录E 表E.7|PDF-p54;附录C 表C.1、表C.2、表C.3|PDF-p40,41,42"",""role"":""primary"",""unit"":""g/kg"",""value"":0.07056000000000001}]","[""冻结实施规则v1.0.1|operational-control-disposition"",""附录A 表A.1|PDF-p33-35"",""附录E 表E.7|PDF-p54;附录C 表C.1、表C.2、表C.3|PDF-p40,41,42""]"
SRC-RAW-02C3AD7C6A1E4CD731A5,OC,燃料一平均收到基灰分（%）,coal_particle_balance,"[{""mode"":""coal_particle_balance"",""parameter_id"":""E-MM-COAL-CFB-OC+C-12"",""reference"":""附录E 表E.7|PDF-p54;附录C 表C.1、表C.2、表C.3|PDF-p40,41,42"",""role"":""primary"",""unit"":""g/kg"",""value"":0.0}]","[""冻结实施规则v1.0.1|operational-control-disposition"",""附录A 表A.1|PDF-p33-35"",""附录E 表E.7|PDF-p54;附录C 表C.1、表C.2、表C.3|PDF-p40,41,42""]"
SRC-RAW-6811A2193F6208E866A7,SO2,燃料一平均收到基含硫量,coal_sulfur_balance,"[{""mode"":""coal_sulfur_balance"",""parameter_id"":""D-EP-COAL-PF-SO2+C-01"",""reference"":""附录D 表D.1|PDF-p43;附录C 表C.1、表C.2、表C.3|PDF-p40,41,42"",""role"":""primary"",""unit"":""g/kg"",""value"":16.32}]","[""冻结实施规则v1.0.1|operational-control-disposition"",""附录A 表A.1|PDF-p33-35"",""附录D 表D.1|PDF-p43;附录C 表C.1、表C.2、表C.3|PDF-p40,41,42""]"
SRC-RAW-94BE44414A86E0BA753A,SO2,燃料一平均收到基含硫量,coal_sulfur_balance,"[{""mode"":""coal_sulfur_balance"",""parameter_id"":""E-MM-COAL-CFB-SO2+C-12"",""reference"":""附录E 表E.7|PDF-p54;附录C 表C.1、表C.2、表C.3|PDF-p40,41,42"",""role"":""primary"",""unit"":""g/kg"",""value"":5.95}]","[""冻结实施规则v1.0.1|operational-control-disposition"",""附录A 表A.1|PDF-p33-35"",""附录E 表E.7|PDF-p54;附录C 表C.1、表C.2、表C.3|PDF-p40,41,42""]"
SRC-RAW-7BA6D986CE61FF7D51B7,PM10,燃料一平均收到基灰分（%）,coal_particle_balance,"[{""mode"":""coal_particle_balance"",""parameter_id"":""D-EP-COAL-PF-PM10+C-01"",""reference"":""附录D 表D.1|PDF-p43;附录C 表C.1、表C.2、表C.3|PDF-p40,41,42"",""role"":""primary"",""unit"":""g/kg"",""value"":18.54375},{""mode"":""coal_particle_balance"",""parameter_id"":""D-EP-COAL-PF-PM25+C-01"",""reference"":""附录D 表D.1|PDF-p43;附录C 表C.1、表C.2、表C.3|PDF-p40,41,42"",""role"":""pm25_pair_for_pm10"",""unit"":""g/kg"",""value"":4.8374999999999995}]","[""附录A 表A.1|PDF-p33-35"",""附录D 表D.1|PDF-p43;附录C 表C.1、表C.2、表C.3|PDF-p40,41,42""]"
SRC-RAW-7BA6D986CE61FF7D51B7,PM2.5,燃料一平均收到基灰分（%）,coal_particle_balance,"[{""mode"":""coal_particle_balance"",""parameter_id"":""D-EP-COAL-PF-PM25+C-01"",""reference"":""附录D 表D.1|PDF-p43;附录C 表C.1、表C.2、表C.3|PDF-p40,41,42"",""role"":""primary"",""unit"":""g/kg"",""value"":4.8374999999999995}]","[""附录A 表A.1|PDF-p33-35"",""附录D 表D.1|PDF-p43;附录C 表C.1、表C.2、表C.3|PDF-p40,41,42""]"
SRC-RAW-7BA6D986CE61FF7D51B7,BC,燃料一平均收到基灰分（%）,coal_particle_balance,"[{""mode"":""coal_particle_balance"",""parameter_id"":""D-EP-COAL-PF-BC+C-01"",""reference"":""附录D 表D.1|PDF-p43;附录C 表C.1、表C.2、表C.3|PDF-p40,41,42"",""role"":""primary"",""unit"":""g/kg"",""value"":0.009675}]","[""附录A 表A.1|PDF-p33-35"",""附录D 表D.1|PDF-p43;附录C 表C.1、表C.2、表C.3|PDF-p40,41,42""]"
SRC-RAW-7BA6D986CE61FF7D51B7,OC,燃料一平均收到基灰分（%）,coal_particle_balance,"[{""mode"":""coal_particle_balance"",""parameter_id"":""D-EP-COAL-PF-OC+C-01"",""reference"":""附录D 表D.1|PDF-p43;附录C 表C.1、表C.2、表C.3|PDF-p40,41,42"",""role"":""primary"",""unit"":""g/kg"",""value"":0.0}]","[""附录A 表A.1|PDF-p33-35"",""附录D 表D.1|PDF-p43;附录C 表C.1、表C.2、表C.3|PDF-p40,41,42""]"
SRC-RAW-A4FDF150A128909BE0BD,PM10,燃料一平均收到基灰分（%）,coal_particle_balance,"[{""mode"":""coal_particle_balance"",""parameter_id"":""E-MM-COAL-PF-PM10+C-11"",""reference"":""附录E 表E.7|PDF-p54;附录C 表C.1、表C.2、表C.3|PDF-p40,41,42"",""role"":""primary"",""unit"":""g/kg"",""value"":20.872500000000002},{""mode"":""coal_particle_balance"",""parameter_id"":""E-MM-COAL-PF-PM25+C-11"",""reference"":""附录E 表E.7|PDF-p54;附录C 表C.1、表C.2、表C.3|PDF-p40,41,42"",""role"":""pm25_pair_for_pm10"",""unit"":""g/kg"",""value"":5.444999999999999}]","[""冻结实施规则v1.0.1|operational-control-disposition"",""附录A 表A.1|PDF-p33-35"",""附录E 表E.7|PDF-p54;附录C 表C.1、表C.2、表C.3|PDF-p40,41,42""]"
SRC-RAW-A4FDF150A128909BE0BD,PM2.5,燃料一平均收到基灰分（%）,coal_particle_balance,"[{""mode"":""coal_particle_balance"",""parameter_id"":""E-MM-COAL-PF-PM25+C-11"",""reference"":""附录E 表E.7|PDF-p54;附录C 表C.1、表C.2、表C.3|PDF-p40,41,42"",""role"":""primary"",""unit"":""g/kg"",""value"":5.444999999999999}]","[""冻结实施规则v1.0.1|operational-control-disposition"",""附录A 表A.1|PDF-p33-35"",""附录E 表E.7|PDF-p54;附录C 表C.1、表C.2、表C.3|PDF-p40,41,42""]"
SRC-RAW-A4FDF150A128909BE0BD,BC,燃料一平均收到基灰分（%）,coal_particle_balance,"[{""mode"":""coal_particle_balance"",""parameter_id"":""E-MM-COAL-PF-BC+C-11"",""reference"":""附录E 表E.7|PDF-p54;附录C 表C.1、表C.2、表C.3|PDF-p40,41,42"",""role"":""primary"",""unit"":""g/kg"",""value"":0.010889999999999999}]","[""冻结实施规则v1.0.1|operational-control-disposition"",""附录A 表A.1|PDF-p33-35"",""附录E 表E.7|PDF-p54;附录C 表C.1、表C.2、表C.3|PDF-p40,41,42""]"
SRC-RAW-A4FDF150A128909BE0BD,OC,燃料一平均收到基灰分（%）,coal_particle_balance,"[{""mode"":""coal_particle_balance"",""parameter_id"":""E-MM-COAL-PF-OC+C-11"",""reference"":""附录E 表E.7|PDF-p54;附录C 表C.1、表C.2、表C.3|PDF-p40,41,42"",""role"":""primary"",""unit"":""g/kg"",""value"":0.0}]","[""冻结实施规则v1.0.1|operational-control-disposition"",""附录A 表A.1|PDF-p33-35"",""附录E 表E.7|PDF-p54;附录C 表C.1、表C.2、表C.3|PDF-p40,41,42""]"
SRC-RAW-689A0257BF9EEA8A27B5,SO2,燃料一平均收到基含硫量,coal_sulfur_balance,"[{""mode"":""coal_sulfur_balance"",""parameter_id"":""D-EP-COAL-PF-SO2+C-01"",""reference"":""附录D 表D.1|PDF-p43;附录C 表C.1、表C.2、表C.3|PDF-p40,41,42"",""role"":""primary"",""unit"":""g/kg"",""value"":14.62}]","[""冻结实施规则v1.0.1|operational-control-disposition"",""附录A 表A.1|PDF-p33-35"",""附录D 表D.1|PDF-p43;附录C 表C.1、表C.2、表C.3|PDF-p40,41,42""]"
SRC-RAW-06769CDAB42CB73FDF17,SO2,燃料一平均收到基含硫量,coal_sulfur_balance,"[{""mode"":""coal_sulfur_balance"",""parameter_id"":""E-MM-COAL-AUTOGRATE-SO2+C-13"",""reference"":""附录E 表E.7|PDF-p54;附录C 表C.1、表C.2、表C.3|PDF-p40,41,42"",""role"":""primary"",""unit"":""g/kg"",""value"":10.2}]","[""附录A 表A.1|PDF-p33-35"",""附录E 表E.7|PDF-p54;附录C 表C.1、表C.2、表C.3|PDF-p40,41,42""]"
SRC-RAW-59CF1BC6B0C3ADF43BD2,SO2,燃料一平均收到基含硫量,coal_sulfur_balance,"[{""mode"":""coal_sulfur_balance"",""parameter_id"":""D-EP-COAL-PF-SO2+C-01"",""reference"":""附录D 表D.1|PDF-p43;附录C 表C.1、表C.2、表C.3|PDF-p40,41,42"",""role"":""primary"",""unit"":""g/kg"",""value"":9.010000000000002}]","[""附录A 表A.1|PDF-p33-35"",""附录D 表D.1|PDF-p43;附录C 表C.1、表C.2、表C.3|PDF-p40,41,42""]"
SRC-RAW-DC9E490E1C8A44C540C5,SO2,燃料一平均收到基含硫量,coal_sulfur_balance,"[{""mode"":""coal_sulfur_balance"",""parameter_id"":""D-EP-COAL-PF-SO2+C-01"",""reference"":""附录D 表D.1|PDF-p43;附录C 表C.1、表C.2、表C.3|PDF-p40,41,42"",""role"":""primary"",""unit"":""g/kg"",""value"":7.82}]","[""附录A 表A.1|PDF-p33-35"",""附录D 表D.1|PDF-p43;附录C 表C.1、表C.2、表C.3|PDF-p40,41,42""]"
SRC-RAW-0CF0D8335C0BB992C611,SO2,燃料一平均收到基含硫量,coal_sulfur_balance,"[{""mode"":""coal_sulfur_balance"",""parameter_id"":""D-EP-COAL-PF-SO2+C-01"",""reference"":""附录D 表D.1|PDF-p43;附录C 表C.1、表C.2、表C.3|PDF-p40,41,42"",""role"":""primary"",""unit"":""g/kg"",""value"":14.28}]","[""冻结实施规则v1.0.1|operational-control-disposition"",""附录A 表A.1|PDF-p33-35"",""附录D 表D.1|PDF-p43;附录C 表C.1、表C.2、表C.3|PDF-p40,41,42""]"
SRC-RAW-F1E3277CC2B3CFF211F1,PM10,燃料一平均收到基灰分（%）,coal_particle_balance,"[{""mode"":""coal_particle_balance"",""parameter_id"":""E-MM-COAL-CFB-PM10+C-12"",""reference"":""附录E 表E.7|PDF-p54;附录C 表C.1、表C.2、表C.3|PDF-p40,41,42"",""role"":""primary"",""unit"":""g/kg"",""value"":22.104000000000003},{""mode"":""coal_particle_balance"",""parameter_id"":""E-MM-COAL-CFB-PM25+C-12"",""reference"":""附录E 表E.7|PDF-p54;附录C 表C.1、表C.2、表C.3|PDF-p40,41,42"",""role"":""pm25_pair_for_pm10"",""unit"":""g/kg"",""value"":7.7364000000000015}]","[""冻结实施规则v1.0.1|operational-control-disposition"",""附录E 表E.7|PDF-p54;附录C 表C.1、表C.2、表C.3|PDF-p40,41,42""]"
SRC-RAW-F1E3277CC2B3CFF211F1,PM2.5,燃料一平均收到基灰分（%）,coal_particle_balance,"[{""mode"":""coal_particle_balance"",""parameter_id"":""E-MM-COAL-CFB-PM25+C-12"",""reference"":""附录E 表E.7|PDF-p54;附录C 表C.1、表C.2、表C.3|PDF-p40,41,42"",""role"":""primary"",""unit"":""g/kg"",""value"":7.7364000000000015}]","[""冻结实施规则v1.0.1|operational-control-disposition"",""附录E 表E.7|PDF-p54;附录C 表C.1、表C.2、表C.3|PDF-p40,41,42""]"
SRC-RAW-F1E3277CC2B3CFF211F1,BC,燃料一平均收到基灰分（%）,coal_particle_balance,"[{""mode"":""coal_particle_balance"",""parameter_id"":""E-MM-COAL-CFB-BC+C-12"",""reference"":""附录E 表E.7|PDF-p54;附录C 表C.1、表C.2、表C.3|PDF-p40,41,42"",""role"":""primary"",""unit"":""g/kg"",""value"":0.04641840000000001}]","[""冻结实施规则v1.0.1|operational-control-disposition"",""附录E 表E.7|PDF-p54;附录C 表C.1、表C.2、表C.3|PDF-p40,41,42""]"
SRC-RAW-F1E3277CC2B3CFF211F1,OC,燃料一平均收到基灰分（%）,coal_particle_balance,"[{""mode"":""coal_particle_balance"",""parameter_id"":""E-MM-COAL-CFB-OC+C-12"",""reference"":""附录E 表E.7|PDF-p54;附录C 表C.1、表C.2、表C.3|PDF-p40,41,42"",""role"":""primary"",""unit"":""g/kg"",""value"":0.0}]","[""冻结实施规则v1.0.1|operational-control-disposition"",""附录E 表E.7|PDF-p54;附录C 表C.1、表C.2、表C.3|PDF-p40,41,42""]"
SRC-RAW-2FD3C0B7571FF8A81961,PM10,燃料一平均收到基灰分（%）,coal_particle_balance,"[{""mode"":""coal_particle_balance"",""parameter_id"":""D-EP-COAL-PF-PM10+C-01"",""reference"":""附录D 表D.1|PDF-p43;附录C 表C.1、表C.2、表C.3|PDF-p40,41,42"",""role"":""primary"",""unit"":""g/kg"",""value"":21.39},{""mode"":""coal_particle_balance"",""parameter_id"":""D-EP-COAL-PF-PM25+C-01"",""reference"":""附录D 表D.1|PDF-p43;附录C 表C.1、表C.2、表C.3|PDF-p40,41,42"",""role"":""pm25_pair_for_pm10"",""unit"":""g/kg"",""value"":5.58}]","[""冻结实施规则v1.0.1|operational-control-disposition"",""附录A 表A.1|PDF-p33-35"",""附录D 表D.1|PDF-p43;附录C 表C.1、表C.2、表C.3|PDF-p40,41,42""]"
SRC-RAW-2FD3C0B7571FF8A81961,PM2.5,燃料一平均收到基灰分（%）,coal_particle_balance,"[{""mode"":""coal_particle_balance"",""parameter_id"":""D-EP-COAL-PF-PM25+C-01"",""reference"":""附录D 表D.1|PDF-p43;附录C 表C.1、表C.2、表C.3|PDF-p40,41,42"",""role"":""primary"",""unit"":""g/kg"",""value"":5.58}]","[""冻结实施规则v1.0.1|operational-control-disposition"",""附录A 表A.1|PDF-p33-35"",""附录D 表D.1|PDF-p43;附录C 表C.1、表C.2、表C.3|PDF-p40,41,42""]"
SRC-RAW-2FD3C0B7571FF8A81961,BC,燃料一平均收到基灰分（%）,coal_particle_balance,"[{""mode"":""coal_particle_balance"",""parameter_id"":""D-EP-COAL-PF-BC+C-01"",""reference"":""附录D 表D.1|PDF-p43;附录C 表C.1、表C.2、表C.3|PDF-p40,41,42"",""role"":""primary"",""unit"":""g/kg"",""value"":0.01116}]","[""冻结实施规则v1.0.1|operational-control-disposition"",""附录A 表A.1|PDF-p33-35"",""附录D 表D.1|PDF-p43;附录C 表C.1、表C.2、表C.3|PDF-p40,41,42""]"
SRC-RAW-2FD3C0B7571FF8A81961,OC,燃料一平均收到基灰分（%）,coal_particle_balance,"[{""mode"":""coal_particle_balance"",""parameter_id"":""D-EP-COAL-PF-OC+C-01"",""reference"":""附录D 表D.1|PDF-p43;附录C 表C.1、表C.2、表C.3|PDF-p40,41,42"",""role"":""primary"",""unit"":""g/kg"",""value"":0.0}]","[""冻结实施规则v1.0.1|operational-control-disposition"",""附录A 表A.1|PDF-p33-35"",""附录D 表D.1|PDF-p43;附录C 表C.1、表C.2、表C.3|PDF-p40,41,42""]"
SRC-RAW-3CE84EFE5438CA8FB4A0,PM10,燃料一平均收到基灰分（%）,coal_particle_balance,"[{""mode"":""coal_particle_balance"",""parameter_id"":""D-EP-COAL-PF-PM10+C-01"",""reference"":""附录D 表D.1|PDF-p43;附录C 表C.1、表C.2、表C.3|PDF-p40,41,42"",""role"":""primary"",""unit"":""g/kg"",""value"":28.92825},{""mode"":""coal_particle_balance"",""parameter_id"":""D-EP-COAL-PF-PM25+C-01"",""reference"":""附录D 表D.1|PDF-p43;附录C 表C.1、表C.2、表C.3|PDF-p40,41,42"",""role"":""pm25_pair_for_pm10"",""unit"":""g/kg"",""value"":7.546499999999999}]","[""冻结实施规则v1.0.1|operational-control-disposition"",""附录A 表A.1|PDF-p33-35"",""附录D 表D.1|PDF-p43;附录C 表C.1、表C.2、表C.3|PDF-p40,41,42""]"
SRC-RAW-3CE84EFE5438CA8FB4A0,PM2.5,燃料一平均收到基灰分（%）,coal_particle_balance,"[{""mode"":""coal_particle_balance"",""parameter_id"":""D-EP-COAL-PF-PM25+C-01"",""reference"":""附录D 表D.1|PDF-p43;附录C 表C.1、表C.2、表C.3|PDF-p40,41,42"",""role"":""primary"",""unit"":""g/kg"",""value"":7.546499999999999}]","[""冻结实施规则v1.0.1|operational-control-disposition"",""附录A 表A.1|PDF-p33-35"",""附录D 表D.1|PDF-p43;附录C 表C.1、表C.2、表C.3|PDF-p40,41,42""]"
SRC-RAW-3CE84EFE5438CA8FB4A0,BC,燃料一平均收到基灰分（%）,coal_particle_balance,"[{""mode"":""coal_particle_balance"",""parameter_id"":""D-EP-COAL-PF-BC+C-01"",""reference"":""附录D 表D.1|PDF-p43;附录C 表C.1、表C.2、表C.3|PDF-p40,41,42"",""role"":""primary"",""unit"":""g/kg"",""value"":0.015092999999999999}]","[""冻结实施规则v1.0.1|operational-control-disposition"",""附录A 表A.1|PDF-p33-35"",""附录D 表D.1|PDF-p43;附录C 表C.1、表C.2、表C.3|PDF-p40,41,42""]"
SRC-RAW-3CE84EFE5438CA8FB4A0,OC,燃料一平均收到基灰分（%）,coal_particle_balance,"[{""mode"":""coal_particle_balance"",""parameter_id"":""D-EP-COAL-PF-OC+C-01"",""reference"":""附录D 表D.1|PDF-p43;附录C 表C.1、表C.2、表C.3|PDF-p40,41,42"",""role"":""primary"",""unit"":""g/kg"",""value"":0.0}]","[""冻结实施规则v1.0.1|operational-control-disposition"",""附录A 表A.1|PDF-p33-35"",""附录D 表D.1|PDF-p43;附录C 表C.1、表C.2、表C.3|PDF-p40,41,42""]"
SRC-RAW-FF35FCD5B7C97FCA5DA2,PM10,燃料一平均收到基灰分（%）,coal_particle_balance,"[{""mode"":""coal_particle_balance"",""parameter_id"":""E-MM-COAL-PF-PM10+C-11"",""reference"":""附录E 表E.7|PDF-p54;附录C 表C.1、表C.2、表C.3|PDF-p40,41,42"",""role"":""primary"",""unit"":""g/kg"",""value"":8.728499999999999},{""mode"":""coal_particle_balance"",""parameter_id"":""E-MM-COAL-PF-PM25+C-11"",""reference"":""附录E 表E.7|PDF-p54;附录C 表C.1、表C.2、表C.3|PDF-p40,41,42"",""role"":""pm25_pair_for_pm10"",""unit"":""g/kg"",""value"":2.2769999999999997}]","[""冻结实施规则v1.0.1|operational-control-disposition"",""附录E 表E.7|PDF-p54;附录C 表C.1、表C.2、表C.3|PDF-p40,41,42""]"
SRC-RAW-FF35FCD5B7C97FCA5DA2,PM2.5,燃料一平均收到基灰分（%）,coal_particle_balance,"[{""mode"":""coal_particle_balance"",""parameter_id"":""E-MM-COAL-PF-PM25+C-11"",""reference"":""附录E 表E.7|PDF-p54;附录C 表C.1、表C.2、表C.3|PDF-p40,41,42"",""role"":""primary"",""unit"":""g/kg"",""value"":2.2769999999999997}]","[""冻结实施规则v1.0.1|operational-control-disposition"",""附录E 表E.7|PDF-p54;附录C 表C.1、表C.2、表C.3|PDF-p40,41,42""]"
SRC-RAW-FF35FCD5B7C97FCA5DA2,BC,燃料一平均收到基灰分（%）,coal_particle_balance,"[{""mode"":""coal_particle_balance"",""parameter_id"":""E-MM-COAL-PF-BC+C-11"",""reference"":""附录E 表E.7|PDF-p54;附录C 表C.1、表C.2、表C.3|PDF-p40,41,42"",""role"":""primary"",""unit"":""g/kg"",""value"":0.004554}]","[""冻结实施规则v1.0.1|operational-control-disposition"",""附录E 表E.7|PDF-p54;附录C 表C.1、表C.2、表C.3|PDF-p40,41,42""]"
SRC-RAW-FF35FCD5B7C97FCA5DA2,OC,燃料一平均收到基灰分（%）,coal_particle_balance,"[{""mode"":""coal_particle_balance"",""parameter_id"":""E-MM-COAL-PF-OC+C-11"",""reference"":""附录E 表E.7|PDF-p54;附录C 表C.1、表C.2、表C.3|PDF-p40,41,42"",""role"":""primary"",""unit"":""g/kg"",""value"":0.0}]","[""冻结实施规则v1.0.1|operational-control-disposition"",""附录E 表E.7|PDF-p54;附录C 表C.1、表C.2、表C.3|PDF-p40,41,42""]"
SRC-RAW-06559C1528FD9583174C,PM10,燃料一平均收到基灰分（%）,coal_particle_balance,"[{""mode"":""coal_particle_balance"",""parameter_id"":""E-MM-COAL-AUTOGRATE-PM10+C-13"",""reference"":""附录E 表E.7|PDF-p54;附录C 表C.1、表C.2、表C.3|PDF-p40,41,42"",""role"":""primary"",""unit"":""g/kg"",""value"":9.000000000000002},{""mode"":""coal_particle_balance"",""parameter_id"":""E-MM-COAL-AUTOGRATE-PM25+C-13"",""reference"":""附录E 表E.7|PDF-p54;附录C 表C.1、表C.2、表C.3|PDF-p40,41,42"",""role"":""pm25_pair_for_pm10"",""unit"":""g/kg"",""value"":3.150000000000001}]","[""冻结实施规则v1.0.1|operational-control-disposition"",""附录E 表E.7|PDF-p54;附录C 表C.1、表C.2、表C.3|PDF-p40,41,42""]"
SRC-RAW-06559C1528FD9583174C,PM2.5,燃料一平均收到基灰分（%）,coal_particle_balance,"[{""mode"":""coal_particle_balance"",""parameter_id"":""E-MM-COAL-AUTOGRATE-PM25+C-13"",""reference"":""附录E 表E.7|PDF-p54;附录C 表C.1、表C.2、表C.3|PDF-p40,41,42"",""role"":""primary"",""unit"":""g/kg"",""value"":3.150000000000001}]","[""冻结实施规则v1.0.1|operational-control-disposition"",""附录E 表E.7|PDF-p54;附录C 表C.1、表C.2、表C.3|PDF-p40,41,42""]"
SRC-RAW-06559C1528FD9583174C,BC,燃料一平均收到基灰分（%）,coal_particle_balance,"[{""mode"":""coal_particle_balance"",""parameter_id"":""E-MM-COAL-AUTOGRATE-BC+C-13"",""reference"":""附录E 表E.7|PDF-p54;附录C 表C.1、表C.2、表C.3|PDF-p40,41,42"",""role"":""primary"",""unit"":""g/kg"",""value"":0.6300000000000002}]","[""冻结实施规则v1.0.1|operational-control-disposition"",""附录E 表E.7|PDF-p54;附录C 表C.1、表C.2、表C.3|PDF-p40,41,42""]"
SRC-RAW-06559C1528FD9583174C,OC,燃料一平均收到基灰分（%）,coal_particle_balance,"[{""mode"":""coal_particle_balance"",""parameter_id"":""E-MM-COAL-AUTOGRATE-OC+C-13"",""reference"":""附录E 表E.7|PDF-p54;附录C 表C.1、表C.2、表C.3|PDF-p40,41,42"",""role"":""primary"",""unit"":""g/kg"",""value"":0.12600000000000003}]","[""冻结实施规则v1.0.1|operational-control-disposition"",""附录E 表E.7|PDF-p54;附录C 表C.1、表C.2、表C.3|PDF-p40,41,42""]"
SRC-RAW-13051E02DF7384D16801,SO2,燃料一平均收到基含硫量,coal_sulfur_balance,"[{""mode"":""coal_sulfur_balance"",""parameter_id"":""D-EP-COAL-PF-SO2+C-01"",""reference"":""附录D 表D.1|PDF-p43;附录C 表C.1、表C.2、表C.3|PDF-p40,41,42"",""role"":""primary"",""unit"":""g/kg"",""value"":11.9}]","[""附录A 表A.1|PDF-p33-35"",""附录D 表D.1|PDF-p43;附录C 表C.1、表C.2、表C.3|PDF-p40,41,42""]"
SRC-RAW-160282C53287E4BC8DD3,PM10,燃料一平均收到基灰分（%）,coal_particle_balance,"[{""mode"":""coal_particle_balance"",""parameter_id"":""E-MM-COAL-CFB-PM10+C-12"",""reference"":""附录E 表E.7|PDF-p54;附录C 表C.1、表C.2、表C.3|PDF-p40,41,42"",""role"":""primary"",""unit"":""g/kg"",""value"":13.32},{""mode"":""coal_particle_balance"",""parameter_id"":""E-MM-COAL-CFB-PM25+C-12"",""reference"":""附录E 表E.7|PDF-p54;附录C 表C.1、表C.2、表C.3|PDF-p40,41,42"",""role"":""pm25_pair_for_pm10"",""unit"":""g/kg"",""value"":4.662}]","[""冻结实施规则v1.0.1|operational-control-disposition"",""附录A 表A.1|PDF-p33-35"",""附录E 表E.7|PDF-p54;附录C 表C.1、表C.2、表C.3|PDF-p40,41,42""]"
SRC-RAW-160282C53287E4BC8DD3,PM2.5,燃料一平均收到基灰分（%）,coal_particle_balance,"[{""mode"":""coal_particle_balance"",""parameter_id"":""E-MM-COAL-CFB-PM25+C-12"",""reference"":""附录E 表E.7|PDF-p54;附录C 表C.1、表C.2、表C.3|PDF-p40,41,42"",""role"":""primary"",""unit"":""g/kg"",""value"":4.662}]","[""冻结实施规则v1.0.1|operational-control-disposition"",""附录A 表A.1|PDF-p33-35"",""附录E 表E.7|PDF-p54;附录C 表C.1、表C.2、表C.3|PDF-p40,41,42""]"
SRC-RAW-160282C53287E4BC8DD3,BC,燃料一平均收到基灰分（%）,coal_particle_balance,"[{""mode"":""coal_particle_balance"",""parameter_id"":""E-MM-COAL-CFB-BC+C-12"",""reference"":""附录E 表E.7|PDF-p54;附录C 表C.1、表C.2、表C.3|PDF-p40,41,42"",""role"":""primary"",""unit"":""g/kg"",""value"":0.027972}]","[""冻结实施规则v1.0.1|operational-control-disposition"",""附录A 表A.1|PDF-p33-35"",""附录E 表E.7|PDF-p54;附录C 表C.1、表C.2、表C.3|PDF-p40,41,42""]"
SRC-RAW-160282C53287E4BC8DD3,OC,燃料一平均收到基灰分（%）,coal_particle_balance,"[{""mode"":""coal_particle_balance"",""parameter_id"":""E-MM-COAL-CFB-OC+C-12"",""reference"":""附录E 表E.7|PDF-p54;附录C 表C.1、表C.2、表C.3|PDF-p40,41,42"",""role"":""primary"",""unit"":""g/kg"",""value"":0.0}]","[""冻结实施规则v1.0.1|operational-control-disposition"",""附录A 表A.1|PDF-p33-35"",""附录E 表E.7|PDF-p54;附录C 表C.1、表C.2、表C.3|PDF-p40,41,42""]"
SRC-RAW-555AC0E83B21D681E350,SO2,燃料一平均收到基含硫量,coal_sulfur_balance,"[{""mode"":""coal_sulfur_balance"",""parameter_id"":""E-MM-COAL-PF-SO2+C-11"",""reference"":""附录E 表E.7|PDF-p54;附录C 表C.1、表C.2、表C.3|PDF-p40,41,42"",""role"":""primary"",""unit"":""g/kg"",""value"":3.74}]","[""冻结实施规则v1.0.1|operational-control-disposition"",""附录A 表A.1|PDF-p33-35"",""附录E 表E.7|PDF-p54;附录C 表C.1、表C.2、表C.3|PDF-p40,41,42""]"
SRC-RAW-566D22952252E2C6F352,SO2,燃料一平均收到基含硫量,coal_sulfur_balance,"[{""mode"":""coal_sulfur_balance"",""parameter_id"":""E-MM-COAL-CFB-SO2+C-12"",""reference"":""附录E 表E.7|PDF-p54;附录C 表C.1、表C.2、表C.3|PDF-p40,41,42"",""role"":""primary"",""unit"":""g/kg"",""value"":9.35}]","[""冻结实施规则v1.0.1|operational-control-disposition"",""附录A 表A.1|PDF-p33-35"",""附录E 表E.7|PDF-p54;附录C 表C.1、表C.2、表C.3|PDF-p40,41,42""]"
SRC-RAW-91620BE2B44685C1C55F,PM10,燃料一平均收到基灰分（%）,coal_particle_balance,"[{""mode"":""coal_particle_balance"",""parameter_id"":""E-MM-COAL-AUTOGRATE-PM10+C-13"",""reference"":""附录E 表E.7|PDF-p54;附录C 表C.1、表C.2、表C.3|PDF-p40,41,42"",""role"":""primary"",""unit"":""g/kg"",""value"":1.9500000000000004},{""mode"":""coal_particle_balance"",""parameter_id"":""E-MM-COAL-AUTOGRATE-PM25+C-13"",""reference"":""附录E 表E.7|PDF-p54;附录C 表C.1、表C.2、表C.3|PDF-p40,41,42"",""role"":""pm25_pair_for_pm10"",""unit"":""g/kg"",""value"":0.6825000000000002}]","[""冻结实施规则v1.0.1|operational-control-disposition"",""附录E 表E.7|PDF-p54;附录C 表C.1、表C.2、表C.3|PDF-p40,41,42""]"
SRC-RAW-91620BE2B44685C1C55F,PM2.5,燃料一平均收到基灰分（%）,coal_particle_balance,"[{""mode"":""coal_particle_balance"",""parameter_id"":""E-MM-COAL-AUTOGRATE-PM25+C-13"",""reference"":""附录E 表E.7|PDF-p54;附录C 表C.1、表C.2、表C.3|PDF-p40,41,42"",""role"":""primary"",""unit"":""g/kg"",""value"":0.6825000000000002}]","[""冻结实施规则v1.0.1|operational-control-disposition"",""附录E 表E.7|PDF-p54;附录C 表C.1、表C.2、表C.3|PDF-p40,41,42""]"
SRC-RAW-91620BE2B44685C1C55F,BC,燃料一平均收到基灰分（%）,coal_particle_balance,"[{""mode"":""coal_particle_balance"",""parameter_id"":""E-MM-COAL-AUTOGRATE-BC+C-13"",""reference"":""附录E 表E.7|PDF-p54;附录C 表C.1、表C.2、表C.3|PDF-p40,41,42"",""role"":""primary"",""unit"":""g/kg"",""value"":0.13650000000000004}]","[""冻结实施规则v1.0.1|operational-control-disposition"",""附录E 表E.7|PDF-p54;附录C 表C.1、表C.2、表C.3|PDF-p40,41,42""]"
SRC-RAW-91620BE2B44685C1C55F,OC,燃料一平均收到基灰分（%）,coal_particle_balance,"[{""mode"":""coal_particle_balance"",""parameter_id"":""E-MM-COAL-AUTOGRATE-OC+C-13"",""reference"":""附录E 表E.7|PDF-p54;附录C 表C.1、表C.2、表C.3|PDF-p40,41,42"",""role"":""primary"",""unit"":""g/kg"",""value"":0.02730000000000001}]","[""冻结实施规则v1.0.1|operational-control-disposition"",""附录E 表E.7|PDF-p54;附录C 表C.1、表C.2、表C.3|PDF-p40,41,42""]"
SRC-RAW-F23D2AF8B938FF62D7A6,SO2,燃料一平均收到基含硫量,coal_sulfur_balance,"[{""mode"":""coal_sulfur_balance"",""parameter_id"":""E-MM-COAL-CFB-SO2+C-12"",""reference"":""附录E 表E.7|PDF-p54;附录C 表C.1、表C.2、表C.3|PDF-p40,41,42"",""role"":""primary"",""unit"":""g/kg"",""value"":8.33}]","[""冻结实施规则v1.0.1|operational-control-disposition"",""附录A 表A.1|PDF-p33-35"",""附录E 表E.7|PDF-p54;附录C 表C.1、表C.2、表C.3|PDF-p40,41,42""]"
SRC-RAW-9E084D0AE14ED7F886A8,SO2,燃料一平均收到基含硫量,coal_sulfur_balance,"[{""mode"":""coal_sulfur_balance"",""parameter_id"":""E-MM-COAL-PF-SO2+C-11"",""reference"":""附录E 表E.7|PDF-p54;附录C 表C.1、表C.2、表C.3|PDF-p40,41,42"",""role"":""primary"",""unit"":""g/kg"",""value"":13.6}]","[""冻结实施规则v1.0.1|operational-control-disposition"",""附录E 表E.7|PDF-p54;附录C 表C.1、表C.2、表C.3|PDF-p40,41,42""]"
SRC-RAW-B930DCDEBEC973B533F5,SO2,燃料一平均收到基含硫量,coal_sulfur_balance,"[{""mode"":""coal_sulfur_balance"",""parameter_id"":""D-EP-COAL-CFB-SO2+C-02"",""reference"":""附录D 表D.1|PDF-p43;附录C 表C.1、表C.2、表C.3|PDF-p40,41,42"",""role"":""primary"",""unit"":""g/kg"",""value"":8.16}]","[""冻结实施规则v1.0.1|operational-control-disposition"",""附录A 表A.1|PDF-p33-35"",""附录D 表D.1|PDF-p43;附录C 表C.1、表C.2、表C.3|PDF-p40,41,42""]"
SRC-RAW-B58081700E78F56F242E,PM10,燃料一平均收到基灰分（%）,coal_particle_balance,"[{""mode"":""coal_particle_balance"",""parameter_id"":""E-MM-COAL-AUTOGRATE-PM10+C-13"",""reference"":""附录E 表E.7|PDF-p54;附录C 表C.1、表C.2、表C.3|PDF-p40,41,42"",""role"":""primary"",""unit"":""g/kg"",""value"":3.0000000000000004},{""mode"":""coal_particle_balance"",""parameter_id"":""E-MM-COAL-AUTOGRATE-PM25+C-13"",""reference"":""附录E 表E.7|PDF-p54;附录C 表C.1、表C.2、表C.3|PDF-p40,41,42"",""role"":""pm25_pair_for_pm10"",""unit"":""g/kg"",""value"":1.0500000000000003}]","[""冻结实施规则v1.0.1|operational-control-disposition"",""附录A 表A.1|PDF-p33-35"",""附录E 表E.7|PDF-p54;附录C 表C.1、表C.2、表C.3|PDF-p40,41,42""]"
SRC-RAW-B58081700E78F56F242E,PM2.5,燃料一平均收到基灰分（%）,coal_particle_balance,"[{""mode"":""coal_particle_balance"",""parameter_id"":""E-MM-COAL-AUTOGRATE-PM25+C-13"",""reference"":""附录E 表E.7|PDF-p54;附录C 表C.1、表C.2、表C.3|PDF-p40,41,42"",""role"":""primary"",""unit"":""g/kg"",""value"":1.0500000000000003}]","[""冻结实施规则v1.0.1|operational-control-disposition"",""附录A 表A.1|PDF-p33-35"",""附录E 表E.7|PDF-p54;附录C 表C.1、表C.2、表C.3|PDF-p40,41,42""]"
SRC-RAW-B58081700E78F56F242E,BC,燃料一平均收到基灰分（%）,coal_particle_balance,"[{""mode"":""coal_particle_balance"",""parameter_id"":""E-MM-COAL-AUTOGRATE-BC+C-13"",""reference"":""附录E 表E.7|PDF-p54;附录C 表C.1、表C.2、表C.3|PDF-p40,41,42"",""role"":""primary"",""unit"":""g/kg"",""value"":0.21000000000000008}]","[""冻结实施规则v1.0.1|operational-control-disposition"",""附录A 表A.1|PDF-p33-35"",""附录E 表E.7|PDF-p54;附录C 表C.1、表C.2、表C.3|PDF-p40,41,42""]"
SRC-RAW-B58081700E78F56F242E,OC,燃料一平均收到基灰分（%）,coal_particle_balance,"[{""mode"":""coal_particle_balance"",""parameter_id"":""E-MM-COAL-AUTOGRATE-OC+C-13"",""reference"":""附录E 表E.7|PDF-p54;附录C 表C.1、表C.2、表C.3|PDF-p40,41,42"",""role"":""primary"",""unit"":""g/kg"",""value"":0.04200000000000001}]","[""冻结实施规则v1.0.1|operational-control-disposition"",""附录A 表A.1|PDF-p33-35"",""附录E 表E.7|PDF-p54;附录C 表C.1、表C.2、表C.3|PDF-p40,41,42""]"
SRC-RAW-5BB161330672CF0DD3E3,PM10,燃料一平均收到基灰分（%）,coal_particle_balance,"[{""mode"":""coal_particle_balance"",""parameter_id"":""E-MM-COAL-AUTOGRATE-PM10+C-13"",""reference"":""附录E 表E.7|PDF-p54;附录C 表C.1、表C.2、表C.3|PDF-p40,41,42"",""role"":""primary"",""unit"":""g/kg"",""value"":2.0700000000000003},{""mode"":""coal_particle_balance"",""parameter_id"":""E-MM-COAL-AUTOGRATE-PM25+C-13"",""reference"":""附录E 表E.7|PDF-p54;附录C 表C.1、表C.2、表C.3|PDF-p40,41,42"",""role"":""pm25_pair_for_pm10"",""unit"":""g/kg"",""value"":0.7245000000000001}]","[""冻结实施规则v1.0.1|operational-control-disposition"",""附录A 表A.1|PDF-p33-35"",""附录E 表E.7|PDF-p54;附录C 表C.1、表C.2、表C.3|PDF-p40,41,42""]"
SRC-RAW-5BB161330672CF0DD3E3,PM2.5,燃料一平均收到基灰分（%）,coal_particle_balance,"[{""mode"":""coal_particle_balance"",""parameter_id"":""E-MM-COAL-AUTOGRATE-PM25+C-13"",""reference"":""附录E 表E.7|PDF-p54;附录C 表C.1、表C.2、表C.3|PDF-p40,41,42"",""role"":""primary"",""unit"":""g/kg"",""value"":0.7245000000000001}]","[""冻结实施规则v1.0.1|operational-control-disposition"",""附录A 表A.1|PDF-p33-35"",""附录E 表E.7|PDF-p54;附录C 表C.1、表C.2、表C.3|PDF-p40,41,42""]"
SRC-RAW-5BB161330672CF0DD3E3,BC,燃料一平均收到基灰分（%）,coal_particle_balance,"[{""mode"":""coal_particle_balance"",""parameter_id"":""E-MM-COAL-AUTOGRATE-BC+C-13"",""reference"":""附录E 表E.7|PDF-p54;附录C 表C.1、表C.2、表C.3|PDF-p40,41,42"",""role"":""primary"",""unit"":""g/kg"",""value"":0.14490000000000003}]","[""冻结实施规则v1.0.1|operational-control-disposition"",""附录A 表A.1|PDF-p33-35"",""附录E 表E.7|PDF-p54;附录C 表C.1、表C.2、表C.3|PDF-p40,41,42""]"
SRC-RAW-5BB161330672CF0DD3E3,OC,燃料一平均收到基灰分（%）,coal_particle_balance,"[{""mode"":""coal_particle_balance"",""parameter_id"":""E-MM-COAL-AUTOGRATE-OC+C-13"",""reference"":""附录E 表E.7|PDF-p54;附录C 表C.1、表C.2、表C.3|PDF-p40,41,42"",""role"":""primary"",""unit"":""g/kg"",""value"":0.028980000000000006}]","[""冻结实施规则v1.0.1|operational-control-disposition"",""附录A 表A.1|PDF-p33-35"",""附录E 表E.7|PDF-p54;附录C 表C.1、表C.2、表C.3|PDF-p40,41,42""]"
SRC-RAW-735E97FF20D753ACA1D5,SO2,燃料一平均收到基含硫量,coal_sulfur_balance,"[{""mode"":""coal_sulfur_balance"",""parameter_id"":""E-MM-COAL-AUTOGRATE-SO2+C-13"",""reference"":""附录E 表E.7|PDF-p54;附录C 表C.1、表C.2、表C.3|PDF-p40,41,42"",""role"":""primary"",""unit"":""g/kg"",""value"":6.969999999999999}]","[""冻结实施规则v1.0.1|operational-control-disposition"",""附录A 表A.1|PDF-p33-35"",""附录E 表E.7|PDF-p54;附录C 表C.1、表C.2、表C.3|PDF-p40,41,42""]"
SRC-RAW-CABCB12A75AC6CB6DAAD,SO2,燃料一平均收到基含硫量,coal_sulfur_balance,"[{""mode"":""coal_sulfur_balance"",""parameter_id"":""E-MM-COAL-AUTOGRATE-SO2+C-13"",""reference"":""附录E 表E.7|PDF-p54;附录C 表C.1、表C.2、表C.3|PDF-p40,41,42"",""role"":""primary"",""unit"":""g/kg"",""value"":4.25}]","[""冻结实施规则v1.0.1|operational-control-disposition"",""附录A 表A.1|PDF-p33-35"",""附录E 表E.7|PDF-p54;附录C 表C.1、表C.2、表C.3|PDF-p40,41,42""]"
SRC-RAW-CA7C2EC19290C6B0DF70,PM10,燃料一平均收到基灰分（%）,coal_particle_balance,"[{""mode"":""coal_particle_balance"",""parameter_id"":""E-MM-COAL-CFB-PM10+C-12"",""reference"":""附录E 表E.7|PDF-p54;附录C 表C.1、表C.2、表C.3|PDF-p40,41,42"",""role"":""primary"",""unit"":""g/kg"",""value"":15.240000000000002},{""mode"":""coal_particle_balance"",""parameter_id"":""E-MM-COAL-CFB-PM25+C-12"",""reference"":""附录E 表E.7|PDF-p54;附录C 表C.1、表C.2、表C.3|PDF-p40,41,42"",""role"":""pm25_pair_for_pm10"",""unit"":""g/kg"",""value"":5.3340000000000005}]","[""附录A 表A.1|PDF-p33-35"",""附录E 表E.7|PDF-p54;附录C 表C.1、表C.2、表C.3|PDF-p40,41,42""]"
SRC-RAW-CA7C2EC19290C6B0DF70,PM2.5,燃料一平均收到基灰分（%）,coal_particle_balance,"[{""mode"":""coal_particle_balance"",""parameter_id"":""E-MM-COAL-CFB-PM25+C-12"",""reference"":""附录E 表E.7|PDF-p54;附录C 表C.1、表C.2、表C.3|PDF-p40,41,42"",""role"":""primary"",""unit"":""g/kg"",""value"":5.3340000000000005}]","[""附录A 表A.1|PDF-p33-35"",""附录E 表E.7|PDF-p54;附录C 表C.1、表C.2、表C.3|PDF-p40,41,42""]"
SRC-RAW-CA7C2EC19290C6B0DF70,BC,燃料一平均收到基灰分（%）,coal_particle_balance,"[{""mode"":""coal_particle_balance"",""parameter_id"":""E-MM-COAL-CFB-BC+C-12"",""reference"":""附录E 表E.7|PDF-p54;附录C 表C.1、表C.2、表C.3|PDF-p40,41,42"",""role"":""primary"",""unit"":""g/kg"",""value"":0.032004000000000005}]","[""附录A 表A.1|PDF-p33-35"",""附录E 表E.7|PDF-p54;附录C 表C.1、表C.2、表C.3|PDF-p40,41,42""]"
SRC-RAW-CA7C2EC19290C6B0DF70,OC,燃料一平均收到基灰分（%）,coal_particle_balance,"[{""mode"":""coal_particle_balance"",""parameter_id"":""E-MM-COAL-CFB-OC+C-12"",""reference"":""附录E 表E.7|PDF-p54;附录C 表C.1、表C.2、表C.3|PDF-p40,41,42"",""role"":""primary"",""unit"":""g/kg"",""value"":0.0}]","[""附录A 表A.1|PDF-p33-35"",""附录E 表E.7|PDF-p54;附录C 表C.1、表C.2、表C.3|PDF-p40,41,42""]"
SRC-RAW-F7E56B123AF69F40ACAB,PM10,燃料一平均收到基灰分（%）,coal_particle_balance,"[{""mode"":""coal_particle_balance"",""parameter_id"":""D-EP-COAL-PF-PM10+C-01"",""reference"":""附录D 表D.1|PDF-p43;附录C 表C.1、表C.2、表C.3|PDF-p40,41,42"",""role"":""primary"",""unit"":""g/kg"",""value"":29.06625},{""mode"":""coal_particle_balance"",""parameter_id"":""D-EP-COAL-PF-PM25+C-01"",""reference"":""附录D 表D.1|PDF-p43;附录C 表C.1、表C.2、表C.3|PDF-p40,41,42"",""role"":""pm25_pair_for_pm10"",""unit"":""g/kg"",""value"":7.5825}]","[""冻结实施规则v1.0.1|operational-control-disposition"",""附录A 表A.1|PDF-p33-35"",""附录D 表D.1|PDF-p43;附录C 表C.1、表C.2、表C.3|PDF-p40,41,42""]"
SRC-RAW-F7E56B123AF69F40ACAB,PM2.5,燃料一平均收到基灰分（%）,coal_particle_balance,"[{""mode"":""coal_particle_balance"",""parameter_id"":""D-EP-COAL-PF-PM25+C-01"",""reference"":""附录D 表D.1|PDF-p43;附录C 表C.1、表C.2、表C.3|PDF-p40,41,42"",""role"":""primary"",""unit"":""g/kg"",""value"":7.5825}]","[""冻结实施规则v1.0.1|operational-control-disposition"",""附录A 表A.1|PDF-p33-35"",""附录D 表D.1|PDF-p43;附录C 表C.1、表C.2、表C.3|PDF-p40,41,42""]"
SRC-RAW-F7E56B123AF69F40ACAB,BC,燃料一平均收到基灰分（%）,coal_particle_balance,"[{""mode"":""coal_particle_balance"",""parameter_id"":""D-EP-COAL-PF-BC+C-01"",""reference"":""附录D 表D.1|PDF-p43;附录C 表C.1、表C.2、表C.3|PDF-p40,41,42"",""role"":""primary"",""unit"":""g/kg"",""value"":0.015165}]","[""冻结实施规则v1.0.1|operational-control-disposition"",""附录A 表A.1|PDF-p33-35"",""附录D 表D.1|PDF-p43;附录C 表C.1、表C.2、表C.3|PDF-p40,41,42""]"
SRC-RAW-F7E56B123AF69F40ACAB,OC,燃料一平均收到基灰分（%）,coal_particle_balance,"[{""mode"":""coal_particle_balance"",""parameter_id"":""D-EP-COAL-PF-OC+C-01"",""reference"":""附录D 表D.1|PDF-p43;附录C 表C.1、表C.2、表C.3|PDF-p40,41,42"",""role"":""primary"",""unit"":""g/kg"",""value"":0.0}]","[""冻结实施规则v1.0.1|operational-control-disposition"",""附录A 表A.1|PDF-p33-35"",""附录D 表D.1|PDF-p43;附录C 表C.1、表C.2、表C.3|PDF-p40,41,42""]"
SRC-RAW-D61018B198766BD3C03F,PM10,燃料一平均收到基灰分（%）,coal_particle_balance,"[{""mode"":""coal_particle_balance"",""parameter_id"":""D-EP-COAL-CFB-PM10+C-02"",""reference"":""附录D 表D.1|PDF-p43;附录C 表C.1、表C.2、表C.3|PDF-p40,41,42"",""role"":""primary"",""unit"":""g/kg"",""value"":13.609120000000003},{""mode"":""coal_particle_balance"",""parameter_id"":""D-EP-COAL-CFB-PM25+C-02"",""reference"":""附录D 表D.1|PDF-p43;附录C 表C.1、表C.2、表C.3|PDF-p40,41,42"",""role"":""pm25_pair_for_pm10"",""unit"":""g/kg"",""value"":3.284960000000001}]","[""附录A 表A.1|PDF-p33-35"",""附录D 表D.1|PDF-p43;附录C 表C.1、表C.2、表C.3|PDF-p40,41,42""]"
SRC-RAW-D61018B198766BD3C03F,PM2.5,燃料一平均收到基灰分（%）,coal_particle_balance,"[{""mode"":""coal_particle_balance"",""parameter_id"":""D-EP-COAL-CFB-PM25+C-02"",""reference"":""附录D 表D.1|PDF-p43;附录C 表C.1、表C.2、表C.3|PDF-p40,41,42"",""role"":""primary"",""unit"":""g/kg"",""value"":3.284960000000001}]","[""附录A 表A.1|PDF-p33-35"",""附录D 表D.1|PDF-p43;附录C 表C.1、表C.2、表C.3|PDF-p40,41,42""]"
SRC-RAW-D61018B198766BD3C03F,BC,燃料一平均收到基灰分（%）,coal_particle_balance,"[{""mode"":""coal_particle_balance"",""parameter_id"":""D-EP-COAL-CFB-BC+C-02"",""reference"":""附录D 表D.1|PDF-p43;附录C 表C.1、表C.2、表C.3|PDF-p40,41,42"",""role"":""primary"",""unit"":""g/kg"",""value"":0.0065699200000000025}]","[""附录A 表A.1|PDF-p33-35"",""附录D 表D.1|PDF-p43;附录C 表C.1、表C.2、表C.3|PDF-p40,41,42""]"
SRC-RAW-D61018B198766BD3C03F,OC,燃料一平均收到基灰分（%）,coal_particle_balance,"[{""mode"":""coal_particle_balance"",""parameter_id"":""D-EP-COAL-CFB-OC+C-02"",""reference"":""附录D 表D.1|PDF-p43;附录C 表C.1、表C.2、表C.3|PDF-p40,41,42"",""role"":""primary"",""unit"":""g/kg"",""value"":0.0}]","[""附录A 表A.1|PDF-p33-35"",""附录D 表D.1|PDF-p43;附录C 表C.1、表C.2、表C.3|PDF-p40,41,42""]"
SRC-RAW-C6D82ADA0C636EFF013B,SO2,燃料一平均收到基含硫量,coal_sulfur_balance,"[{""mode"":""coal_sulfur_balance"",""parameter_id"":""E-MM-COAL-AUTOGRATE-SO2+C-13"",""reference"":""附录E 表E.7|PDF-p54;附录C 表C.1、表C.2、表C.3|PDF-p40,41,42"",""role"":""primary"",""unit"":""g/kg"",""value"":4.59}]","[""冻结实施规则v1.0.1|operational-control-disposition"",""附录A 表A.1|PDF-p33-35"",""附录E 表E.7|PDF-p54;附录C 表C.1、表C.2、表C.3|PDF-p40,41,42""]"
