source_id,source_class,entity_id,original_row,root_cause,detail_cause,field,before,after,affected_pollutants,fuel,fuel_slot,combustion_technology,enterprise_control_processes,original_outlet,input_row
SRC-RAW-35208EA8F9C5B0CA67BD,INDUSTRIAL,CREDIT-FBC2608944DF,33,ACTIVITY_MISSING,FUEL_AMOUNT_MISSING,燃料一消耗量,19.100,,"[""SO2"", ""NOx"", ""CO"", ""VOC"", ""PM10"", ""PM2.5"", ""BC"", ""OC""]",天然气,一,室燃炉,"[""密闭间收集+吸收""]",DA001,2
SRC-RAW-D72961D02D38D2C405BB,INDUSTRIAL,CREDIT-447D90B3B688,36,ACTIVITY_MISSING,FUEL_AMOUNT_MISSING,燃料一消耗量,38.000,,"[""SO2"", ""NOx"", ""CO"", ""VOC"", ""PM10"", ""PM2.5"", ""BC"", ""OC""]",液化石油气,一,室燃炉,[],DA001,3
SRC-RAW-3E66D36FC4F7A71C87FB,POWER,CREDIT-08D0E35B9A56,38,SOURCE_RELATION_MISSING,OUTLET_LINK_MISSING,排放口编号,DA002,,"[""BC"", ""CO"", ""NH3"", ""NOx"", ""OC"", ""PM10"", ""PM2.5"", ""SO2"", ""VOC""]",焦炉煤气,一,室燃炉,[],DA002,4
SRC-RAW-DB41A697E6D3E6CCEBB9,POWER,CREDIT-08D0E35B9A56,39,NO_ANOMALY,NO_ANOMALY,,,,[],焦炉煤气,一,,[],DA001,5
SRC-RAW-09CC07AB1163C70FFAC1,POWER,CREDIT-08D0E35B9A56,41,HARD_CONSTRAINT_CONFLICT,FUEL_AMOUNT_NEGATIVE,燃料一消耗量,38.885,-38.885,"[""SO2"", ""NOx"", ""CO"", ""VOC"", ""PM10"", ""PM2.5"", ""BC"", ""OC""]",焦炉煤气,一,,[],DA004,6
SRC-RAW-934C722DA5B37B8C1AE7,POWER,CREDIT-29DCF2989D98,70,NO_ANOMALY,NO_ANOMALY,,,,[],焦炉煤气,一,,[],DA001,7
SRC-RAW-1AB2981F39D95390A9AA,POWER,CREDIT-29DCF2989D98,71,ACTIVITY_MISSING,FUEL_AMOUNT_MISSING,燃料一消耗量,304.680,,"[""SO2"", ""NOx"", ""CO"", ""VOC"", ""PM10"", ""PM2.5"", ""BC"", ""OC""]",焦炉煤气,一,,[],DA002,8
SRC-RAW-7DB401C6AD1D015503BE,POWER,CREDIT-29DCF2989D98,72,SOURCE_RELATION_MISSING,OUTLET_LINK_MISSING,排放口编号,DA003,,"[""BC"", ""CO"", ""NH3"", ""NOx"", ""OC"", ""PM10"", ""PM2.5"", ""SO2"", ""VOC""]",焦炉煤气,一,,[],DA003,9
SRC-RAW-7E2B91F4BB3B2C1B3958,INDUSTRIAL,CREDIT-966EE6F73DF3,89,HARD_CONSTRAINT_CONFLICT,FUEL_AMOUNT_NEGATIVE,燃料一消耗量,92.000,-92.0,"[""SO2"", ""NOx"", ""CO"", ""VOC"", ""PM10"", ""PM2.5"", ""BC"", ""OC""]",柴油,一,室燃炉,[],DA001,10
SRC-RAW-97675F7EB454C52FE916,INDUSTRIAL,CREDIT-C36AADDB2C0B,100,ACTIVITY_MISSING,FUEL_AMOUNT_MISSING,燃料一消耗量,19.000,,"[""SO2"", ""NOx"", ""CO"", ""VOC"", ""PM10"", ""PM2.5"", ""BC"", ""OC""]",天然气,一,室燃炉,"[""N08其他（低氮燃烧-国内领先）""]",DA001,11
SRC-RAW-E7AD12EAC6533209A11F,INDUSTRIAL,CREDIT-C140A95AA36E,103,HARD_CONSTRAINT_CONFLICT,FUEL_AMOUNT_NEGATIVE,燃料一消耗量,19.500,-19.5,"[""SO2"", ""NOx"", ""CO"", ""VOC"", ""PM10"", ""PM2.5"", ""BC"", ""OC""]",天然气,一,室燃炉,"[""喷淋塔/冲击水浴+静电除尘""]",DA014,12
SRC-RAW-7ED9A502BB20460932A2,INDUSTRIAL,CREDIT-44CEAD46AA56,154,NO_ANOMALY,NO_ANOMALY,,,,[],天然气,一,其他,"[""全部密闭-蓄热式热力燃烧法""]",DA001,13
SRC-RAW-B8510A104767F52727BA,POWER,CREDIT-77FA34A04C08,160,POLLUTANT_PARAMETER_MISSING,SULFUR_MISSING,燃料一平均收到基含硫量,0.650,,"[""SO2""]",一般烟煤,一,煤粉炉,"[""高效石灰石/石膏法②"", ""高效选择性催化还原法（SCR）③"", ""高效静电除尘①""]",DA001,14
SRC-RAW-9AFF69BBAFECE52DAA67,POWER,CREDIT-77FA34A04C08,161,HARD_CONSTRAINT_CONFLICT,FUEL_AMOUNT_NEGATIVE,燃料一消耗量,658693.000,-658693.0,"[""SO2"", ""NOx"", ""CO"", ""VOC"", ""PM10"", ""PM2.5"", ""BC"", ""OC"", ""NH3""]",一般烟煤,一,煤粉炉,"[""高效石灰石/石膏法②"", ""高效选择性催化还原法（SCR）③"", ""高效静电除尘①""]",DA001,15
SRC-RAW-F89F40B64DF2F0AADAAE,INDUSTRIAL,CREDIT-299E28121709,222,SOURCE_RELATION_MISSING,OUTLET_LINK_MISSING,排放口编号,DA083,,"[""BC"", ""CO"", ""NH3"", ""NOx"", ""OC"", ""PM10"", ""PM2.5"", ""SO2"", ""VOC""]",天然气,一,室燃炉,"[""文丘里"", ""蓄热式热力燃烧法"", ""袋式除尘""]",DA083,16
SRC-RAW-0D9DD3060792EFD6DCC9,INDUSTRIAL,CREDIT-0A9976E116E6,234,ACTIVITY_MISSING,FUEL_AMOUNT_MISSING,燃料一消耗量,3.260,,"[""SO2"", ""NOx"", ""CO"", ""VOC"", ""PM10"", ""PM2.5"", ""BC"", ""OC""]",天然气,一,室燃炉,"[""吸附/催化燃烧法""]",DA002,17
SRC-RAW-564588A54363D164F11E,INDUSTRIAL,CREDIT-5F34D8184CBD,250,NO_ANOMALY,NO_ANOMALY,,,,[],天然气,一,室燃炉,"[""其他（活性炭吸附）"", ""袋式除尘""]",DA008,18
SRC-RAW-82A69BFE33CB1705DF62,INDUSTRIAL,CREDIT-044CF5B9803D,253,ACTIVITY_MISSING,FUEL_AMOUNT_MISSING,燃料一消耗量,23.450,,"[""SO2"", ""NOx"", ""CO"", ""VOC"", ""PM10"", ""PM2.5"", ""BC"", ""OC""]",天然气,一,其他,"[""其他（吸附法）"", ""袋式除尘""]",DA018,19
SRC-RAW-C4E7E8F8DBFE20599C8A,INDUSTRIAL,CREDIT-0A13C1CB2113,281,SOURCE_RELATION_MISSING,OUTLET_LINK_MISSING,排放口编号,DA002,,"[""BC"", ""CO"", ""NH3"", ""NOx"", ""OC"", ""PM10"", ""PM2.5"", ""SO2"", ""VOC""]",天然气,一,室燃炉,"[""N08其他（低氮燃烧-国内领先）""]",DA002,20
SRC-RAW-3A966F6751381310DE95,POWER,CREDIT-32EC7AA195C2,282,NO_ANOMALY,NO_ANOMALY,,,,[],一般烟煤,一,煤粉炉,"[""电袋组合"", ""高效石灰石/石膏法②"", ""高效选择性催化还原法（SCR）③""]",DA001,21
SRC-RAW-3E1F4674BE5DEDEDE380,POWER,CREDIT-32EC7AA195C2,283,POLLUTANT_PARAMETER_MISSING,ASH_MISSING,燃料一平均收到基灰分（%）,21.18,,"[""PM10"", ""PM2.5"", ""BC"", ""OC""]",一般烟煤,一,煤粉炉,"[""电袋组合"", ""高效石灰石/石膏法②"", ""高效选择性催化还原法（SCR）③""]",DA001,22
SRC-RAW-17F0CE77DDF2DB73048F,INDUSTRIAL,CREDIT-59AF572C1243,291,NO_ANOMALY,NO_ANOMALY,,,,[],天然气,一,其他,"[""其他（活性炭吸附）""]",DA001,23
SRC-RAW-6AAABCE4184D20AE823E,POWER,CREDIT-8897E814EC2C,292,NO_ANOMALY,NO_ANOMALY,,,,[],天然气,一,其他,[],DA001,24
SRC-RAW-4F420B79A47B053BE6A6,INDUSTRIAL,CREDIT-8005F319315E,309,HARD_CONSTRAINT_CONFLICT,FUEL_AMOUNT_NEGATIVE,燃料一消耗量,16.794,-16.794,"[""SO2"", ""NOx"", ""CO"", ""VOC"", ""PM10"", ""PM2.5"", ""BC"", ""OC""]",天然气,一,室燃炉,"[""其他（吸附法）""]",DA011,25
SRC-RAW-CCE518507FE244F9AEB5,INDUSTRIAL,CREDIT-0105B67CEBF6,337,ACTIVITY_MISSING,FUEL_AMOUNT_MISSING,燃料一消耗量,33.700,,"[""SO2"", ""NOx"", ""CO"", ""VOC"", ""PM10"", ""PM2.5"", ""BC"", ""OC""]",天然气,一,其他,"[""全部密闭-蓄热式热力燃烧法""]",DA013,26
SRC-RAW-63F031CD40C62D3287CF,INDUSTRIAL,CREDIT-CB796FFD83E3,343,ACTIVITY_MISSING,FUEL_AMOUNT_MISSING,燃料一消耗量,2.790,,"[""SO2"", ""NOx"", ""CO"", ""VOC"", ""PM10"", ""PM2.5"", ""BC"", ""OC""]",天然气,一,室燃炉,"[""催化燃烧法"", ""其他（吸附法）"", ""袋式除尘""]",DA008,27
SRC-RAW-B152217274B981D7682E,INDUSTRIAL,CREDIT-FE287314A8C8,359,HARD_CONSTRAINT_CONFLICT,FUEL_AMOUNT_NEGATIVE,燃料一消耗量,32.350,-32.35,"[""SO2"", ""NOx"", ""CO"", ""VOC"", ""PM10"", ""PM2.5"", ""BC"", ""OC""]",天然气,一,室燃炉,"[""蓄热式热力燃烧法""]",DA001,28
SRC-RAW-CB701FE9286B19093C1E,INDUSTRIAL,CREDIT-4237D7C1D69E,364,NO_ANOMALY,NO_ANOMALY,,,,[],天然气,一,其他,"[""蓄热式热力燃烧法"", ""袋式除尘""]",DA004,29
SRC-RAW-9B8229F8C1512374E339,POWER,CREDIT-2067ABEAC8D8,379,NO_ANOMALY,NO_ANOMALY,,,,[],天然气,一,,[],DA002,30
SRC-RAW-C987D33C42422706B4EA,INDUSTRIAL,CREDIT-C94BC3AD73C8,390,NO_ANOMALY,NO_ANOMALY,,,,[],天然气,一,室燃炉,"[""喷淋塔/冲击水浴""]",DA015,31
SRC-RAW-797DB6F7DB6C9B013B0A,INDUSTRIAL,CREDIT-A18103ED70E1,448,SOURCE_RELATION_MISSING,OUTLET_LINK_MISSING,排放口编号,DA001,,"[""BC"", ""CO"", ""NH3"", ""NOx"", ""OC"", ""PM10"", ""PM2.5"", ""SO2"", ""VOC""]",天然气,一,室燃炉,"[""直接燃烧法""]",DA001,32
SRC-RAW-4880CD5B2EA2B603D99E,INDUSTRIAL,CREDIT-E6998F7182D8,452,ACTIVITY_MISSING,FUEL_AMOUNT_MISSING,燃料一消耗量,4.950,,"[""SO2"", ""NOx"", ""CO"", ""VOC"", ""PM10"", ""PM2.5"", ""BC"", ""OC""]",天然气,一,室燃炉,"[""外部集气罩-其他（活性炭法）""]",DA002,33
SRC-RAW-4ABBE497E6EBE2A6F389,INDUSTRIAL,CREDIT-4C9CAD40A679,496,HARD_CONSTRAINT_CONFLICT,FUEL_AMOUNT_NEGATIVE,燃料一消耗量,7.300,-7.3,"[""SO2"", ""NOx"", ""CO"", ""VOC"", ""PM10"", ""PM2.5"", ""BC"", ""OC""]",天然气,一,室燃炉,[],DA001,34
SRC-RAW-AFC8439695D444001224,POWER,CREDIT-BBD9A1D268BA,534,NO_ANOMALY,NO_ANOMALY,,,,[],原煤,一,煤粉炉,"[""石灰石/石膏法"", ""袋式除尘"", ""高效选择性催化还原法（SCR）③""]",DA001,35
SRC-RAW-3ADCA80952BFB5C3B56A,POWER,CREDIT-BBD9A1D268BA,535,HARD_CONSTRAINT_CONFLICT,FUEL_AMOUNT_NEGATIVE,燃料一消耗量,642747.360,-642747.36,"[""SO2"", ""NOx"", ""CO"", ""VOC"", ""PM10"", ""PM2.5"", ""BC"", ""OC"", ""NH3""]",原煤,一,煤粉炉,"[""石灰石/石膏法"", ""袋式除尘"", ""高效选择性催化还原法（SCR）③""]",DA002,36
SRC-RAW-31E69AFCF19B952DA614,POWER,CREDIT-BBD9A1D268BA,536,SOURCE_RELATION_MISSING,OUTLET_LINK_MISSING,排放口编号,DA003,,"[""BC"", ""CO"", ""NH3"", ""NOx"", ""OC"", ""PM10"", ""PM2.5"", ""SO2"", ""VOC""]",原煤,一,煤粉炉,"[""石灰石/石膏法"", ""袋式除尘"", ""高效选择性催化还原法（SCR）③""]",DA003,37
SRC-RAW-CCDE74141F81CA791FFA,POWER,CREDIT-BBD9A1D268BA,537,POLLUTANT_PARAMETER_MISSING,SULFUR_MISSING,燃料一平均收到基含硫量,0.510,,"[""SO2""]",原煤,一,煤粉炉,"[""石灰石/石膏法"", ""袋式除尘"", ""高效选择性催化还原法（SCR）③""]",DA004,38
SRC-RAW-EA79F4213507545820A8,INDUSTRIAL,CREDIT-2753EC9972FA,580,NO_ANOMALY,NO_ANOMALY,,,,[],天然气,一,室燃炉,"[""热力燃烧法""]",DA005,39
SRC-RAW-9B0578EC7CE3DAB0320B,INDUSTRIAL,CREDIT-31989E04E318,596,ACTIVITY_MISSING,FUEL_AMOUNT_MISSING,燃料一消耗量,1.484,,"[""SO2"", ""NOx"", ""CO"", ""VOC"", ""PM10"", ""PM2.5"", ""BC"", ""OC""]",天然气,一,室燃炉,"[""其他（湿法碱液脱硫）""]",DA003,40
SRC-RAW-85EB7547404649F7F630,INDUSTRIAL,CREDIT-796CC5E6B914,626,SOURCE_RELATION_MISSING,OUTLET_LINK_MISSING,排放口编号,DA035,,"[""BC"", ""CO"", ""NH3"", ""NOx"", ""OC"", ""PM10"", ""PM2.5"", ""SO2"", ""VOC""]",天然气,一,室燃炉,"[""袋式除尘""]",DA035,41
SRC-RAW-4248A114C7924AE1380B,INDUSTRIAL,CREDIT-E9BCA2D25B29,631,ACTIVITY_MISSING,FUEL_AMOUNT_MISSING,燃料一消耗量,1.500,,"[""SO2"", ""NOx"", ""CO"", ""VOC"", ""PM10"", ""PM2.5"", ""BC"", ""OC""]",天然气,一,室燃炉,"[""其他（吸附法）"", ""袋式除尘""]",DA004,42
SRC-RAW-551B2BE709200BB5AE24,INDUSTRIAL,CREDIT-5D6278A63B5F,635,SOURCE_RELATION_MISSING,OUTLET_LINK_MISSING,排放口编号,DA008,,"[""BC"", ""CO"", ""NH3"", ""NOx"", ""OC"", ""PM10"", ""PM2.5"", ""SO2"", ""VOC""]",天然气,一,室燃炉,"[""喷淋塔/冲击水浴""]",DA008,43
SRC-RAW-3EF4C285FA23D36D8A39,POWER,CREDIT-BDB9831BD61E,638,POLLUTANT_PARAMETER_MISSING,ASH_MISSING,燃料一平均收到基灰分（%）,16.33,,"[""PM10"", ""PM2.5"", ""BC"", ""OC""]",一般烟煤,一,煤粉炉,"[""高效石灰石/石膏法②"", ""高效选择性催化还原法（SCR）③"", ""高效静电除尘+其他（湿法脱硫协同）+其他（湿式电除尘）①""]",DA001,44
SRC-RAW-4BAF29D777E9EDB3D5F5,POWER,CREDIT-BDB9831BD61E,639,ACTIVITY_MISSING,FUEL_AMOUNT_MISSING,燃料一消耗量,848442.671,,"[""SO2"", ""NOx"", ""CO"", ""VOC"", ""PM10"", ""PM2.5"", ""BC"", ""OC"", ""NH3""]",一般烟煤,一,煤粉炉,"[""高效石灰石/石膏法②"", ""高效选择性催化还原法（SCR）③"", ""高效静电除尘+其他（湿法脱硫协同）+其他（湿式电除尘）①""]",DA002,45
SRC-RAW-2D635CCB2B7DF66F6775,POWER,CREDIT-FCB4535DA117,650,NO_ANOMALY,NO_ANOMALY,,,,[],天然气,一,室燃炉,[],DA003,46
SRC-RAW-3ADABD147A15EE50A339,POWER,CREDIT-78C14E66F762,669,ACTIVITY_MISSING,FUEL_AMOUNT_MISSING,燃料一消耗量,97.180,,"[""SO2"", ""NOx"", ""CO"", ""VOC"", ""PM10"", ""PM2.5"", ""BC"", ""OC""]",液化天然气,一,室燃炉,[],DA001,47
SRC-RAW-E7FA2F2E4EE3BB4ACA6F,INDUSTRIAL,CREDIT-FF60CDFC212F,699,ACTIVITY_MISSING,FUEL_AMOUNT_MISSING,燃料一消耗量,2.000,,"[""SO2"", ""NOx"", ""CO"", ""VOC"", ""PM10"", ""PM2.5"", ""BC"", ""OC""]",天然气,一,室燃炉,"[""文丘里"", ""热力燃烧法"", ""袋式除尘""]",DA017,48
SRC-RAW-30779838865FD24E2A88,POWER,CREDIT-267764EE5C6F,721,NO_ANOMALY,NO_ANOMALY,,,,[],天然气,一,其他,[],DA001,49
SRC-RAW-A936F87CD7EE449FD4C2,INDUSTRIAL,CREDIT-CAC44CEF703C,744,NO_ANOMALY,NO_ANOMALY,,,,[],天然气,一,室燃炉,"[""其他（吸附法）"", ""其他（油雾净化器-机加工和热处理(淬火/回火)工段）"", ""吸附/催化燃烧法"", ""喷淋塔/冲击水浴"", ""直接燃烧法"", ""袋式除尘""]",DA036,50
SRC-RAW-E9553B256B7E6AEFE791,POWER,CREDIT-3374AF0B8772,751,ACTIVITY_MISSING,FUEL_AMOUNT_MISSING,燃料一消耗量,934729.240,,"[""SO2"", ""NOx"", ""CO"", ""VOC"", ""PM10"", ""PM2.5"", ""BC"", ""OC"", ""NH3""]",原煤,一,煤粉炉,"[""电袋组合+其他（湿式电除尘）"", ""高效石灰石/石膏法②"", ""高效选择性催化还原法（SCR）③""]",DA001,51
SRC-RAW-82B5828D08384E0505B2,POWER,CREDIT-3374AF0B8772,752,POLLUTANT_PARAMETER_MISSING,ASH_MISSING,燃料一平均收到基灰分（%）,11.96,,"[""PM10"", ""PM2.5"", ""BC"", ""OC""]",原煤,一,煤粉炉,"[""电袋组合+其他（湿式电除尘）"", ""高效石灰石/石膏法②"", ""高效选择性催化还原法（SCR）③""]",DA002,52
SRC-RAW-1C699A2B91620E9EC767,INDUSTRIAL,CREDIT-3F4D6A658562,774,SOURCE_RELATION_MISSING,OUTLET_LINK_MISSING,排放口编号,DA351,,"[""BC"", ""CO"", ""NH3"", ""NOx"", ""OC"", ""PM10"", ""PM2.5"", ""SO2"", ""VOC""]",天然气,一,室燃炉,"[""蓄热式催化燃烧法""]",DA351,53
SRC-RAW-5D4535C299E833FE4746,INDUSTRIAL,CREDIT-1DB20D8D7006,794,SOURCE_RELATION_MISSING,OUTLET_LINK_MISSING,排放口编号,DA003,,"[""BC"", ""CO"", ""NH3"", ""NOx"", ""OC"", ""PM10"", ""PM2.5"", ""SO2"", ""VOC""]",天然气,一,室燃炉,"[""袋式除尘"", ""选择性催化还原法""]",DA003,54
SRC-RAW-0FD82B1672C4D5D5BD9F,POWER,CREDIT-4E6B93D48140,814,HARD_CONSTRAINT_CONFLICT,FUEL_AMOUNT_NEGATIVE,燃料一消耗量,805917.604,-805917.604,"[""SO2"", ""NOx"", ""CO"", ""VOC"", ""PM10"", ""PM2.5"", ""BC"", ""OC""]",原煤,一,循环流化床锅炉,[],DA002,55
SRC-RAW-478EECAEF6262579E02C,INDUSTRIAL,ORG-757FCC951947,828,NO_ANOMALY,NO_ANOMALY,,,,[],天然气,一,其他,"[""其他（过滤除尘法（布袋除尘器-覆膜））"", ""湿式除尘法（文丘里）"", ""过滤除尘法（布袋除尘器-无覆膜）""]",DA029,56
SRC-RAW-031B3589BCDCF633B0EA,POWER,CREDIT-BC2F38FC7475,845,ACTIVITY_MISSING,FUEL_AMOUNT_MISSING,燃料一消耗量,688652.000,,"[""SO2"", ""NOx"", ""CO"", ""VOC"", ""PM10"", ""PM2.5"", ""BC"", ""OC"", ""NH3""]",一般烟煤,一,煤粉炉,"[""电袋组合"", ""高效石灰石/石膏法②"", ""高效选择性催化还原法（SCR）③""]",DA002,57
SRC-RAW-48C23C1682ABD09D7103,POWER,CREDIT-BC2F38FC7475,846,NO_ANOMALY,NO_ANOMALY,,,,[],一般烟煤,一,煤粉炉,"[""电袋组合"", ""高效石灰石/石膏法②"", ""高效选择性催化还原法（SCR）③""]",DA001,58
SRC-RAW-7F76A3AC469336B1002A,POWER,CREDIT-A8088A22348A,862,ACTIVITY_MISSING,FUEL_AMOUNT_MISSING,燃料一消耗量,121879.293,,"[""SO2"", ""NOx"", ""CO"", ""VOC"", ""PM10"", ""PM2.5"", ""BC"", ""OC""]",原煤,一,循环流化床锅炉,[],DA001,59
SRC-RAW-D2363A650EC4E8571988,POWER,CREDIT-A8088A22348A,863,NO_ANOMALY,NO_ANOMALY,,,,[],原煤,一,循环流化床锅炉,[],DA001,60
SRC-RAW-004BFF7E05001898F508,INDUSTRIAL,CREDIT-0956D91ED84D,867,POLLUTANT_PARAMETER_MISSING,SULFUR_MISSING,燃料一平均收到基含硫量,0.520,,"[""SO2""]",一般烟煤,一,链条炉,"[""冷凝法""]",DA001,61
SRC-RAW-3E261CA80C79093305DB,INDUSTRIAL,CREDIT-0BF8D139EC91,872,NO_ANOMALY,NO_ANOMALY,,,,[],柴油,一,其他,[],DA004,62
SRC-RAW-FFC0B973A05AAD3E232F,INDUSTRIAL,ORG-39D281780ACA,877,POLLUTANT_PARAMETER_MISSING,ASH_MISSING,燃料一平均收到基灰分（%）,5.00,,"[""PM10"", ""PM2.5"", ""BC"", ""OC""]",无烟煤,一,链条炉,[],DA005,63
SRC-RAW-D6A8375EC710B4B00990,POWER,CREDIT-EDCD7CE71B55,924,SOURCE_RELATION_MISSING,OUTLET_LINK_MISSING,排放口编号,DA002,,"[""BC"", ""CO"", ""NH3"", ""NOx"", ""OC"", ""PM10"", ""PM2.5"", ""SO2"", ""VOC""]",无烟煤,一,循环流化床锅炉,[],DA002,64
SRC-RAW-7620EF002BA9ADAD6CF1,POWER,CREDIT-EDCD7CE71B55,925,HARD_CONSTRAINT_CONFLICT,FUEL_AMOUNT_NEGATIVE,燃料一消耗量,335243.000,-335243.0,"[""SO2"", ""NOx"", ""CO"", ""VOC"", ""PM10"", ""PM2.5"", ""BC"", ""OC""]",无烟煤,一,循环流化床锅炉,[],DA003,65
SRC-RAW-6B2A959B5DD6F8A603F6,POWER,CREDIT-044F2544AD20,935,POLLUTANT_PARAMETER_MISSING,ASH_MISSING,燃料一平均收到基灰分（%）,13.33,,"[""PM10"", ""PM2.5"", ""BC"", ""OC""]",褐煤,一,循环流化床锅炉,[],DA001,66
SRC-RAW-B9D25D90184C1D6081DC,POWER,CREDIT-044F2544AD20,936,ACTIVITY_MISSING,FUEL_AMOUNT_MISSING,燃料一消耗量,650475.620,,"[""SO2"", ""NOx"", ""CO"", ""VOC"", ""PM10"", ""PM2.5"", ""BC"", ""OC""]",褐煤,一,循环流化床锅炉,[],DA001,67
SRC-RAW-755E6F80A48AC746200C,POWER,CREDIT-0D82A75AD238,1002,NO_ANOMALY,NO_ANOMALY,,,,[],原煤,一,煤粉炉,[],DA003,68
SRC-RAW-72233F12645656D2C844,POWER,CREDIT-0D82A75AD238,1003,POLLUTANT_PARAMETER_MISSING,SULFUR_MISSING,燃料一平均收到基含硫量,0.545,,"[""SO2""]",原煤,一,煤粉炉,[],DA003,69
SRC-RAW-A18EB4EE4009D36F1387,INDUSTRIAL,CREDIT-6365ADAE7EB8,1104,HARD_CONSTRAINT_CONFLICT,FUEL_AMOUNT_NEGATIVE,燃料一消耗量,32.600,-32.6,"[""SO2"", ""NOx"", ""CO"", ""VOC"", ""PM10"", ""PM2.5"", ""BC"", ""OC""]",天然气,一,室燃炉,"[""喷淋塔/冲击水浴""]",DA001,70
SRC-RAW-CD15108C8EA51EEDE9C5,INDUSTRIAL,CREDIT-A7ED9F7474B3,1139,ACTIVITY_MISSING,FUEL_AMOUNT_MISSING,燃料一消耗量,48.215,,"[""SO2"", ""NOx"", ""CO"", ""VOC"", ""PM10"", ""PM2.5"", ""BC"", ""OC""]",天然气,一,室燃炉,[],DA103,71
SRC-RAW-36EB95264EB3DBF868F1,INDUSTRIAL,CREDIT-487653B7E0D7,1142,NO_ANOMALY,NO_ANOMALY,,,,[],天然气,一,室燃炉,"[""低温等离子体"", ""袋式除尘""]",DA001,72
SRC-RAW-563FE7E5683312E85594,INDUSTRIAL,CREDIT-2359A7BCFF07,1172,SOURCE_RELATION_MISSING,OUTLET_LINK_MISSING,排放口编号,DA004,,"[""BC"", ""CO"", ""NH3"", ""NOx"", ""OC"", ""PM10"", ""PM2.5"", ""SO2"", ""VOC""]",天然气,一,室燃炉,"[""光解""]",DA004,73
SRC-RAW-5CC797637451E5BFB75D,INDUSTRIAL,CREDIT-76EFE1890FA9,1261,NO_ANOMALY,NO_ANOMALY,,,,[],天然气,一,室燃炉,"[""光催化氧化+活性炭吸附""]",DA003,74
SRC-RAW-7C18C254776E7C627507,INDUSTRIAL,CREDIT-8C2A072733A6,1311,SOURCE_RELATION_MISSING,OUTLET_LINK_MISSING,排放口编号,DA013,,"[""BC"", ""CO"", ""NH3"", ""NOx"", ""OC"", ""PM10"", ""PM2.5"", ""SO2"", ""VOC""]",天然气,一,室燃炉,"[""吸附/催化燃烧法"", ""喷淋塔/冲击水浴""]",DA013,75
SRC-RAW-06A0D517678266881D8A,INDUSTRIAL,CREDIT-87342A27F42B,1368,HARD_CONSTRAINT_CONFLICT,FUEL_AMOUNT_NEGATIVE,燃料一消耗量,39.614,-39.614,"[""SO2"", ""NOx"", ""CO"", ""VOC"", ""PM10"", ""PM2.5"", ""BC"", ""OC""]",天然气,一,室燃炉,"[""催化燃烧法"", ""光催化""]",DA002,76
SRC-RAW-CB1B81AA30BD9D6FB18E,POWER,CREDIT-ED857E9D1B1F,1382,SOURCE_RELATION_MISSING,OUTLET_LINK_MISSING,排放口编号,DA002,,"[""BC"", ""CO"", ""NH3"", ""NOx"", ""OC"", ""PM10"", ""PM2.5"", ""SO2"", ""VOC""]",天然气,一,,[],DA002,77
SRC-RAW-7C1A45CA61EBF52066B0,POWER,CREDIT-68B476E38C51,1389,SOURCE_RELATION_MISSING,OUTLET_LINK_MISSING,排放口编号,DA001,,"[""BC"", ""CO"", ""NH3"", ""NOx"", ""OC"", ""PM10"", ""PM2.5"", ""SO2"", ""VOC""]",褐煤,一,煤粉炉,"[""石灰石/石膏法"", ""静电除尘+其他（湿式电除尘）"", ""高效选择性催化还原法（SCR）③""]",DA001,78
SRC-RAW-6F0411A459B438D419BD,POWER,CREDIT-68B476E38C51,1390,POLLUTANT_PARAMETER_MISSING,ASH_MISSING,燃料一平均收到基灰分（%）,12.90,,"[""PM10"", ""PM2.5"", ""BC"", ""OC""]",褐煤,一,煤粉炉,"[""石灰石/石膏法"", ""静电除尘+其他（湿式电除尘）"", ""高效选择性催化还原法（SCR）③""]",DA002,79
SRC-RAW-201725EEAC6A04980D8B,INDUSTRIAL,CREDIT-56496CB14CB1,1402,SOURCE_RELATION_MISSING,OUTLET_LINK_MISSING,排放口编号,DA008,,"[""BC"", ""CO"", ""NH3"", ""NOx"", ""OC"", ""PM10"", ""PM2.5"", ""SO2"", ""VOC""]",柴油,一,室燃炉,[],DA008,80
SRC-RAW-B518FF1EA69E2BCC20B6,INDUSTRIAL,CREDIT-7AB63E1C98E7,1516,SOURCE_RELATION_MISSING,OUTLET_LINK_MISSING,排放口编号,DA021,,"[""BC"", ""CO"", ""NH3"", ""NOx"", ""OC"", ""PM10"", ""PM2.5"", ""SO2"", ""VOC""]",天然气,一,室燃炉,"[""其他（吸附法）"", ""袋式除尘""]",DA021,81
SRC-RAW-D16EA3E11682DFFC3340,POWER,CREDIT-9C4BB0EBF967,1520,ACTIVITY_MISSING,FUEL_AMOUNT_MISSING,燃料一消耗量,8778.068,,"[""SO2"", ""NOx"", ""CO"", ""VOC"", ""PM10"", ""PM2.5"", ""BC"", ""OC""]",天然气,一,,[],DA002,82
SRC-RAW-B165A18B20946B2E00E5,POWER,CREDIT-F766F5EF5CD0,1525,SOURCE_RELATION_MISSING,OUTLET_LINK_MISSING,排放口编号,DA002,,"[""BC"", ""CO"", ""NH3"", ""NOx"", ""OC"", ""PM10"", ""PM2.5"", ""SO2"", ""VOC""]",柴油,一,其他,[],DA002,83
SRC-RAW-45FDCD49242692C59CC2,POWER,CREDIT-F766F5EF5CD0,1526,ACTIVITY_MISSING,FUEL_AMOUNT_MISSING,燃料一消耗量,367.030,,"[""SO2"", ""NOx"", ""CO"", ""VOC"", ""PM10"", ""PM2.5"", ""BC"", ""OC""]",柴油,一,其他,[],DA004,84
SRC-RAW-EEBE090EA58DAA871EB5,POWER,CREDIT-F766F5EF5CD0,1527,NO_ANOMALY,NO_ANOMALY,,,,[],柴油,一,其他,[],DA005,85
SRC-RAW-F4E2E3A5D2805919502A,POWER,CREDIT-F766F5EF5CD0,1528,HARD_CONSTRAINT_CONFLICT,FUEL_AMOUNT_NEGATIVE,燃料一消耗量,367.030,-367.03,"[""SO2"", ""NOx"", ""CO"", ""VOC"", ""PM10"", ""PM2.5"", ""BC"", ""OC""]",柴油,一,其他,[],DA006,86
SRC-RAW-2A1617483E6B435AD365,INDUSTRIAL,CREDIT-9413B96F0674,1570,SOURCE_RELATION_MISSING,OUTLET_LINK_MISSING,排放口编号,DA003,,"[""BC"", ""CO"", ""NH3"", ""NOx"", ""OC"", ""PM10"", ""PM2.5"", ""SO2"", ""VOC""]",天然气,一,其他,"[""催化燃烧法"", ""直接燃烧法""]",DA003,87
SRC-RAW-CA1482BE0E160DD8597C,POWER,CREDIT-5D6642124647,1578,SOURCE_RELATION_MISSING,OUTLET_LINK_MISSING,排放口编号,DA003,,"[""BC"", ""CO"", ""NH3"", ""NOx"", ""OC"", ""PM10"", ""PM2.5"", ""SO2"", ""VOC""]",天然气,一,室燃炉,"[""电袋组合""]",DA003,88
SRC-RAW-EA575374F3359E937FB7,POWER,CREDIT-5D6642124647,1579,ACTIVITY_MISSING,FUEL_AMOUNT_MISSING,燃料一消耗量,35421.640,,"[""SO2"", ""NOx"", ""CO"", ""VOC"", ""PM10"", ""PM2.5"", ""BC"", ""OC""]",天然气,一,室燃炉,"[""电袋组合""]",DA004,89
SRC-RAW-2EEB2C44E7BB0C062FD1,INDUSTRIAL,CREDIT-9ED985E1D3D6,1591,SOURCE_RELATION_MISSING,OUTLET_LINK_MISSING,排放口编号,DA001,,"[""BC"", ""CO"", ""NH3"", ""NOx"", ""OC"", ""PM10"", ""PM2.5"", ""SO2"", ""VOC""]",天然气,一,室燃炉,"[""冷凝法"", ""袋式除尘""]",DA001,90
SRC-RAW-FAB5057D4C83F3A4DE14,POWER,CREDIT-2901E5788AAD,1597,POLLUTANT_PARAMETER_MISSING,ASH_MISSING,燃料一平均收到基灰分（%）,9.46,,"[""PM10"", ""PM2.5"", ""BC"", ""OC""]",一般烟煤,一,煤粉炉,"[""电袋组合+其他（湿式电除尘）"", ""石灰石/石膏法"", ""选择性催化还原法（SCR）""]",DA001,91
SRC-RAW-AD8770B38710366C7C2C,POWER,CREDIT-2901E5788AAD,1598,SOURCE_RELATION_MISSING,OUTLET_LINK_MISSING,排放口编号,DA002,,"[""BC"", ""CO"", ""NH3"", ""NOx"", ""OC"", ""PM10"", ""PM2.5"", ""SO2"", ""VOC""]",一般烟煤,一,煤粉炉,"[""电袋组合+其他（湿式电除尘）"", ""石灰石/石膏法"", ""选择性催化还原法（SCR）""]",DA002,92
SRC-RAW-3813565566A3B83E884B,POWER,CREDIT-511D7F2DF1E6,1601,SOURCE_RELATION_MISSING,OUTLET_LINK_MISSING,排放口编号,DA001,,"[""BC"", ""CO"", ""NH3"", ""NOx"", ""OC"", ""PM10"", ""PM2.5"", ""SO2"", ""VOC""]",原煤,一,煤粉炉,"[""静电除尘+其他（湿式电除尘）"", ""高效石灰石/石膏法②"", ""高效选择性催化还原法（SCR）③""]",DA001,93
SRC-RAW-034EA11B7545A4E80FF5,POWER,CREDIT-511D7F2DF1E6,1602,ACTIVITY_MISSING,FUEL_AMOUNT_MISSING,燃料一消耗量,1492517.000,,"[""SO2"", ""NOx"", ""CO"", ""VOC"", ""PM10"", ""PM2.5"", ""BC"", ""OC"", ""NH3""]",原煤,一,煤粉炉,"[""静电除尘+其他（湿式电除尘）"", ""高效石灰石/石膏法②"", ""高效选择性催化还原法（SCR）③""]",DA002,94
SRC-RAW-DD5BF76F8B881D1D2AB7,INDUSTRIAL,CREDIT-9E9EF311E578,1630,HARD_CONSTRAINT_CONFLICT,FUEL_AMOUNT_NEGATIVE,燃料一消耗量,90.890,-90.89,"[""SO2"", ""NOx"", ""CO"", ""VOC"", ""PM10"", ""PM2.5"", ""BC"", ""OC""]",天然气,一,室燃炉,"[""其他（吸收）"", ""袋式除尘"", ""选择性催化还原法（SCR）""]",DA002,95
SRC-RAW-652A3588E0500FA7EDEE,INDUSTRIAL,CREDIT-20AB7B7C5CA2,1748,NO_ANOMALY,NO_ANOMALY,,,,[],柴油,一,室燃炉,[],DA001,96
SRC-RAW-A76844F8CA4874DDAB78,POWER,CREDIT-51750DCD7770,1783,SOURCE_RELATION_MISSING,OUTLET_LINK_MISSING,排放口编号,DA002,,"[""BC"", ""CO"", ""NH3"", ""NOx"", ""OC"", ""PM10"", ""PM2.5"", ""SO2"", ""VOC""]",原煤,一,煤粉炉,"[""电袋组合"", ""石灰石/石膏法"", ""选择性催化还原法（SCR）""]",DA002,97
SRC-RAW-57975824CAAF1FEA69F8,POWER,CREDIT-51750DCD7770,1784,HARD_CONSTRAINT_CONFLICT,FUEL_AMOUNT_NEGATIVE,燃料一消耗量,745182.000,-745182.0,"[""SO2"", ""NOx"", ""CO"", ""VOC"", ""PM10"", ""PM2.5"", ""BC"", ""OC"", ""NH3""]",原煤,一,煤粉炉,"[""电袋组合"", ""石灰石/石膏法"", ""选择性催化还原法（SCR）""]",DA003,98
SRC-RAW-E1396E97602796F2B2D9,POWER,CREDIT-51750DCD7770,1785,POLLUTANT_PARAMETER_MISSING,SULFUR_MISSING,燃料一平均收到基含硫量,0.600,,"[""SO2""]",原煤,一,煤粉炉,"[""电袋组合"", ""石灰石/石膏法"", ""选择性催化还原法（SCR）""]",DA001,99
SRC-RAW-58D05AB6943C48568AE9,POWER,CREDIT-9424080A378E,1818,SOURCE_RELATION_MISSING,OUTLET_LINK_MISSING,排放口编号,DA001,,"[""BC"", ""CO"", ""NH3"", ""NOx"", ""OC"", ""PM10"", ""PM2.5"", ""SO2"", ""VOC""]",一般烟煤,一,煤粉炉,"[""海水脱硫法"", ""选择性催化还原法（SCR）"", ""静电除尘""]",DA001,100
SRC-RAW-A42AE6EB5B122E58A6B2,POWER,CREDIT-9424080A378E,1819,POLLUTANT_PARAMETER_MISSING,ASH_MISSING,燃料一平均收到基灰分（%）,7.52,,"[""PM10"", ""PM2.5"", ""BC"", ""OC""]",一般烟煤,一,煤粉炉,"[""海水脱硫法"", ""选择性催化还原法（SCR）"", ""静电除尘""]",DA002,101
SRC-RAW-91758580F3D639F02735,POWER,CREDIT-9424080A378E,1820,HARD_CONSTRAINT_CONFLICT,FUEL_AMOUNT_NEGATIVE,燃料一消耗量,1595887.430,-1595887.43,"[""SO2"", ""NOx"", ""CO"", ""VOC"", ""PM10"", ""PM2.5"", ""BC"", ""OC"", ""NH3""]",一般烟煤,一,煤粉炉,"[""海水脱硫法"", ""选择性催化还原法（SCR）"", ""静电除尘""]",DA003,102
SRC-RAW-D16F224D5164D01920EB,POWER,CREDIT-9424080A378E,1821,NO_ANOMALY,NO_ANOMALY,,,,[],一般烟煤,一,煤粉炉,"[""海水脱硫法"", ""选择性催化还原法（SCR）"", ""静电除尘""]",DA004,103
SRC-RAW-2D6580A941F7A3221868,POWER,CREDIT-9CE3103FC174,1826,NO_ANOMALY,NO_ANOMALY,,,,[],一般烟煤,一,循环流化床锅炉,"[""石灰/石膏法"", ""袋式除尘+其他（湿法脱硫协同）"", ""选择性催化还原法（SCR）""]",DA001,104
SRC-RAW-730A96C0F1BB19F1D46E,POWER,CREDIT-9CE3103FC174,1827,ACTIVITY_MISSING,FUEL_AMOUNT_MISSING,燃料一消耗量,120782.290,,"[""SO2"", ""NOx"", ""CO"", ""VOC"", ""PM10"", ""PM2.5"", ""BC"", ""OC"", ""NH3""]",一般烟煤,一,循环流化床锅炉,"[""石灰/石膏法"", ""袋式除尘+其他（湿法脱硫协同）"", ""选择性催化还原法（SCR）""]",DA001,105
SRC-RAW-CBBFC1A28AA95EDC417A,POWER,CREDIT-9CE3103FC174,1829,POLLUTANT_PARAMETER_MISSING,SULFUR_MISSING,燃料一平均收到基含硫量,0.560,,"[""SO2""]",一般烟煤,一,循环流化床锅炉,"[""石灰/石膏法"", ""袋式除尘+其他（湿法脱硫协同）"", ""选择性催化还原法（SCR）""]",DA001,106
SRC-RAW-1119E36BA6B9144F2860,POWER,CREDIT-9CE3103FC174,1830,HARD_CONSTRAINT_CONFLICT,FUEL_AMOUNT_NEGATIVE,燃料一消耗量,5613.050,-5613.05,"[""SO2"", ""NOx"", ""CO"", ""VOC"", ""PM10"", ""PM2.5"", ""BC"", ""OC"", ""NH3""]",一般烟煤,一,循环流化床锅炉,"[""石灰/石膏法"", ""袋式除尘+其他（湿法脱硫协同）"", ""选择性催化还原法（SCR）""]",DA001,107
SRC-RAW-E8D8A4F112B9DBDBA700,INDUSTRIAL,CREDIT-91DF3AA49B10,1831,POLLUTANT_PARAMETER_MISSING,SULFUR_MISSING,燃料一平均收到基含硫量,0.300,,"[""SO2""]",无烟煤,一,链条炉,"[""其他（湿法脱硫除尘一体化）"", ""电袋组合"", ""选择性催化还原法（SCR）""]",DA001,108
SRC-RAW-4F35FA7A746C938FC50F,INDUSTRIAL,CREDIT-F8F936852C6C,1843,POLLUTANT_PARAMETER_MISSING,SULFUR_MISSING,燃料一平均收到基含硫量,0.290,,"[""SO2""]",一般烟煤,一,链条炉,"[""其他（湿法脱硫除尘一体化）"", ""电袋组合"", ""选择性催化还原法（SCR）""]",DA001,109
SRC-RAW-5A611CB426E8DD7E653A,INDUSTRIAL,CREDIT-0D6E3A6A231C,1872,POLLUTANT_PARAMETER_MISSING,SULFUR_MISSING,燃料一平均收到基含硫量,0.290,,"[""SO2""]",一般烟煤,一,循环流化床锅炉,"[""低氮燃烧+选择性非催化还原法（SNCR）"", ""袋式除尘"", ""（炉内脱硫）+双碱法""]",DA001,110
SRC-RAW-E1CA90AF5B1138F2A52A,INDUSTRIAL,CREDIT-D5C94B0AE863,1896,POLLUTANT_PARAMETER_MISSING,SULFUR_MISSING,燃料一平均收到基含硫量,0.230,,"[""SO2""]",一般烟煤,一,循环流化床锅炉,"[""袋式除尘"", ""选择性非催化还原法（SNCR）"", ""（炉内脱硫）+烟气循环流化床法""]",DA001,111
SRC-RAW-D0E1D7D809221865179F,INDUSTRIAL,CREDIT-67AA8B8F98AA,1913,POLLUTANT_PARAMETER_MISSING,ASH_MISSING,燃料一平均收到基灰分（%）,5.96,,"[""PM10"", ""PM2.5"", ""BC"", ""OC""]",一般烟煤,一,链条炉,"[""双碱法"", ""袋式除尘"", ""选择性非催化还原法（SNCR）""]",DA001,112
SRC-RAW-319B59F0E3FA468CF32C,INDUSTRIAL,CREDIT-1086C39E43B5,1930,SOURCE_RELATION_MISSING,OUTLET_LINK_MISSING,排放口编号,DA006,,"[""BC"", ""CO"", ""NH3"", ""NOx"", ""OC"", ""PM10"", ""PM2.5"", ""SO2"", ""VOC""]",天然气,一,,"[""光催化""]",DA006,113
SRC-RAW-D49A1A8E12625C6BC476,INDUSTRIAL,CREDIT-D0ADF520F639,1935,SOURCE_RELATION_MISSING,OUTLET_LINK_MISSING,排放口编号,DA017,,"[""BC"", ""CO"", ""NH3"", ""NOx"", ""OC"", ""PM10"", ""PM2.5"", ""SO2"", ""VOC""]",天然气,一,室燃炉,"[""全部密闭-光催化"", ""全部密闭-冷凝法"", ""全部密闭-吸附/催化燃烧法"", ""全部密闭-生物过滤法"", ""其他（活性炭吸附）""]",DA017,114
SRC-RAW-1D5A2A9997909A9AC9A5,INDUSTRIAL,CREDIT-E73C8700B52C,1942,ACTIVITY_MISSING,FUEL_AMOUNT_MISSING,燃料一消耗量,71.000,,"[""SO2"", ""NOx"", ""CO"", ""VOC"", ""PM10"", ""PM2.5"", ""BC"", ""OC""]",天然气,一,室燃炉,"[""低温等离子体""]",DA002,115
SRC-RAW-D8B4E7533B4C1AB139ED,INDUSTRIAL,CREDIT-D4D9682380CD,1954,SOURCE_RELATION_MISSING,OUTLET_LINK_MISSING,排放口编号,DA025,,"[""BC"", ""CO"", ""NH3"", ""NOx"", ""OC"", ""PM10"", ""PM2.5"", ""SO2"", ""VOC""]",天然气,一,室燃炉,"[""全部密闭-低温等离子体"", ""全部密闭-冷凝法"", ""全部密闭-生物过滤法""]",DA025,116
SRC-RAW-2D406E5AB95E077719F3,INDUSTRIAL,CREDIT-2241900189B7,2006,ACTIVITY_MISSING,FUEL_AMOUNT_MISSING,燃料一消耗量,137.000,,"[""SO2"", ""NOx"", ""CO"", ""VOC"", ""PM10"", ""PM2.5"", ""BC"", ""OC""]",天然气,一,室燃炉,"[""全部密闭-其他（活性炭法）"", ""全部密闭-冷凝法"", ""全部密闭-蓄热式热力燃烧法""]",DA001,117
SRC-RAW-A39EE44DA4D0B77CDE6B,POWER,CREDIT-9BA609870422,2012,HARD_CONSTRAINT_CONFLICT,FUEL_AMOUNT_NEGATIVE,燃料一消耗量,67038.000,-67038.0,"[""SO2"", ""NOx"", ""CO"", ""VOC"", ""PM10"", ""PM2.5"", ""BC"", ""OC"", ""NH3""]",一般烟煤,一,煤粉炉,"[""电袋组合+其他（湿式电除尘）"", ""石灰石/石膏法"", ""选择性催化还原法（SCR）""]",DA001,118
SRC-RAW-08ED845850C20B09F0BA,POWER,CREDIT-9BA609870422,2013,ACTIVITY_MISSING,FUEL_AMOUNT_MISSING,燃料一消耗量,566604.000,,"[""SO2"", ""NOx"", ""CO"", ""VOC"", ""PM10"", ""PM2.5"", ""BC"", ""OC"", ""NH3""]",一般烟煤,一,煤粉炉,"[""电袋组合+其他（湿式电除尘）"", ""石灰石/石膏法"", ""选择性催化还原法（SCR）""]",DA001,119
SRC-RAW-7B1B93A760DD2B1DB0F8,POWER,CREDIT-9BA609870422,2014,POLLUTANT_PARAMETER_MISSING,ASH_MISSING,燃料一平均收到基灰分（%）,18.69,,"[""PM10"", ""PM2.5"", ""BC"", ""OC""]",一般烟煤,一,循环流化床锅炉,"[""电袋组合+其他（湿式电除尘）"", ""石灰石/石膏法"", ""选择性催化还原法（SCR）""]",DA001,120
SRC-RAW-2FB8FC20271C9C66798A,POWER,CREDIT-9BA609870422,2015,HARD_CONSTRAINT_CONFLICT,FUEL_AMOUNT_NEGATIVE,燃料一消耗量,135632.000,-135632.0,"[""SO2"", ""NOx"", ""CO"", ""VOC"", ""PM10"", ""PM2.5"", ""BC"", ""OC"", ""NH3""]",一般烟煤,一,循环流化床锅炉,"[""电袋组合+其他（湿式电除尘）"", ""石灰石/石膏法"", ""选择性催化还原法（SCR）""]",DA001,121
SRC-RAW-92442C59C2F1C80173E1,INDUSTRIAL,CREDIT-B86364AE40E7,2042,HARD_CONSTRAINT_CONFLICT,FUEL_AMOUNT_NEGATIVE,燃料一消耗量,8.100,-8.1,"[""SO2"", ""NOx"", ""CO"", ""VOC"", ""PM10"", ""PM2.5"", ""BC"", ""OC""]",天然气,一,室燃炉,"[""蓄热式催化燃烧法""]",DA003,122
SRC-RAW-27B2789BD4E5E6793CAF,INDUSTRIAL,CREDIT-F65D97A3D48F,2049,NO_ANOMALY,NO_ANOMALY,,,,[],液化石油气,一,室燃炉,[],DA001,123
SRC-RAW-E439E31370E82A8C4479,INDUSTRIAL,CREDIT-8BE42A7A8778,2062,SOURCE_RELATION_MISSING,OUTLET_LINK_MISSING,排放口编号,DA002,,"[""BC"", ""CO"", ""NH3"", ""NOx"", ""OC"", ""PM10"", ""PM2.5"", ""SO2"", ""VOC""]",天然气,一,室燃炉,[],DA002,124
SRC-RAW-C4AEFE686257B0C11D20,INDUSTRIAL,CREDIT-E066D177674D,2092,ACTIVITY_MISSING,FUEL_AMOUNT_MISSING,燃料一消耗量,0.042,,"[""SO2"", ""NOx"", ""CO"", ""VOC"", ""PM10"", ""PM2.5"", ""BC"", ""OC""]",天然气,一,室燃炉,"[""其他（吸附法）""]",DA046,125
SRC-RAW-6EAB6262167FA0E8D39E,POWER,CREDIT-2AB1C45B4AF3,2095,HARD_CONSTRAINT_CONFLICT,FUEL_AMOUNT_NEGATIVE,燃料一消耗量,317420.090,-317420.09,"[""SO2"", ""NOx"", ""CO"", ""VOC"", ""PM10"", ""PM2.5"", ""BC"", ""OC"", ""NH3""]",无烟煤,一,煤粉炉,"[""其他（湿法脱硫除尘一体化）"", ""电袋组合+其他（湿法脱硫协同）"", ""选择性催化还原法（SCR）""]",DA001,126
SRC-RAW-094CC43E62D48F0DFC4D,POWER,CREDIT-2AB1C45B4AF3,2096,POLLUTANT_PARAMETER_MISSING,SULFUR_MISSING,燃料一平均收到基含硫量,0.390,,"[""SO2""]",无烟煤,一,煤粉炉,"[""其他（湿法脱硫除尘一体化）"", ""电袋组合+其他（湿法脱硫协同）"", ""选择性催化还原法（SCR）""]",DA001,127
SRC-RAW-82834F0C3BCA38A437C5,INDUSTRIAL,CREDIT-4A90223E882E,2102,HARD_CONSTRAINT_CONFLICT,FUEL_AMOUNT_NEGATIVE,燃料一消耗量,82.300,-82.3,"[""SO2"", ""NOx"", ""CO"", ""VOC"", ""PM10"", ""PM2.5"", ""BC"", ""OC""]",液化石油气,一,室燃炉,[],DA001,128
SRC-RAW-993FC1CD7B61FE3F6408,INDUSTRIAL,CREDIT-080BC16E5C6D,2181,NO_ANOMALY,NO_ANOMALY,,,,[],天然气,一,室燃炉,"[""外部集气罩-光解""]",DA001,129
SRC-RAW-139C8F4E7E7BCF1E39F8,POWER,CREDIT-B394C2D057D2,2202,HARD_CONSTRAINT_CONFLICT,FUEL_AMOUNT_NEGATIVE,燃料一消耗量,51025.120,-51025.12,"[""SO2"", ""NOx"", ""CO"", ""VOC"", ""PM10"", ""PM2.5"", ""BC"", ""OC"", ""NH3""]",一般烟煤,一,煤粉炉,"[""其他（湿法脱硫除尘一体化）"", ""袋式除尘+其他（湿法脱硫协同）"", ""选择性催化还原法（SCR）""]",DA001,130
SRC-RAW-1AF62196C8AA9525EBDE,POWER,CREDIT-B394C2D057D2,2203,SOURCE_RELATION_MISSING,OUTLET_LINK_MISSING,排放口编号,DA001,,"[""BC"", ""CO"", ""NH3"", ""NOx"", ""OC"", ""PM10"", ""PM2.5"", ""SO2"", ""VOC""]",一般烟煤,一,煤粉炉,"[""其他（湿法脱硫除尘一体化）"", ""袋式除尘+其他（湿法脱硫协同）"", ""选择性催化还原法（SCR）""]",DA001,131
SRC-RAW-AD963A2E98F587C4C005,POWER,CREDIT-B394C2D057D2,2204,POLLUTANT_PARAMETER_MISSING,SULFUR_MISSING,燃料一平均收到基含硫量,0.300,,"[""SO2""]",一般烟煤,一,循环流化床锅炉,"[""其他（湿法脱硫除尘一体化）"", ""袋式除尘+其他（湿法脱硫协同）"", ""选择性催化还原法（SCR）""]",DA002,132
SRC-RAW-A3D7BBC967379E671B7C,POWER,CREDIT-B394C2D057D2,2205,NO_ANOMALY,NO_ANOMALY,,,,[],一般烟煤,一,循环流化床锅炉,"[""其他（湿法脱硫除尘一体化）"", ""袋式除尘+其他（湿法脱硫协同）"", ""选择性催化还原法（SCR）""]",DA002,133
SRC-RAW-5DE8C0C6F54C098F0500,POWER,CREDIT-71901610403B,2209,ACTIVITY_MISSING,FUEL_AMOUNT_MISSING,燃料一消耗量,644.487,,"[""SO2"", ""NOx"", ""CO"", ""VOC"", ""PM10"", ""PM2.5"", ""BC"", ""OC""]",天然气,一,室燃炉,[],DA001,134
SRC-RAW-13544BB87A2F5434234E,INDUSTRIAL,CREDIT-69043CF5C812,2213,POLLUTANT_PARAMETER_MISSING,SULFUR_MISSING,燃料一平均收到基含硫量,0.370,,"[""SO2""]",一般烟煤,一,循环流化床锅炉,[],DA001,135
SRC-RAW-C4CB2C34A6EC14F82F9F,POWER,CREDIT-1B7B68F0E3C7,2225,SOURCE_RELATION_MISSING,OUTLET_LINK_MISSING,排放口编号,DA002,,"[""BC"", ""CO"", ""NH3"", ""NOx"", ""OC"", ""PM10"", ""PM2.5"", ""SO2"", ""VOC""]",一般烟煤,一,煤粉炉,"[""其他（湿法脱硫除尘一体化）"", ""电袋组合"", ""选择性催化还原法（SCR）""]",DA002,136
SRC-RAW-C6588136B75D868414EE,POWER,CREDIT-EB0D0399A7A7,2248,NO_ANOMALY,NO_ANOMALY,,,,[],一般烟煤,一,循环流化床锅炉,"[""其他（湿法脱硫除尘一体化）"", ""袋式除尘+其他（湿法脱硫协同）"", ""选择性催化还原法（SCR）""]",DA001,137
SRC-RAW-48982EB2A6FC7EFCB18F,POWER,CREDIT-EB0D0399A7A7,2249,SOURCE_RELATION_MISSING,OUTLET_LINK_MISSING,排放口编号,DA001,,"[""BC"", ""CO"", ""NH3"", ""NOx"", ""OC"", ""PM10"", ""PM2.5"", ""SO2"", ""VOC""]",一般烟煤,一,循环流化床锅炉,"[""其他（湿法脱硫除尘一体化）"", ""袋式除尘+其他（湿法脱硫协同）"", ""选择性催化还原法（SCR）""]",DA001,138
SRC-RAW-3D68C3391F8E405ACFFC,POWER,CREDIT-EB0D0399A7A7,2253,ACTIVITY_MISSING,FUEL_AMOUNT_MISSING,燃料一消耗量,98820.000,,"[""SO2"", ""NOx"", ""CO"", ""VOC"", ""PM10"", ""PM2.5"", ""BC"", ""OC"", ""NH3""]",一般烟煤,一,循环流化床锅炉,"[""其他（湿法脱硫除尘一体化）"", ""袋式除尘+其他（湿法脱硫协同）"", ""选择性催化还原法（SCR）""]",DA003,139
SRC-RAW-F800B5F8A13295EAB36B,POWER,CREDIT-EB0D0399A7A7,2254,HARD_CONSTRAINT_CONFLICT,FUEL_AMOUNT_NEGATIVE,燃料一消耗量,100041.000,-100041.0,"[""SO2"", ""NOx"", ""CO"", ""VOC"", ""PM10"", ""PM2.5"", ""BC"", ""OC"", ""NH3""]",一般烟煤,一,循环流化床锅炉,"[""其他（湿法脱硫除尘一体化）"", ""袋式除尘+其他（湿法脱硫协同）"", ""选择性催化还原法（SCR）""]",DA003,140
SRC-RAW-0EA1C3FA4810EDBD34F9,POWER,CREDIT-0EBEC67898B2,2255,ACTIVITY_MISSING,FUEL_AMOUNT_MISSING,燃料一消耗量,1034975.000,,"[""SO2"", ""NOx"", ""CO"", ""VOC"", ""PM10"", ""PM2.5"", ""BC"", ""OC"", ""NH3""]",原煤,一,煤粉炉,"[""石灰石/石膏法"", ""静电除尘+其他（湿法脱硫协同）+其他（湿式电除尘）"", ""高效选择性催化还原法（SCR）③""]",DA001,141
SRC-RAW-A9FB6E4E293E435004D8,POWER,CREDIT-0EBEC67898B2,2256,POLLUTANT_PARAMETER_MISSING,SULFUR_MISSING,燃料一平均收到基含硫量,0.590,,"[""SO2""]",原煤,一,煤粉炉,"[""石灰石/石膏法"", ""静电除尘+其他（湿法脱硫协同）+其他（湿式电除尘）"", ""高效选择性催化还原法（SCR）③""]",DA002,142
SRC-RAW-41935EB2B0FDC4B537ED,INDUSTRIAL,CREDIT-E01D794E814D,2260,NO_ANOMALY,NO_ANOMALY,,,,[],天然气,一,室燃炉,"[""全部密闭-其他（活性炭法）""]",DA001,143
SRC-RAW-FF2CA474B2EBF11D59B5,INDUSTRIAL,CREDIT-1516AB705D9A,2289,ACTIVITY_MISSING,FUEL_AMOUNT_MISSING,燃料一消耗量,22.000,,"[""SO2"", ""NOx"", ""CO"", ""VOC"", ""PM10"", ""PM2.5"", ""BC"", ""OC""]",天然气,一,室燃炉,"[""全部密闭-吸附/催化燃烧法""]",DA001,144
SRC-RAW-EDFD19AE3DB2C5C2A978,POWER,CREDIT-C296AF7A80F1,2294,HARD_CONSTRAINT_CONFLICT,FUEL_AMOUNT_NEGATIVE,燃料一消耗量,6496.544,-6496.544,"[""SO2"", ""NOx"", ""CO"", ""VOC"", ""PM10"", ""PM2.5"", ""BC"", ""OC""]",液化天然气,一,室燃炉,[],DA001,145
SRC-RAW-730DB3353BFFB25FE637,POWER,CREDIT-C296AF7A80F1,2295,NO_ANOMALY,NO_ANOMALY,,,,[],液化天然气,一,室燃炉,[],DA001,146
SRC-RAW-6147EA62C936E92F312B,INDUSTRIAL,CREDIT-2281F789F940,2318,ACTIVITY_MISSING,FUEL_AMOUNT_MISSING,燃料一消耗量,12.100,,"[""SO2"", ""NOx"", ""CO"", ""VOC"", ""PM10"", ""PM2.5"", ""BC"", ""OC""]",天然气,一,室燃炉,"[""蓄热式热力燃烧法""]",DA007,147
SRC-RAW-3C66CE171DD7B9908EA4,INDUSTRIAL,CREDIT-DCBF0BA636F1,2325,ACTIVITY_MISSING,FUEL_AMOUNT_MISSING,燃料一消耗量,70.400,,"[""SO2"", ""NOx"", ""CO"", ""VOC"", ""PM10"", ""PM2.5"", ""BC"", ""OC""]",天然气,一,室燃炉,"[""全部密闭-低温等离子体""]",DA001,148
SRC-RAW-B52E69542AA024FB033C,INDUSTRIAL,CREDIT-45812BC6D8E4,2332,NO_ANOMALY,NO_ANOMALY,,,,[],天然气,一,室燃炉,"[""其他（活性炭吸附）""]",DA001,149
SRC-RAW-8AEEFC80B8EB291555FC,INDUSTRIAL,CREDIT-F111C42C328D,2356,NO_ANOMALY,NO_ANOMALY,,,,[],天然气,一,室燃炉,"[""袋式除尘""]",DA007,150
SRC-RAW-BDC14746E817D5C02C2C,INDUSTRIAL,CREDIT-B7B120BBA83C,2390,NO_ANOMALY,NO_ANOMALY,,,,[],天然气,一,室燃炉,"[""低温等离子体+其他（活性炭吸附）"", ""光催化+其他（活性炭吸附）"", ""袋式除尘""]",DA005,151
SRC-RAW-3CCA598CC2D59E595061,INDUSTRIAL,CREDIT-1C4FE904498D,2417,POLLUTANT_PARAMETER_MISSING,ASH_MISSING,燃料一平均收到基灰分（%）,4.83,,"[""PM10"", ""PM2.5"", ""BC"", ""OC""]",原煤,一,循环流化床锅炉,"[""S12其他（钠碱法）"", ""低氮燃烧+选择性非催化还原法（SNCR）"", ""静电除尘+其他（湿式电除尘）""]",DA001,152
SRC-RAW-8BCC5FE3ED084801AAC7,INDUSTRIAL,CREDIT-E0234FBFB7AA,2427,NO_ANOMALY,NO_ANOMALY,,,,[],天然气,一,室燃炉,[],DA001,153
SRC-RAW-77D2B10D19D5DCC9A822,INDUSTRIAL,CREDIT-54AB47E3787C,2437,POLLUTANT_PARAMETER_MISSING,ASH_MISSING,燃料一平均收到基灰分（%）,7.91,,"[""PM10"", ""PM2.5"", ""BC"", ""OC""]",无烟煤,一,循环流化床锅炉,"[""S12其他（钠碱法）"", ""电袋组合"", ""选择性非催化还原法（SNCR）""]",DA027,154
SRC-RAW-ADCE96FA518532E338E5,INDUSTRIAL,CREDIT-CFB346761457,2456,SOURCE_RELATION_MISSING,OUTLET_LINK_MISSING,排放口编号,DA009,,"[""BC"", ""CO"", ""NH3"", ""NOx"", ""OC"", ""PM10"", ""PM2.5"", ""SO2"", ""VOC""]",天然气,一,其他,[],DA009,155
SRC-RAW-77D0CCE89B7914A2DE34,INDUSTRIAL,CREDIT-139820A34E4D,2484,NO_ANOMALY,NO_ANOMALY,,,,[],天然气,一,室燃炉,"[""光解"", ""袋式除尘""]",DA001,156
SRC-RAW-1B39BD9ABE4A6CC6FCE8,POWER,CREDIT-E67A7352F8D7,2488,HARD_CONSTRAINT_CONFLICT,FUEL_AMOUNT_NEGATIVE,燃料一消耗量,21.110,-21.11,"[""SO2"", ""NOx"", ""CO"", ""VOC"", ""PM10"", ""PM2.5"", ""BC"", ""OC""]",天然气,一,室燃炉,[],DA004,157
SRC-RAW-8CE512C8B4FACD053782,INDUSTRIAL,CREDIT-ECEA48EBFD0D,2518,SOURCE_RELATION_MISSING,OUTLET_LINK_MISSING,排放口编号,DA009,,"[""BC"", ""CO"", ""NH3"", ""NOx"", ""OC"", ""PM10"", ""PM2.5"", ""SO2"", ""VOC""]",天然气,一,其他,"[""催化燃烧法"", ""旋风+布袋""]",DA009,158
SRC-RAW-E24365638847DEF91189,INDUSTRIAL,CREDIT-751674922A3D,2542,HARD_CONSTRAINT_CONFLICT,FUEL_AMOUNT_NEGATIVE,燃料一消耗量,27.168,-27.168,"[""SO2"", ""NOx"", ""CO"", ""VOC"", ""PM10"", ""PM2.5"", ""BC"", ""OC""]",天然气,一,室燃炉,"[""蓄热式热力燃烧法"", ""袋式除尘""]",DA027,159
SRC-RAW-171B4F8B4253BBABBACF,INDUSTRIAL,CREDIT-4A0E5721222E,2551,ACTIVITY_MISSING,FUEL_AMOUNT_MISSING,燃料一消耗量,30.000,,"[""SO2"", ""NOx"", ""CO"", ""VOC"", ""PM10"", ""PM2.5"", ""BC"", ""OC""]",柴油,一,室燃炉,[],DA001,160
SRC-RAW-FB0B53424CA4277ACE07,INDUSTRIAL,CREDIT-AA822AC4C545,2567,HARD_CONSTRAINT_CONFLICT,FUEL_AMOUNT_NEGATIVE,燃料一消耗量,45.700,-45.7,"[""SO2"", ""NOx"", ""CO"", ""VOC"", ""PM10"", ""PM2.5"", ""BC"", ""OC""]",天然气,一,室燃炉,"[""催化燃烧法""]",DA033,161
SRC-RAW-083742D4619F0C028C7D,INDUSTRIAL,CREDIT-33EB8DE6929B,2568,NO_ANOMALY,NO_ANOMALY,,,,[],天然气,一,室燃炉,"[""蓄热式热力燃烧法""]",DA001,162
SRC-RAW-7DBE01C27DD6A6E57824,INDUSTRIAL,CREDIT-0B40BBB8B1FE,2574,NO_ANOMALY,NO_ANOMALY,,,,[],天然气,一,室燃炉,"[""吸附-蒸汽解析"", ""喷淋塔/冲击水浴+静电除尘""]",DA001,163
SRC-RAW-22605CA85E03A3F25500,POWER,CREDIT-2A49A710A459,2589,SOURCE_RELATION_MISSING,OUTLET_LINK_MISSING,排放口编号,DA003,,"[""BC"", ""CO"", ""NH3"", ""NOx"", ""OC"", ""PM10"", ""PM2.5"", ""SO2"", ""VOC""]",天然气,一,室燃炉,[],DA003,164
SRC-RAW-F3DCA78AB697EBC44263,INDUSTRIAL,CREDIT-34EF580B1F14,2604,SOURCE_RELATION_MISSING,OUTLET_LINK_MISSING,排放口编号,DA005,,"[""BC"", ""CO"", ""NH3"", ""NOx"", ""OC"", ""PM10"", ""PM2.5"", ""SO2"", ""VOC""]",天然气,一,室燃炉,"[""吸附+蒸汽解析"", ""喷淋塔/冲击水浴+静电除尘""]",DA005,165
SRC-RAW-3203977F5D5270B760BF,POWER,CREDIT-7DCCA41DE256,2636,POLLUTANT_PARAMETER_MISSING,ASH_MISSING,燃料一平均收到基灰分（%）,19.62,,"[""PM10"", ""PM2.5"", ""BC"", ""OC""]",原煤,一,循环流化床锅炉,"[""选择性催化还原法（SCR）"", ""静电除尘+其他（湿式电除尘）"", ""高效石灰/石膏法②""]",DA001,166
SRC-RAW-E2673803482D4F76F5EC,POWER,CREDIT-7DCCA41DE256,2637,ACTIVITY_MISSING,FUEL_AMOUNT_MISSING,燃料一消耗量,503700.000,,"[""SO2"", ""NOx"", ""CO"", ""VOC"", ""PM10"", ""PM2.5"", ""BC"", ""OC"", ""NH3""]",原煤,一,循环流化床锅炉,"[""选择性催化还原法（SCR）"", ""静电除尘+其他（湿式电除尘）"", ""高效石灰/石膏法②""]",DA001,167
SRC-RAW-C31AC3A1AA390A1FBEB2,POWER,CREDIT-DF540001EB15,2661,ACTIVITY_MISSING,FUEL_AMOUNT_MISSING,燃料一消耗量,446900.000,,"[""SO2"", ""NOx"", ""CO"", ""VOC"", ""PM10"", ""PM2.5"", ""BC"", ""OC"", ""NH3""]",原煤,一,煤粉炉,"[""高效石灰石/石膏法②"", ""高效选择性催化还原法（SCR）③"", ""高效静电除尘①""]",DA001,168
SRC-RAW-31C60B4B843403B97C6A,INDUSTRIAL,CREDIT-4A1799688987,2700,ACTIVITY_MISSING,FUEL_AMOUNT_MISSING,燃料一消耗量,70.284,,"[""SO2"", ""NOx"", ""CO"", ""VOC"", ""PM10"", ""PM2.5"", ""BC"", ""OC""]",天然气,一,室燃炉,"[""其他（活性炭吸附）""]",DA001,169
SRC-RAW-DFDCF5531376A9578B84,INDUSTRIAL,CREDIT-0BBE602C115F,2707,NO_ANOMALY,NO_ANOMALY,,,,[],天然气,一,其他,"[""喷淋塔/冲击水浴+静电除尘""]",DA008,170
SRC-RAW-BFD53C684A1E68C0BAD5,POWER,CREDIT-EB2278AF1221,2734,POLLUTANT_PARAMETER_MISSING,ASH_MISSING,燃料一平均收到基灰分（%）,16.98,,"[""PM10"", ""PM2.5"", ""BC"", ""OC""]",原煤,一,循环流化床锅炉,"[""电袋组合+其他（湿式电除尘）"", ""石灰石/石膏法"", ""选择性催化还原法（SCR）""]",DA006,171
SRC-RAW-F4362B1F0DD113F7107D,POWER,CREDIT-3976670EE30F,2753,SOURCE_RELATION_MISSING,OUTLET_LINK_MISSING,排放口编号,DA001,,"[""BC"", ""CO"", ""NH3"", ""NOx"", ""OC"", ""PM10"", ""PM2.5"", ""SO2"", ""VOC""]",原煤,一,煤粉炉,[],DA001,172
SRC-RAW-FD6EF161EFDABABAC119,POWER,CREDIT-3976670EE30F,2757,NO_ANOMALY,NO_ANOMALY,,,,[],原煤,一,煤粉炉,[],DA004,173
SRC-RAW-6D3E3B7DED9374C6CCAF,INDUSTRIAL,CREDIT-CF790C3BD24F,2787,POLLUTANT_PARAMETER_MISSING,ASH_MISSING,燃料一平均收到基灰分（%）,37.50,,"[""PM10"", ""PM2.5"", ""BC"", ""OC""]",无烟煤,一,循环流化床锅炉,"[""低氮燃烧+选择性催化还原法（SCR）"", ""湿式电除尘"", ""（炉内脱硫）+石灰石/石膏法""]",DA001,174
SRC-RAW-CC42DD79319D5D4DF6AD,INDUSTRIAL,CREDIT-74A4564F5B40,2861,NO_ANOMALY,NO_ANOMALY,,,,[],天然气,一,室燃炉,"[""光催化"", ""袋式除尘""]",DA001,175
SRC-RAW-73AFD237AF021A9DBA1A,INDUSTRIAL,ORG-9BB4CBD01C4D,2867,HARD_CONSTRAINT_CONFLICT,FUEL_AMOUNT_NEGATIVE,燃料一消耗量,13.000,-13.0,"[""SO2"", ""NOx"", ""CO"", ""VOC"", ""PM10"", ""PM2.5"", ""BC"", ""OC""]",天然气,一,室燃炉,"[""全部密闭-光解""]",DA003,176
SRC-RAW-02C3AD7C6A1E4CD731A5,INDUSTRIAL,CREDIT-791A3ECC44CE,2921,POLLUTANT_PARAMETER_MISSING,ASH_MISSING,燃料一平均收到基灰分（%）,28.00,,"[""PM10"", ""PM2.5"", ""BC"", ""OC""]",一般烟煤,一,循环流化床锅炉,"[""电袋组合+其他（湿式电除尘）"", ""高效石灰/石膏法②"", ""高效选择性催化还原法（SCR）③""]",DA001,177
SRC-RAW-00C256E474D31C7B6CE7,POWER,ORG-423AE995A569,2926,HARD_CONSTRAINT_CONFLICT,FUEL_AMOUNT_NEGATIVE,燃料一消耗量,590169.000,-590169.0,"[""SO2"", ""NOx"", ""CO"", ""VOC"", ""PM10"", ""PM2.5"", ""BC"", ""OC"", ""NH3""]",一般烟煤,一,煤粉炉,"[""其他（湿法脱硫除尘一体化）"", ""电袋组合+其他（湿法脱硫协同）"", ""袋式除尘+其他（湿法脱硫协同）"", ""选择性催化还原法（SCR）"", ""高效选择性催化还原法（SCR）③""]",DA002,178
SRC-RAW-6811A2193F6208E866A7,POWER,ORG-423AE995A569,2927,POLLUTANT_PARAMETER_MISSING,SULFUR_MISSING,燃料一平均收到基含硫量,0.960,,"[""SO2""]",一般烟煤,一,煤粉炉,"[""其他（湿法脱硫除尘一体化）"", ""电袋组合+其他（湿法脱硫协同）"", ""袋式除尘+其他（湿法脱硫协同）"", ""选择性催化还原法（SCR）"", ""高效选择性催化还原法（SCR）③""]",DA003,179
SRC-RAW-0543F60FDC1976D763BF,POWER,ORG-423AE995A569,2928,SOURCE_RELATION_MISSING,OUTLET_LINK_MISSING,排放口编号,DA004,,"[""BC"", ""CO"", ""NH3"", ""NOx"", ""OC"", ""PM10"", ""PM2.5"", ""SO2"", ""VOC""]",一般烟煤,一,煤粉炉,"[""其他（湿法脱硫除尘一体化）"", ""电袋组合+其他（湿法脱硫协同）"", ""袋式除尘+其他（湿法脱硫协同）"", ""选择性催化还原法（SCR）"", ""高效选择性催化还原法（SCR）③""]",DA004,180
SRC-RAW-59D25E06FBF47F3798DD,POWER,CREDIT-908CF8B91FA7,2932,HARD_CONSTRAINT_CONFLICT,FUEL_AMOUNT_NEGATIVE,燃料一消耗量,931784.000,-931784.0,"[""SO2"", ""NOx"", ""CO"", ""VOC"", ""PM10"", ""PM2.5"", ""BC"", ""OC""]",原煤,一,煤粉炉,[],DA001,181
SRC-RAW-94BE44414A86E0BA753A,INDUSTRIAL,CREDIT-AC271D4026D1,2958,POLLUTANT_PARAMETER_MISSING,SULFUR_MISSING,燃料一平均收到基含硫量,0.350,,"[""SO2""]",褐煤,一,循环流化床锅炉,"[""烟气循环流化床法"", ""袋式除尘"", ""选择性非催化还原法（SNCR）""]",DA001,182
SRC-RAW-7BA6D986CE61FF7D51B7,POWER,CREDIT-4983CEC9D7E2,3078,POLLUTANT_PARAMETER_MISSING,ASH_MISSING,燃料一平均收到基灰分（%）,10.75,,"[""PM10"", ""PM2.5"", ""BC"", ""OC""]",一般烟煤,一,煤粉炉,"[""其他（湿法脱硫除尘一体化）"", ""高效选择性催化还原法（SCR）③"", ""高效静电除尘+其他（湿式电除尘）①""]",DA001,183
SRC-RAW-1BCCD905C534AF5E1304,POWER,CREDIT-4983CEC9D7E2,3079,ACTIVITY_MISSING,FUEL_AMOUNT_MISSING,燃料一消耗量,1717136.000,,"[""SO2"", ""NOx"", ""CO"", ""VOC"", ""PM10"", ""PM2.5"", ""BC"", ""OC""]",一般烟煤,一,煤粉炉,"[""其他（湿法脱硫除尘一体化）"", ""高效选择性催化还原法（SCR）③"", ""高效静电除尘+其他（湿式电除尘）①""]",DA001,184
SRC-RAW-A4FDF150A128909BE0BD,INDUSTRIAL,CREDIT-3C5EB2958C2D,3096,POLLUTANT_PARAMETER_MISSING,ASH_MISSING,燃料一平均收到基灰分（%）,12.10,,"[""PM10"", ""PM2.5"", ""BC"", ""OC""]",原煤,一,煤粉炉,"[""选择性催化还原法（SCR）"", ""高效石灰石/石膏法②"", ""高效袋式除尘①""]",DA002,185
SRC-RAW-061DB3E543B16331E37B,POWER,CREDIT-6A626340B635,3140,HARD_CONSTRAINT_CONFLICT,FUEL_AMOUNT_NEGATIVE,燃料一消耗量,491300.000,-491300.0,"[""SO2"", ""NOx"", ""CO"", ""VOC"", ""PM10"", ""PM2.5"", ""BC"", ""OC"", ""NH3""]",一般烟煤,一,煤粉炉,"[""电袋组合"", ""石灰/石膏法"", ""选择性催化还原法（SCR）"", ""静电除尘""]",DA001,186
SRC-RAW-689A0257BF9EEA8A27B5,POWER,CREDIT-6A626340B635,3141,POLLUTANT_PARAMETER_MISSING,SULFUR_MISSING,燃料一平均收到基含硫量,0.860,,"[""SO2""]",一般烟煤,一,煤粉炉,"[""电袋组合"", ""石灰/石膏法"", ""选择性催化还原法（SCR）"", ""静电除尘""]",DA002,187
SRC-RAW-943A68DDDE5616AFED0D,POWER,CREDIT-6A626340B635,3142,SOURCE_RELATION_MISSING,OUTLET_LINK_MISSING,排放口编号,DA003,,"[""BC"", ""CO"", ""NH3"", ""NOx"", ""OC"", ""PM10"", ""PM2.5"", ""SO2"", ""VOC""]",一般烟煤,一,煤粉炉,"[""电袋组合"", ""石灰/石膏法"", ""选择性催化还原法（SCR）"", ""静电除尘""]",DA003,188
SRC-RAW-06769CDAB42CB73FDF17,INDUSTRIAL,CREDIT-844EFA1905EA,3165,POLLUTANT_PARAMETER_MISSING,SULFUR_MISSING,燃料一平均收到基含硫量,0.600,,"[""SO2""]",无烟煤,一,抛煤机炉,[],DA001,189
SRC-RAW-FCC268F768A43B518486,POWER,CREDIT-A53D126BECBF,3218,HARD_CONSTRAINT_CONFLICT,FUEL_AMOUNT_NEGATIVE,燃料一消耗量,10268.640,-10268.64,"[""SO2"", ""NOx"", ""CO"", ""VOC"", ""PM10"", ""PM2.5"", ""BC"", ""OC""]",液化天然气,一,,[],DA001,190
SRC-RAW-2DC355A7DAB92666CE8A,POWER,CREDIT-A53D126BECBF,3219,SOURCE_RELATION_MISSING,OUTLET_LINK_MISSING,排放口编号,DA002,,"[""BC"", ""CO"", ""NH3"", ""NOx"", ""OC"", ""PM10"", ""PM2.5"", ""SO2"", ""VOC""]",液化天然气,一,,[],DA002,191
SRC-RAW-B7015BF8E4E8C57DF23D,INDUSTRIAL,CREDIT-5057BF5CE38D,3252,ACTIVITY_MISSING,FUEL_AMOUNT_MISSING,燃料一消耗量,15.600,,"[""SO2"", ""NOx"", ""CO"", ""VOC"", ""PM10"", ""PM2.5"", ""BC"", ""OC""]",液化石油气,一,其他,[],DA001,192
SRC-RAW-65C2D043B08F22E2A5E5,INDUSTRIAL,CREDIT-A42DE48BEDC8,3347,SOURCE_RELATION_MISSING,OUTLET_LINK_MISSING,排放口编号,DA030,,"[""BC"", ""CO"", ""NH3"", ""NOx"", ""OC"", ""PM10"", ""PM2.5"", ""SO2"", ""VOC""]",液化石油气,一,室燃炉,[],DA030,193
SRC-RAW-DEAEFF26B2F6E10A50BC,POWER,CREDIT-687BD2DEA6A8,3471,HARD_CONSTRAINT_CONFLICT,FUEL_AMOUNT_NEGATIVE,燃料一消耗量,1278416.000,-1278416.0,"[""SO2"", ""NOx"", ""CO"", ""VOC"", ""PM10"", ""PM2.5"", ""BC"", ""OC"", ""NH3""]",原煤,一,煤粉炉,"[""石灰/石膏法"", ""袋式除尘+其他（湿式电除尘）"", ""高效选择性催化还原法（SCR）③""]",DA001,194
SRC-RAW-8454B9202B0628E9CEC4,POWER,CREDIT-687BD2DEA6A8,3472,ACTIVITY_MISSING,FUEL_AMOUNT_MISSING,燃料一消耗量,1033312.000,,"[""SO2"", ""NOx"", ""CO"", ""VOC"", ""PM10"", ""PM2.5"", ""BC"", ""OC"", ""NH3""]",原煤,一,煤粉炉,"[""石灰/石膏法"", ""袋式除尘+其他（湿式电除尘）"", ""高效选择性催化还原法（SCR）③""]",DA001,195
SRC-RAW-98EE935979FF9D9781A6,POWER,CREDIT-6178C2A11592,3491,NO_ANOMALY,NO_ANOMALY,,,,[],天然气,一,室燃炉,[],DA002,196
SRC-RAW-129F5F9B694D3A429A0B,POWER,CREDIT-D9FDD36140DB,3498,NO_ANOMALY,NO_ANOMALY,,,,[],天然气,一,,[],DA001,197
SRC-RAW-656E666C8C582E479170,INDUSTRIAL,CREDIT-19AAD1F80FD2,3503,HARD_CONSTRAINT_CONFLICT,FUEL_AMOUNT_NEGATIVE,燃料一消耗量,185.000,-185.0,"[""SO2"", ""NOx"", ""CO"", ""VOC"", ""PM10"", ""PM2.5"", ""BC"", ""OC""]",天然气,一,室燃炉,"[""吸附/热力燃烧法""]",DA003,198
SRC-RAW-9EC1B6359222B8DC4E10,INDUSTRIAL,CREDIT-F54B0BE13A04,3519,NO_ANOMALY,NO_ANOMALY,,,,[],天然气,一,室燃炉,"[""N08其他（低氮燃烧-国际领先）"", ""静电除尘""]",DA001,199
SRC-RAW-7F81904F368FD1C2F9F1,INDUSTRIAL,CREDIT-A2F01F967A17,3540,ACTIVITY_MISSING,FUEL_AMOUNT_MISSING,燃料一消耗量,12.000,,"[""SO2"", ""NOx"", ""CO"", ""VOC"", ""PM10"", ""PM2.5"", ""BC"", ""OC""]",天然气,一,其他,"[""吸附/催化燃烧法""]",DA003,200
SRC-RAW-F4651AD603FDCB921B58,POWER,CREDIT-AEA956680E46,3559,ACTIVITY_MISSING,FUEL_AMOUNT_MISSING,燃料一消耗量,17400.000,,"[""SO2"", ""NOx"", ""CO"", ""VOC"", ""PM10"", ""PM2.5"", ""BC"", ""OC""]",液化石油气,一,室燃炉,[],DA001,201
SRC-RAW-C885B9F0BBEA30995969,INDUSTRIAL,CREDIT-87576DD9FEB2,3630,ACTIVITY_MISSING,FUEL_AMOUNT_MISSING,燃料一消耗量,10.000,,"[""SO2"", ""NOx"", ""CO"", ""VOC"", ""PM10"", ""PM2.5"", ""BC"", ""OC""]",液化石油气,一,,"[""光解""]",DA001,202
SRC-RAW-B470895EC043FDFFA8CD,INDUSTRIAL,CREDIT-641402187DA1,3681,HARD_CONSTRAINT_CONFLICT,FUEL_AMOUNT_NEGATIVE,燃料一消耗量,41.372,-41.372,"[""SO2"", ""NOx"", ""CO"", ""VOC"", ""PM10"", ""PM2.5"", ""BC"", ""OC""]",天然气,一,室燃炉,"[""其他（吸附法）"", ""袋式除尘""]",DA070,203
SRC-RAW-0316307F0CE6EA792698,INDUSTRIAL,CREDIT-87DDB1020458,3705,HARD_CONSTRAINT_CONFLICT,FUEL_AMOUNT_NEGATIVE,燃料一消耗量,6.400,-6.4,"[""SO2"", ""NOx"", ""CO"", ""VOC"", ""PM10"", ""PM2.5"", ""BC"", ""OC""]",天然气,一,其他,"[""袋式除尘""]",DA001,204
SRC-RAW-83889A99A6D073CA7B35,POWER,CREDIT-63F29E2159A0,3763,NO_ANOMALY,NO_ANOMALY,,,,[],液化天然气,一,室燃炉,[],DA002,205
SRC-RAW-AD5B2BC7A9BD5226E3F1,POWER,CREDIT-63F29E2159A0,3766,SOURCE_RELATION_MISSING,OUTLET_LINK_MISSING,排放口编号,DA005,,"[""BC"", ""CO"", ""NH3"", ""NOx"", ""OC"", ""PM10"", ""PM2.5"", ""SO2"", ""VOC""]",液化天然气,一,室燃炉,[],DA005,206
SRC-RAW-A5E426EB00113B8E7A2E,POWER,CREDIT-BEA4A5388856,3782,SOURCE_RELATION_MISSING,OUTLET_LINK_MISSING,排放口编号,DA001,,"[""BC"", ""CO"", ""NH3"", ""NOx"", ""OC"", ""PM10"", ""PM2.5"", ""SO2"", ""VOC""]",原煤,一,煤粉炉,"[""石灰石/石膏法"", ""静电除尘"", ""高效选择性催化还原法（SCR）③""]",DA001,207
SRC-RAW-59CF1BC6B0C3ADF43BD2,POWER,CREDIT-BEA4A5388856,3783,POLLUTANT_PARAMETER_MISSING,SULFUR_MISSING,燃料一平均收到基含硫量,0.530,,"[""SO2""]",原煤,一,煤粉炉,"[""石灰石/石膏法"", ""静电除尘"", ""高效选择性催化还原法（SCR）③""]",DA002,208
SRC-RAW-55EB92331A8A3C5CC243,INDUSTRIAL,CREDIT-7BDE1A6D3546,3788,SOURCE_RELATION_MISSING,OUTLET_LINK_MISSING,排放口编号,DA008,,"[""BC"", ""CO"", ""NH3"", ""NOx"", ""OC"", ""PM10"", ""PM2.5"", ""SO2"", ""VOC""]",天然气,一,室燃炉,"[""其他（喷雾降尘、机械除尘等）"", ""湿法"", ""燃烧法""]",DA008,209
SRC-RAW-DC9E490E1C8A44C540C5,POWER,CREDIT-701B5978C7D8,3828,POLLUTANT_PARAMETER_MISSING,SULFUR_MISSING,燃料一平均收到基含硫量,0.460,,"[""SO2""]",原煤,一,煤粉炉,"[""高效电袋组合+其他（湿式电除尘）①"", ""高效石灰/石膏法②"", ""高效选择性催化还原法（SCR）③""]",DA001,210
SRC-RAW-B56086824F04D846DBFA,POWER,CREDIT-701B5978C7D8,3829,ACTIVITY_MISSING,FUEL_AMOUNT_MISSING,燃料一消耗量,908613.000,,"[""SO2"", ""NOx"", ""CO"", ""VOC"", ""PM10"", ""PM2.5"", ""BC"", ""OC""]",原煤,一,煤粉炉,"[""高效电袋组合+其他（湿式电除尘）①"", ""高效石灰/石膏法②"", ""高效选择性催化还原法（SCR）③""]",DA001,211
SRC-RAW-53939DA90DE9795ACF87,INDUSTRIAL,CREDIT-4EE4C51DFCD9,3875,HARD_CONSTRAINT_CONFLICT,FUEL_AMOUNT_NEGATIVE,燃料一消耗量,68.000,-68.0,"[""SO2"", ""NOx"", ""CO"", ""VOC"", ""PM10"", ""PM2.5"", ""BC"", ""OC""]",天然气,一,室燃炉,"[""全部密闭-其他（沸石转轮吸附法）"", ""全部密闭-蓄热式热力燃烧法""]",DA004,212
SRC-RAW-9C2666A045D655DE7A20,POWER,CREDIT-B255E05B3C24,3907,NO_ANOMALY,NO_ANOMALY,,,,[],原煤,一,循环流化床锅炉,[],DA002,213
SRC-RAW-A3FBB4382F65DF34F05E,POWER,CREDIT-B255E05B3C24,3909,SOURCE_RELATION_MISSING,OUTLET_LINK_MISSING,排放口编号,DA003,,"[""BC"", ""CO"", ""NH3"", ""NOx"", ""OC"", ""PM10"", ""PM2.5"", ""SO2"", ""VOC""]",原煤,一,循环流化床锅炉,[],DA003,214
SRC-RAW-0CF0D8335C0BB992C611,POWER,CREDIT-D5EE7E1FB8EC,3915,POLLUTANT_PARAMETER_MISSING,SULFUR_MISSING,燃料一平均收到基含硫量,0.840,,"[""SO2""]",原煤,一,煤粉炉,"[""高效石灰石/石膏法②"", ""高效选择性催化还原法（SCR）③"", ""高效静电除尘+其他（湿法脱硫协同）+其他（湿式电除尘）①""]",DA001,215
SRC-RAW-6A3D9F0940947CB1906F,POWER,CREDIT-D5EE7E1FB8EC,3916,ACTIVITY_MISSING,FUEL_AMOUNT_MISSING,燃料一消耗量,1280046.000,,"[""SO2"", ""NOx"", ""CO"", ""VOC"", ""PM10"", ""PM2.5"", ""BC"", ""OC"", ""NH3""]",原煤,一,煤粉炉,"[""高效石灰石/石膏法②"", ""高效选择性催化还原法（SCR）③"", ""高效静电除尘+其他（湿法脱硫协同）+其他（湿式电除尘）①""]",DA002,216
SRC-RAW-F1E3277CC2B3CFF211F1,INDUSTRIAL,CREDIT-D0D1F116E31E,3948,POLLUTANT_PARAMETER_MISSING,ASH_MISSING,燃料一平均收到基灰分（%）,18.42,,"[""PM10"", ""PM2.5"", ""BC"", ""OC""]",褐煤,一,循环流化床锅炉,[],DA001,217
SRC-RAW-3FED5702793EBC59124F,POWER,CREDIT-8C734DE79945,3978,NO_ANOMALY,NO_ANOMALY,,,,[],一般烟煤,一,煤粉炉,"[""石灰/石膏法"", ""静电除尘+其他（湿法脱硫协同）"", ""高效选择性催化还原法（SCR）③""]",DA001,218
SRC-RAW-8638EC6E8AF122B97D6A,POWER,CREDIT-8C734DE79945,3979,HARD_CONSTRAINT_CONFLICT,FUEL_AMOUNT_NEGATIVE,燃料一消耗量,1531451.910,-1531451.91,"[""SO2"", ""NOx"", ""CO"", ""VOC"", ""PM10"", ""PM2.5"", ""BC"", ""OC"", ""NH3""]",一般烟煤,一,煤粉炉,"[""石灰/石膏法"", ""静电除尘+其他（湿法脱硫协同）"", ""高效选择性催化还原法（SCR）③""]",DA002,219
SRC-RAW-A9B79E53EDDFDADB0001,POWER,CREDIT-8C734DE79945,3980,SOURCE_RELATION_MISSING,OUTLET_LINK_MISSING,排放口编号,DA003,,"[""BC"", ""CO"", ""NH3"", ""NOx"", ""OC"", ""PM10"", ""PM2.5"", ""SO2"", ""VOC""]",一般烟煤,一,煤粉炉,"[""石灰/石膏法"", ""静电除尘+其他（湿法脱硫协同）"", ""高效选择性催化还原法（SCR）③""]",DA003,220
SRC-RAW-2FD3C0B7571FF8A81961,POWER,CREDIT-8C734DE79945,3981,POLLUTANT_PARAMETER_MISSING,ASH_MISSING,燃料一平均收到基灰分（%）,12.40,,"[""PM10"", ""PM2.5"", ""BC"", ""OC""]",一般烟煤,一,煤粉炉,"[""石灰/石膏法"", ""静电除尘+其他（湿法脱硫协同）"", ""高效选择性催化还原法（SCR）③""]",DA004,221
SRC-RAW-3CE84EFE5438CA8FB4A0,POWER,CREDIT-2E63BB2D6FC8,4018,POLLUTANT_PARAMETER_MISSING,ASH_MISSING,燃料一平均收到基灰分（%）,16.77,,"[""PM10"", ""PM2.5"", ""BC"", ""OC""]",一般烟煤,一,煤粉炉,"[""其他（湿法脱硫除尘一体化）"", ""选择性催化还原法（SCR）"", ""高效静电除尘①""]",DA001,222
SRC-RAW-F2AC45A6F890FFE96ABF,POWER,CREDIT-2E63BB2D6FC8,4019,ACTIVITY_MISSING,FUEL_AMOUNT_MISSING,燃料一消耗量,2595547.400,,"[""SO2"", ""NOx"", ""CO"", ""VOC"", ""PM10"", ""PM2.5"", ""BC"", ""OC"", ""NH3""]",一般烟煤,一,煤粉炉,"[""其他（湿法脱硫除尘一体化）"", ""选择性催化还原法（SCR）"", ""高效静电除尘①""]",DA002,223
SRC-RAW-9D2D3CCEFBE2883FB563,INDUSTRIAL,CREDIT-ADFFF84B5394,4027,HARD_CONSTRAINT_CONFLICT,FUEL_AMOUNT_NEGATIVE,燃料一消耗量,8.050,-8.05,"[""SO2"", ""NOx"", ""CO"", ""VOC"", ""PM10"", ""PM2.5"", ""BC"", ""OC""]",天然气,一,室燃炉,"[""外部集气罩-其他（活性炭法）""]",DA001,224
SRC-RAW-22BA5A2282497EAD078C,POWER,ORG-350CA80CFBAF,4028,SOURCE_RELATION_MISSING,OUTLET_LINK_MISSING,排放口编号,DA001,,"[""BC"", ""CO"", ""NH3"", ""NOx"", ""OC"", ""PM10"", ""PM2.5"", ""SO2"", ""VOC""]",原煤,一,煤粉炉,"[""高效石灰石/石膏法②"", ""高效选择性催化还原法（SCR）③"", ""高效静电除尘+其他（湿法脱硫协同）+其他（湿式电除尘）①""]",DA001,225
SRC-RAW-D754FE900ADCABAF2D31,POWER,CREDIT-0265A61AC1D3,4053,ACTIVITY_MISSING,FUEL_AMOUNT_MISSING,燃料一消耗量,1942183.000,,"[""SO2"", ""NOx"", ""CO"", ""VOC"", ""PM10"", ""PM2.5"", ""BC"", ""OC""]",原煤,一,煤粉炉,[],DA002,226
SRC-RAW-54FCEBC1A0E7EFF2B073,INDUSTRIAL,CREDIT-68D0DD692A01,4060,HARD_CONSTRAINT_CONFLICT,FUEL_AMOUNT_NEGATIVE,燃料一消耗量,545.000,-545.0,"[""SO2"", ""NOx"", ""CO"", ""VOC"", ""PM10"", ""PM2.5"", ""BC"", ""OC""]",柴油,一,室燃炉,"[""袋式除尘""]",DA003,227
SRC-RAW-7DFFD694C7B5B4F656CF,INDUSTRIAL,CREDIT-3553F47DEB0A,4066,ACTIVITY_MISSING,FUEL_AMOUNT_MISSING,燃料一消耗量,40.000,,"[""SO2"", ""NOx"", ""CO"", ""VOC"", ""PM10"", ""PM2.5"", ""BC"", ""OC""]",天然气,一,其他,[],DA207,228
SRC-RAW-FF35FCD5B7C97FCA5DA2,INDUSTRIAL,CREDIT-BC0139993EDC,4077,POLLUTANT_PARAMETER_MISSING,ASH_MISSING,燃料一平均收到基灰分（%）,5.06,,"[""PM10"", ""PM2.5"", ""BC"", ""OC""]",煤制品,一,煤粉炉,[],DA014,229
SRC-RAW-06559C1528FD9583174C,INDUSTRIAL,CREDIT-CA2B1C7D128F,4098,POLLUTANT_PARAMETER_MISSING,ASH_MISSING,燃料一平均收到基灰分（%）,30.00,,"[""PM10"", ""PM2.5"", ""BC"", ""OC""]",原煤,一,链条炉,[],DA001,230
SRC-RAW-13051E02DF7384D16801,POWER,CREDIT-F06216C437B5,4149,POLLUTANT_PARAMETER_MISSING,SULFUR_MISSING,燃料一平均收到基含硫量,0.700,,"[""SO2""]",一般烟煤,一,煤粉炉,[],DA002,231
SRC-RAW-CE34D434EBB7A964698E,POWER,CREDIT-F06216C437B5,4152,SOURCE_RELATION_MISSING,OUTLET_LINK_MISSING,排放口编号,DA005,,"[""BC"", ""CO"", ""NH3"", ""NOx"", ""OC"", ""PM10"", ""PM2.5"", ""SO2"", ""VOC""]",一般烟煤,一,煤粉炉,[],DA005,232
SRC-RAW-8BA6C0021F1DACE6673F,INDUSTRIAL,CREDIT-A454564422BF,4167,SOURCE_RELATION_MISSING,OUTLET_LINK_MISSING,排放口编号,DA002,,"[""BC"", ""CO"", ""NH3"", ""NOx"", ""OC"", ""PM10"", ""PM2.5"", ""SO2"", ""VOC""]",高炉煤气,一,其他,[],DA002,233
SRC-RAW-B1F1C1E743C912A9F498,INDUSTRIAL,CREDIT-7602E6C133DA,4192,SOURCE_RELATION_MISSING,OUTLET_LINK_MISSING,排放口编号,DA001,,"[""BC"", ""CO"", ""NH3"", ""NOx"", ""OC"", ""PM10"", ""PM2.5"", ""SO2"", ""VOC""]",其他石油制品,一,室燃炉,[],DA001,234
SRC-RAW-1A7416B593E4F2D1EE56,POWER,CREDIT-6E373B3E8B10,4246,NO_ANOMALY,NO_ANOMALY,,,,[],天然气,一,室燃炉,[],DA001,235
SRC-RAW-AF828E9FE765DD8EDEB2,INDUSTRIAL,CREDIT-C8C14C480687,4270,ACTIVITY_MISSING,FUEL_AMOUNT_MISSING,燃料一消耗量,172.000,,"[""SO2"", ""NOx"", ""CO"", ""VOC"", ""PM10"", ""PM2.5"", ""BC"", ""OC""]",天然气,一,其他,"[""袋式除尘""]",DA005,236
SRC-RAW-160282C53287E4BC8DD3,INDUSTRIAL,CREDIT-0BBFADD97E4A,4316,POLLUTANT_PARAMETER_MISSING,ASH_MISSING,燃料一平均收到基灰分（%）,11.10,,"[""PM10"", ""PM2.5"", ""BC"", ""OC""]",一般烟煤,一,循环流化床锅炉,"[""喷淋塔/冲击水浴+静电除尘"", ""选择性非催化还原法（SNCR）"", ""静电除尘"", ""（炉内脱硫）+S12其他（钠碱法）""]",DA025,237
SRC-RAW-D7B908699C56CDB87422,INDUSTRIAL,CREDIT-7004414E1AE3,4326,SOURCE_RELATION_MISSING,OUTLET_LINK_MISSING,排放口编号,DA005,,"[""BC"", ""CO"", ""NH3"", ""NOx"", ""OC"", ""PM10"", ""PM2.5"", ""SO2"", ""VOC""]",天然气,一,室燃炉,"[""催化燃烧法""]",DA005,238
SRC-RAW-555AC0E83B21D681E350,INDUSTRIAL,CREDIT-DC08916C1DD8,4329,POLLUTANT_PARAMETER_MISSING,SULFUR_MISSING,燃料一平均收到基含硫量,0.220,,"[""SO2""]",一般烟煤,一,煤粉炉,"[""S12其他（钠碱法）"", ""低氮燃烧"", ""喷淋塔/冲击水浴""]",DA002,239
SRC-RAW-0490BAAC3E02B5F1FC22,INDUSTRIAL,CREDIT-81F98E3A7CC8,4358,HARD_CONSTRAINT_CONFLICT,FUEL_AMOUNT_NEGATIVE,燃料一消耗量,18.110,-18.11,"[""SO2"", ""NOx"", ""CO"", ""VOC"", ""PM10"", ""PM2.5"", ""BC"", ""OC""]",天然气,一,室燃炉,"[""旋风+布袋+喷淋塔/冲击水浴""]",DA001,240
SRC-RAW-566D22952252E2C6F352,INDUSTRIAL,CREDIT-6A639DC194CF,4398,POLLUTANT_PARAMETER_MISSING,SULFUR_MISSING,燃料一平均收到基含硫量,0.550,,"[""SO2""]",一般烟煤,一,循环流化床锅炉,"[""烟气循环流化床法"", ""电袋组合"", ""选择性非催化还原法（SNCR）""]",DA001,241
SRC-RAW-91620BE2B44685C1C55F,INDUSTRIAL,CREDIT-F533181CB126,4430,POLLUTANT_PARAMETER_MISSING,ASH_MISSING,燃料一平均收到基灰分（%）,6.50,,"[""PM10"", ""PM2.5"", ""BC"", ""OC""]",其他洗煤,一,链条炉,"[""袋式除尘""]",DA641,242
SRC-RAW-F23D2AF8B938FF62D7A6,INDUSTRIAL,CREDIT-FE414EEDA581,4432,POLLUTANT_PARAMETER_MISSING,SULFUR_MISSING,燃料一平均收到基含硫量,0.490,,"[""SO2""]",无烟煤,一,循环流化床锅炉,"[""S12其他（钠碱法）"", ""袋式除尘"", ""选择性非催化还原法（SNCR）""]",DA023,243
SRC-RAW-9E084D0AE14ED7F886A8,INDUSTRIAL,CREDIT-BB3BE908FAE8,4434,POLLUTANT_PARAMETER_MISSING,SULFUR_MISSING,燃料一平均收到基含硫量,0.800,,"[""SO2""]",无烟煤,一,煤粉炉,[],DA001,244
SRC-RAW-A2BCB4BCC7E8D5C61FA8,POWER,CREDIT-52313161924E,4483,NO_ANOMALY,NO_ANOMALY,,,,[],天然气,一,,[],DA001,245
SRC-RAW-87578CAEC97445C564A8,INDUSTRIAL,CREDIT-C3CCDC1FCD9B,4487,SOURCE_RELATION_MISSING,OUTLET_LINK_MISSING,排放口编号,DA005,,"[""BC"", ""CO"", ""NH3"", ""NOx"", ""OC"", ""PM10"", ""PM2.5"", ""SO2"", ""VOC""]",天然气,一,室燃炉,"[""蓄热式热力燃烧法""]",DA005,246
SRC-RAW-CEBAE2307CD4E4D7099A,INDUSTRIAL,CREDIT-F07351832679,4508,HARD_CONSTRAINT_CONFLICT,FUEL_AMOUNT_NEGATIVE,燃料一消耗量,48.573,-48.573,"[""SO2"", ""NOx"", ""CO"", ""VOC"", ""PM10"", ""PM2.5"", ""BC"", ""OC""]",天然气,一,室燃炉,"[""光催化+其他（活性炭吸附）""]",DA001,247
SRC-RAW-F26DD5520139A9036BB9,INDUSTRIAL,ORG-1241FA434A03,4536,NO_ANOMALY,NO_ANOMALY,,,,[],天然气,一,室燃炉,"[""催化燃烧法"", ""光解""]",DA001,248
SRC-RAW-465280863FDBD33A756B,INDUSTRIAL,CREDIT-B3D79CFE10F5,4576,SOURCE_RELATION_MISSING,OUTLET_LINK_MISSING,排放口编号,DA002,,"[""BC"", ""CO"", ""NH3"", ""NOx"", ""OC"", ""PM10"", ""PM2.5"", ""SO2"", ""VOC""]",天然气,一,室燃炉,"[""其他(活性炭吸附)""]",DA002,249
SRC-RAW-72F2D15451D076CE901E,INDUSTRIAL,CREDIT-48195EC49164,4633,NO_ANOMALY,NO_ANOMALY,,,,[],天然气,一,室燃炉,"[""光催化+其他（活性炭吸附）""]",DA001,250
SRC-RAW-99C17FAB24F58C7B2A71,INDUSTRIAL,CREDIT-2666BC05CEB8,4646,SOURCE_RELATION_MISSING,OUTLET_LINK_MISSING,排放口编号,DA002,,"[""BC"", ""CO"", ""NH3"", ""NOx"", ""OC"", ""PM10"", ""PM2.5"", ""SO2"", ""VOC""]",液化石油气,一,室燃炉,"[""光催化+其他（活性炭吸附）""]",DA002,251
SRC-RAW-D4FA466B4DE818950489,POWER,CREDIT-C16FEC19EE2F,4657,ACTIVITY_MISSING,FUEL_AMOUNT_MISSING,燃料一消耗量,1.000,,"[""SO2"", ""NOx"", ""CO"", ""VOC"", ""PM10"", ""PM2.5"", ""BC"", ""OC""]",天然气,一,其他,[],DA003,252
SRC-RAW-4CC9B6F0014074EA489E,INDUSTRIAL,CREDIT-B13E9DA6B999,4659,NO_ANOMALY,NO_ANOMALY,,,,[],天然气,一,室燃炉,"[""全部密闭-低温等离子体""]",DA001,253
SRC-RAW-09AA23D362DAC9EF822E,INDUSTRIAL,CREDIT-5AE700BA223C,4781,SOURCE_RELATION_MISSING,OUTLET_LINK_MISSING,排放口编号,DA001,,"[""BC"", ""CO"", ""NH3"", ""NOx"", ""OC"", ""PM10"", ""PM2.5"", ""SO2"", ""VOC""]",天然气,一,室燃炉,"[""其他（吸附法）""]",DA001,254
SRC-RAW-2C29C9AFF9161F262262,INDUSTRIAL,CREDIT-E629E6EF7D2A,4792,HARD_CONSTRAINT_CONFLICT,FUEL_AMOUNT_NEGATIVE,燃料一消耗量,164.300,-164.3,"[""SO2"", ""NOx"", ""CO"", ""VOC"", ""PM10"", ""PM2.5"", ""BC"", ""OC""]",天然气,一,室燃炉,"[""其他(活性炭吸附)""]",DA001,255
SRC-RAW-C22CC8C49ECC35F50D9B,INDUSTRIAL,ORG-CEACD787F3CE,4811,HARD_CONSTRAINT_CONFLICT,FUEL_AMOUNT_NEGATIVE,燃料一消耗量,8.000,-8.0,"[""SO2"", ""NOx"", ""CO"", ""VOC"", ""PM10"", ""PM2.5"", ""BC"", ""OC""]",天然气,一,室燃炉,"[""其他（活性炭纤维或沸石吸附/脱附/催化氧化）"", ""袋式除尘""]",DA001,256
SRC-RAW-F05D274D40AC9B642368,POWER,CREDIT-2EC7C71C401F,4850,HARD_CONSTRAINT_CONFLICT,FUEL_AMOUNT_NEGATIVE,燃料一消耗量,808045.000,-808045.0,"[""SO2"", ""NOx"", ""CO"", ""VOC"", ""PM10"", ""PM2.5"", ""BC"", ""OC"", ""NH3""]",一般烟煤,一,煤粉炉,"[""高效电袋组合+其他（湿法脱硫协同）+其他（湿式电除尘）①"", ""高效石灰石/石膏法②"", ""高效选择性催化还原法（SCR）③""]",DA002,257
SRC-RAW-D4CA402F1C186726C968,POWER,CREDIT-2EC7C71C401F,4851,ACTIVITY_MISSING,FUEL_AMOUNT_MISSING,燃料一消耗量,846066.000,,"[""SO2"", ""NOx"", ""CO"", ""VOC"", ""PM10"", ""PM2.5"", ""BC"", ""OC"", ""NH3""]",一般烟煤,一,煤粉炉,"[""高效电袋组合+其他（湿法脱硫协同）+其他（湿式电除尘）①"", ""高效石灰石/石膏法②"", ""高效选择性催化还原法（SCR）③""]",DA002,258
SRC-RAW-E906ED14C8B1A69F8B60,INDUSTRIAL,CREDIT-13CFBE9AC0F5,4852,ACTIVITY_MISSING,FUEL_AMOUNT_MISSING,燃料一消耗量,46.000,,"[""SO2"", ""NOx"", ""CO"", ""VOC"", ""PM10"", ""PM2.5"", ""BC"", ""OC""]",天然气,一,室燃炉,"[""催化燃烧法""]",DA001,259
SRC-RAW-7F67D5F7567694B8061E,POWER,CREDIT-5F1649553579,4855,HARD_CONSTRAINT_CONFLICT,FUEL_AMOUNT_NEGATIVE,燃料一消耗量,1111102.000,-1111102.0,"[""SO2"", ""NOx"", ""CO"", ""VOC"", ""PM10"", ""PM2.5"", ""BC"", ""OC"", ""NH3""]",一般烟煤,一,煤粉炉,"[""电袋组合"", ""高效石灰石/石膏法②"", ""高效选择性催化还原法（SCR）③""]",DA001,260
SRC-RAW-3DAC9E79EA63416E368D,POWER,CREDIT-5F1649553579,4856,SOURCE_RELATION_MISSING,OUTLET_LINK_MISSING,排放口编号,DA002,,"[""BC"", ""CO"", ""NH3"", ""NOx"", ""OC"", ""PM10"", ""PM2.5"", ""SO2"", ""VOC""]",一般烟煤,一,煤粉炉,"[""电袋组合"", ""高效石灰石/石膏法②"", ""高效选择性催化还原法（SCR）③""]",DA002,261
SRC-RAW-60F1DEB6A65D322E09B3,INDUSTRIAL,CREDIT-E906BDE611B1,4908,SOURCE_RELATION_MISSING,OUTLET_LINK_MISSING,排放口编号,DA001,,"[""BC"", ""CO"", ""NH3"", ""NOx"", ""OC"", ""PM10"", ""PM2.5"", ""SO2"", ""VOC""]",天然气,一,室燃炉,"[""光解"", ""其他(活性炭吸附)"", ""管式过滤""]",DA001,262
SRC-RAW-AE278289897B14D872AE,INDUSTRIAL,ORG-F5C3FCFD6020,4911,HARD_CONSTRAINT_CONFLICT,FUEL_AMOUNT_NEGATIVE,燃料一消耗量,6.360,-6.36,"[""SO2"", ""NOx"", ""CO"", ""VOC"", ""PM10"", ""PM2.5"", ""BC"", ""OC""]",天然气,一,室燃炉,"[""其他（活性炭吸附）""]",DA009,263
SRC-RAW-B2BEA554A6132020AB59,INDUSTRIAL,ORG-A9A321FBFEB1,4941,HARD_CONSTRAINT_CONFLICT,FUEL_AMOUNT_NEGATIVE,燃料一消耗量,145.000,-145.0,"[""SO2"", ""NOx"", ""CO"", ""VOC"", ""PM10"", ""PM2.5"", ""BC"", ""OC""]",天然气,一,室燃炉,"[""袋式除尘""]",DA001,264
SRC-RAW-4063F8309E707D1DDAFF,INDUSTRIAL,CREDIT-DF383ED4AC38,4953,NO_ANOMALY,NO_ANOMALY,,,,[],天然气,一,室燃炉,"[""吸附/催化燃烧法""]",DA001,265
SRC-RAW-8E880A58EC31520571BD,POWER,CREDIT-2B67A232F97A,4955,ACTIVITY_MISSING,FUEL_AMOUNT_MISSING,燃料一消耗量,72387.000,,"[""SO2"", ""NOx"", ""CO"", ""VOC"", ""PM10"", ""PM2.5"", ""BC"", ""OC"", ""NH3""]",一般烟煤,一,循环流化床锅炉,"[""电袋组合+其他（湿式电除尘）"", ""石灰/石膏法"", ""高效选择性催化还原法（SCR）③""]",DA001,266
SRC-RAW-B156C48CC9B1A481901B,POWER,CREDIT-2B67A232F97A,4956,HARD_CONSTRAINT_CONFLICT,FUEL_AMOUNT_NEGATIVE,燃料一消耗量,68365.000,-68365.0,"[""SO2"", ""NOx"", ""CO"", ""VOC"", ""PM10"", ""PM2.5"", ""BC"", ""OC"", ""NH3""]",一般烟煤,一,循环流化床锅炉,"[""电袋组合+其他（湿式电除尘）"", ""石灰/石膏法"", ""高效选择性催化还原法（SCR）③""]",DA001,267
SRC-RAW-897E2C2A87F6559F3523,INDUSTRIAL,CREDIT-049825655832,4976,ACTIVITY_MISSING,FUEL_AMOUNT_MISSING,燃料一消耗量,29.000,,"[""SO2"", ""NOx"", ""CO"", ""VOC"", ""PM10"", ""PM2.5"", ""BC"", ""OC""]",天然气,一,室燃炉,"[""V19其他（吸附法）"", ""袋式除尘""]",DA001,268
SRC-RAW-D69E3EB7F873ECF02B86,INDUSTRIAL,ORG-78141121B012,4995,ACTIVITY_MISSING,FUEL_AMOUNT_MISSING,燃料一消耗量,300.000,,"[""SO2"", ""NOx"", ""CO"", ""VOC"", ""PM10"", ""PM2.5"", ""BC"", ""OC""]",天然气,一,室燃炉,"[""湿式除尘""]",DA001,269
SRC-RAW-012BAD168535854F2F44,INDUSTRIAL,CREDIT-3DB096A23A81,5038,HARD_CONSTRAINT_CONFLICT,FUEL_AMOUNT_NEGATIVE,燃料一消耗量,100.000,-100.0,"[""SO2"", ""NOx"", ""CO"", ""VOC"", ""PM10"", ""PM2.5"", ""BC"", ""OC""]",天然气,一,其他,[],DA001,270
SRC-RAW-E5F10347A494C8E7973E,INDUSTRIAL,CREDIT-5A9699B5D518,5059,HARD_CONSTRAINT_CONFLICT,FUEL_AMOUNT_NEGATIVE,燃料一消耗量,106.697,-106.697,"[""SO2"", ""NOx"", ""CO"", ""VOC"", ""PM10"", ""PM2.5"", ""BC"", ""OC""]",天然气,一,室燃炉,"[""湿式除尘""]",DA001,271
SRC-RAW-FBD291B35556BBA92444,POWER,CREDIT-8DF524FFB80D,5076,SOURCE_RELATION_MISSING,OUTLET_LINK_MISSING,排放口编号,DA003,,"[""BC"", ""CO"", ""NH3"", ""NOx"", ""OC"", ""PM10"", ""PM2.5"", ""SO2"", ""VOC""]",天然气,一,其他,[],DA003,272
SRC-RAW-C1C5B08B42D257A2E5AC,POWER,CREDIT-8DF524FFB80D,5077,NO_ANOMALY,NO_ANOMALY,,,,[],天然气,一,其他,[],DA004,273
SRC-RAW-68BC9DC70ED301210A11,INDUSTRIAL,CREDIT-89E928A56D86,5090,ACTIVITY_MISSING,FUEL_AMOUNT_MISSING,燃料一消耗量,24.000,,"[""SO2"", ""NOx"", ""CO"", ""VOC"", ""PM10"", ""PM2.5"", ""BC"", ""OC""]",天然气,一,室燃炉,"[""其他（活性炭吸附）"", ""袋式除尘""]",DA003,274
SRC-RAW-625DD65413812610B813,POWER,CREDIT-0776CB848565,5114,SOURCE_RELATION_MISSING,OUTLET_LINK_MISSING,排放口编号,DA001,,"[""BC"", ""CO"", ""NH3"", ""NOx"", ""OC"", ""PM10"", ""PM2.5"", ""SO2"", ""VOC""]",原煤,一,循环流化床锅炉,"[""烟气循环流化床法"", ""选择性催化还原法（SCR）"", ""静电除尘""]",DA001,275
SRC-RAW-B930DCDEBEC973B533F5,POWER,CREDIT-0776CB848565,5115,POLLUTANT_PARAMETER_MISSING,SULFUR_MISSING,燃料一平均收到基含硫量,0.480,,"[""SO2""]",原煤,一,循环流化床锅炉,"[""烟气循环流化床法"", ""选择性催化还原法（SCR）"", ""静电除尘""]",DA008,276
SRC-RAW-93EDE4EC759B923B8B11,POWER,CREDIT-0776CB848565,5116,HARD_CONSTRAINT_CONFLICT,FUEL_AMOUNT_NEGATIVE,燃料一消耗量,125408.000,-125408.0,"[""SO2"", ""NOx"", ""CO"", ""VOC"", ""PM10"", ""PM2.5"", ""BC"", ""OC"", ""NH3""]",原煤,一,循环流化床锅炉,"[""烟气循环流化床法"", ""选择性催化还原法（SCR）"", ""静电除尘""]",DA003,277
SRC-RAW-A0F2F7DA56B515FFF089,POWER,CREDIT-F8760707C273,5155,HARD_CONSTRAINT_CONFLICT,FUEL_AMOUNT_NEGATIVE,燃料一消耗量,9743.370,-9743.37,"[""SO2"", ""NOx"", ""CO"", ""VOC"", ""PM10"", ""PM2.5"", ""BC"", ""OC""]",天然气,一,,[],DA001,278
SRC-RAW-5FB091CB4CD8E0AD37D5,INDUSTRIAL,CREDIT-1FB6ADB12771,5191,ACTIVITY_MISSING,FUEL_AMOUNT_MISSING,燃料一消耗量,19.200,,"[""SO2"", ""NOx"", ""CO"", ""VOC"", ""PM10"", ""PM2.5"", ""BC"", ""OC""]",天然气,一,室燃炉,"[""吸附+蒸气解析""]",DA001,279
SRC-RAW-B9EDA8106D491D9677A6,INDUSTRIAL,CREDIT-F472A0F1C026,5193,HARD_CONSTRAINT_CONFLICT,FUEL_AMOUNT_NEGATIVE,燃料一消耗量,91.970,-91.97,"[""SO2"", ""NOx"", ""CO"", ""VOC"", ""PM10"", ""PM2.5"", ""BC"", ""OC""]",天然气,一,其他,"[""光催化+其他（活性炭吸附）""]",DA001,280
SRC-RAW-46E9F3F37A52CE5698EF,POWER,CREDIT-9AEEADCDDA40,5298,ACTIVITY_MISSING,FUEL_AMOUNT_MISSING,燃料一消耗量,678592.810,,"[""SO2"", ""NOx"", ""CO"", ""VOC"", ""PM10"", ""PM2.5"", ""BC"", ""OC""]",一般烟煤,一,煤粉炉,[],DA001,281
SRC-RAW-7C468FB3D6E8F251F320,POWER,CREDIT-9AEEADCDDA40,5299,NO_ANOMALY,NO_ANOMALY,,,,[],一般烟煤,一,煤粉炉,[],DA001,282
SRC-RAW-0A81FC191B7CA6F8F4B2,INDUSTRIAL,CREDIT-5221BE989572,5380,NO_ANOMALY,NO_ANOMALY,,,,[],天然气,一,其他,[],DA003,283
SRC-RAW-B58081700E78F56F242E,INDUSTRIAL,CREDIT-C38C57EF858C,5599,POLLUTANT_PARAMETER_MISSING,ASH_MISSING,燃料一平均收到基灰分（%）,10.00,,"[""PM10"", ""PM2.5"", ""BC"", ""OC""]",一般烟煤,一,链条炉,"[""双碱法"", ""袋式除尘"", ""选择性催化还原法（SCR）""]",DA001,284
SRC-RAW-34C40F8886BE8F556BFB,INDUSTRIAL,ORG-9752DD0456E4,5617,HARD_CONSTRAINT_CONFLICT,FUEL_AMOUNT_NEGATIVE,燃料一消耗量,569.000,-569.0,"[""SO2"", ""NOx"", ""CO"", ""VOC"", ""PM10"", ""PM2.5"", ""BC"", ""OC""]",无烟煤,一,链条炉,[],DA001,285
SRC-RAW-5BB161330672CF0DD3E3,INDUSTRIAL,ORG-91D7EB2D89A6,5641,POLLUTANT_PARAMETER_MISSING,ASH_MISSING,燃料一平均收到基灰分（%）,6.90,,"[""PM10"", ""PM2.5"", ""BC"", ""OC""]",无烟煤,一,链条炉,"[""S12其他（钠碱法）"", ""袋式除尘"", ""选择性非催化还原法（SNCR）""]",DA001,286
SRC-RAW-735E97FF20D753ACA1D5,INDUSTRIAL,CREDIT-DBCBBDB47515,5645,POLLUTANT_PARAMETER_MISSING,SULFUR_MISSING,燃料一平均收到基含硫量,0.410,,"[""SO2""]",无烟煤,一,链条炉,"[""S12其他（钠碱法）"", ""低氮燃烧+选择性非催化还原法（SNCR）"", ""袋式除尘""]",DA001,287
SRC-RAW-A642C3DD5F2D3D5E83AD,INDUSTRIAL,CREDIT-9F250D90DE4F,5659,HARD_CONSTRAINT_CONFLICT,FUEL_AMOUNT_NEGATIVE,燃料一消耗量,1500.000,-1500.0,"[""SO2"", ""NOx"", ""CO"", ""VOC"", ""PM10"", ""PM2.5"", ""BC"", ""OC""]",液化石油气,一,其他,"[""其他-除尘""]",DA001,288
SRC-RAW-2A31F65E2DDE1B721B31,POWER,CREDIT-328F42927AB1,5676,HARD_CONSTRAINT_CONFLICT,FUEL_AMOUNT_NEGATIVE,燃料一消耗量,22.540,-22.54,"[""SO2"", ""NOx"", ""CO"", ""VOC"", ""PM10"", ""PM2.5"", ""BC"", ""OC""]",天然气,一,其他,[],DA003,289
SRC-RAW-CABCB12A75AC6CB6DAAD,INDUSTRIAL,CREDIT-4D6875AB88FA,5711,POLLUTANT_PARAMETER_MISSING,SULFUR_MISSING,燃料一平均收到基含硫量,0.250,,"[""SO2""]",一般烟煤,一,链条炉,"[""袋式除尘"", ""选择性非催化还原法（SNCR）"", ""（炉内脱硫）+双碱法""]",DA001,290
SRC-RAW-CA7C2EC19290C6B0DF70,INDUSTRIAL,ORG-79AC1D9AFC7F,5735,POLLUTANT_PARAMETER_MISSING,ASH_MISSING,燃料一平均收到基灰分（%）,12.70,,"[""PM10"", ""PM2.5"", ""BC"", ""OC""]",无烟煤,一,循环流化床锅炉,[],DA001,291
SRC-RAW-6066991D2DA28566115E,POWER,ORG-A8D506756230,5804,SOURCE_RELATION_MISSING,OUTLET_LINK_MISSING,排放口编号,DA001,,"[""BC"", ""CO"", ""NH3"", ""NOx"", ""OC"", ""PM10"", ""PM2.5"", ""SO2"", ""VOC""]",一般烟煤,一,煤粉炉,"[""高效石灰石/石膏法②"", ""高效选择性催化还原法（SCR）③"", ""高效静电除尘+其他（湿法脱硫协同）+其他（湿式电除尘）①"", ""高效静电除尘+其他（湿法脱硫协同）①""]",DA001,292
SRC-RAW-927B14F2990B74E2A6EF,POWER,ORG-A8D506756230,5805,NO_ANOMALY,NO_ANOMALY,,,,[],一般烟煤,一,煤粉炉,"[""高效石灰石/石膏法②"", ""高效选择性催化还原法（SCR）③"", ""高效静电除尘+其他（湿法脱硫协同）+其他（湿式电除尘）①"", ""高效静电除尘+其他（湿法脱硫协同）①""]",DA002,293
SRC-RAW-F7E56B123AF69F40ACAB,POWER,ORG-A8D506756230,5806,POLLUTANT_PARAMETER_MISSING,ASH_MISSING,燃料一平均收到基灰分（%）,16.85,,"[""PM10"", ""PM2.5"", ""BC"", ""OC""]",一般烟煤,一,煤粉炉,"[""高效石灰石/石膏法②"", ""高效选择性催化还原法（SCR）③"", ""高效静电除尘+其他（湿法脱硫协同）+其他（湿式电除尘）①"", ""高效静电除尘+其他（湿法脱硫协同）①""]",DA003,294
SRC-RAW-4C935755D3373975791B,POWER,ORG-A8D506756230,5807,HARD_CONSTRAINT_CONFLICT,FUEL_AMOUNT_NEGATIVE,燃料一消耗量,2301000.000,-2301000.0,"[""SO2"", ""NOx"", ""CO"", ""VOC"", ""PM10"", ""PM2.5"", ""BC"", ""OC"", ""NH3""]",一般烟煤,一,煤粉炉,"[""高效石灰石/石膏法②"", ""高效选择性催化还原法（SCR）③"", ""高效静电除尘+其他（湿法脱硫协同）+其他（湿式电除尘）①"", ""高效静电除尘+其他（湿法脱硫协同）①""]",DA004,295
SRC-RAW-D61018B198766BD3C03F,POWER,ORG-4D82242EC7C3,5877,POLLUTANT_PARAMETER_MISSING,ASH_MISSING,燃料一平均收到基灰分（%）,8.38,,"[""PM10"", ""PM2.5"", ""BC"", ""OC""]",原煤,一,循环流化床锅炉,[],DA001,296
SRC-RAW-8E6D2C1C87CB7061CE6D,POWER,ORG-4D82242EC7C3,5878,NO_ANOMALY,NO_ANOMALY,,,,[],原煤,一,循环流化床锅炉,[],DA001,297
SRC-RAW-30E77AB597BA9DCFE076,POWER,ORG-0F8584B96CD4,5879,HARD_CONSTRAINT_CONFLICT,FUEL_AMOUNT_NEGATIVE,燃料一消耗量,171845.000,-171845.0,"[""SO2"", ""NOx"", ""CO"", ""VOC"", ""PM10"", ""PM2.5"", ""BC"", ""OC""]",一般烟煤,一,煤粉炉,[],DA002,298
SRC-RAW-832F48DC0296C91CE5BC,POWER,ORG-0F8584B96CD4,5880,NO_ANOMALY,NO_ANOMALY,,,,[],一般烟煤,一,煤粉炉,[],DA002,299
SRC-RAW-C6D82ADA0C636EFF013B,INDUSTRIAL,CREDIT-3BAC1186565F,5901,POLLUTANT_PARAMETER_MISSING,SULFUR_MISSING,燃料一平均收到基含硫量,0.270,,"[""SO2""]",原煤,一,链条炉,"[""S12其他（钠碱法）"", ""袋式除尘"", ""选择性催化还原法（SCR）""]",DA001,300
SRC-RAW-4C2DE7BEF32D7CAEC468,POWER,CREDIT-276A22B6CB25,5917,ACTIVITY_MISSING,FUEL_AMOUNT_MISSING,燃料一消耗量,305196.000,,"[""SO2"", ""NOx"", ""CO"", ""VOC"", ""PM10"", ""PM2.5"", ""BC"", ""OC"", ""NH3""]",一般烟煤,一,煤粉炉,"[""高效石灰石/石膏法②"", ""高效选择性催化还原法（SCR）③"", ""高效静电除尘+其他（湿法脱硫协同）①""]",DA001,301
