parameter_id,sector,department,fuel,combustion_technology,pollutant,mode,value,unit,capacity_condition,source_section,physical_pdf_page
E-MM-COAL-PF-CO,工业源,采矿业和制造业,煤炭,煤粉炉,CO,constant,2,g/kg燃料,,附录E 表E.7,54
E-MM-COAL-PF-NOX,工业源,采矿业和制造业,煤炭,煤粉炉,NOX,constant,5.47,g/kg燃料,,附录E 表E.7,54
E-MM-COAL-PF-SO2,工业源,采矿业和制造业,煤炭,煤粉炉,SO2,coal_sulfur_balance,,,,附录E 表E.7,54
E-MM-COAL-PF-VOCS,工业源,采矿业和制造业,煤炭,煤粉炉,VOCS,constant,2.16,g/kg燃料,,附录E 表E.7,54
E-MM-COAL-PF-PM25,工业源,采矿业和制造业,煤炭,煤粉炉,PM25,coal_particle_balance,,,,附录E 表E.7,54
E-MM-COAL-PF-PM10,工业源,采矿业和制造业,煤炭,煤粉炉,PM10,coal_particle_balance,,,,附录E 表E.7,54
E-MM-COAL-PF-BC,工业源,采矿业和制造业,煤炭,煤粉炉,BC,coal_particle_balance,,,,附录E 表E.7,54
E-MM-COAL-PF-OC,工业源,采矿业和制造业,煤炭,煤粉炉,OC,coal_particle_balance,,,,附录E 表E.7,54
E-MM-COAL-CFB-CO,工业源,采矿业和制造业,煤炭,流化床炉,CO,constant,2,g/kg燃料,,附录E 表E.7,54
E-MM-COAL-CFB-NOX,工业源,采矿业和制造业,煤炭,流化床炉,NOX,constant,7.5,g/kg燃料,,附录E 表E.7,54
E-MM-COAL-CFB-SO2,工业源,采矿业和制造业,煤炭,流化床炉,SO2,coal_sulfur_balance,,,,附录E 表E.7,54
E-MM-COAL-CFB-VOCS,工业源,采矿业和制造业,煤炭,流化床炉,VOCS,constant,2.16,g/kg燃料,,附录E 表E.7,54
E-MM-COAL-CFB-PM25,工业源,采矿业和制造业,煤炭,流化床炉,PM25,coal_particle_balance,,,,附录E 表E.7,54
E-MM-COAL-CFB-PM10,工业源,采矿业和制造业,煤炭,流化床炉,PM10,coal_particle_balance,,,,附录E 表E.7,54
E-MM-COAL-CFB-BC,工业源,采矿业和制造业,煤炭,流化床炉,BC,coal_particle_balance,,,,附录E 表E.7,54
E-MM-COAL-CFB-OC,工业源,采矿业和制造业,煤炭,流化床炉,OC,coal_particle_balance,,,,附录E 表E.7,54
E-MM-COAL-AUTOGRATE-CO,工业源,采矿业和制造业,煤炭,自动炉排层燃炉,CO,constant,15,g/kg燃料,,附录E 表E.7,54
E-MM-COAL-AUTOGRATE-NOX,工业源,采矿业和制造业,煤炭,自动炉排层燃炉,NOX,constant,4,g/kg燃料,,附录E 表E.7,54
E-MM-COAL-AUTOGRATE-SO2,工业源,采矿业和制造业,煤炭,自动炉排层燃炉,SO2,coal_sulfur_balance,,,,附录E 表E.7,54
E-MM-COAL-AUTOGRATE-VOCS,工业源,采矿业和制造业,煤炭,自动炉排层燃炉,VOCS,constant,2.16,g/kg燃料,,附录E 表E.7,54
E-MM-COAL-AUTOGRATE-PM25,工业源,采矿业和制造业,煤炭,自动炉排层燃炉,PM25,coal_particle_balance,,,,附录E 表E.7,54
E-MM-COAL-AUTOGRATE-PM10,工业源,采矿业和制造业,煤炭,自动炉排层燃炉,PM10,coal_particle_balance,,,,附录E 表E.7,54
E-MM-COAL-AUTOGRATE-BC,工业源,采矿业和制造业,煤炭,自动炉排层燃炉,BC,coal_particle_balance,,,,附录E 表E.7,54
E-MM-COAL-AUTOGRATE-OC,工业源,采矿业和制造业,煤炭,自动炉排层燃炉,OC,coal_particle_balance,,,,附录E 表E.7,54
E-MM-COAL-MANGRATE-CO,工业源,采矿业和制造业,煤炭,手动炉排层燃炉,CO,constant,124.3,g/kg燃料,,附录E 表E.7,54
E-MM-COAL-MANGRATE-NOX,工业源,采矿业和制造业,煤炭,手动炉排层燃炉,NOX,constant,3.8,g/kg燃料,,附录E 表E.7,54
E-MM-COAL-MANGRATE-SO2,工业源,采矿业和制造业,煤炭,手动炉排层燃炉,SO2,coal_sulfur_balance,,,,附录E 表E.7,54
E-MM-COAL-MANGRATE-VOCS,工业源,采矿业和制造业,煤炭,手动炉排层燃炉,VOCS,constant,4.53,g/kg燃料,,附录E 表E.7,54
E-MM-COAL-MANGRATE-PM25,工业源,采矿业和制造业,煤炭,手动炉排层燃炉,PM25,coal_particle_balance,,,,附录E 表E.7,54
E-MM-COAL-MANGRATE-PM10,工业源,采矿业和制造业,煤炭,手动炉排层燃炉,PM10,coal_particle_balance,,,,附录E 表E.7,54
E-MM-COAL-MANGRATE-BC,工业源,采矿业和制造业,煤炭,手动炉排层燃炉,BC,coal_particle_balance,,,,附录E 表E.7,54
E-MM-COAL-MANGRATE-OC,工业源,采矿业和制造业,煤炭,手动炉排层燃炉,OC,coal_particle_balance,,,,附录E 表E.7,54
E-MM-COKE-NA-CO,工业源,采矿业和制造业,焦炭,不分技术,CO,constant,2,g/kg燃料,,附录E 表E.7,54
E-MM-COKE-NA-NOX,工业源,采矿业和制造业,焦炭,不分技术,NOX,constant,4,g/kg燃料,,附录E 表E.7,54
E-MM-COKE-NA-SO2,工业源,采矿业和制造业,焦炭,不分技术,SO2,coal_sulfur_balance,,,,附录E 表E.7,54
E-MM-COKE-NA-VOCS,工业源,采矿业和制造业,焦炭,不分技术,VOCS,constant,0.04,g/kg燃料,,附录E 表E.7,54
E-MM-COKE-NA-PM25,工业源,采矿业和制造业,焦炭,不分技术,PM25,coal_particle_balance,,,,附录E 表E.7,54
E-MM-COKE-NA-PM10,工业源,采矿业和制造业,焦炭,不分技术,PM10,coal_particle_balance,,,,附录E 表E.7,54
E-MM-COKE-NA-BC,工业源,采矿业和制造业,焦炭,不分技术,BC,coal_particle_balance,,,,附录E 表E.7,54
E-MM-COKE-NA-OC,工业源,采矿业和制造业,焦炭,不分技术,OC,coal_particle_balance,,,,附录E 表E.7,54
E-MM-OTHCOKE-NA-CO,工业源,采矿业和制造业,其它焦化产品,不分技术,CO,constant,2,g/kg燃料,,附录E 表E.7,54
E-MM-OTHCOKE-NA-NOX,工业源,采矿业和制造业,其它焦化产品,不分技术,NOX,constant,5.84,g/kg燃料,,附录E 表E.7,54
E-MM-OTHCOKE-NA-SO2,工业源,采矿业和制造业,其它焦化产品,不分技术,SO2,constant,0,g/kg燃料,,附录E 表E.7,54
E-MM-OTHCOKE-NA-VOCS,工业源,采矿业和制造业,其它焦化产品,不分技术,VOCS,constant,0.04,g/kg燃料,,附录E 表E.7,54
E-MM-OTHCOKE-NA-PM25,工业源,采矿业和制造业,其它焦化产品,不分技术,PM25,constant,0,g/kg燃料,,附录E 表E.7,54
E-MM-OTHCOKE-NA-PM10,工业源,采矿业和制造业,其它焦化产品,不分技术,PM10,constant,0,g/kg燃料,,附录E 表E.7,54
E-MM-OTHCOKE-NA-BC,工业源,采矿业和制造业,其它焦化产品,不分技术,BC,constant,0,g/kg燃料,,附录E 表E.7,54
E-MM-OTHCOKE-NA-OC,工业源,采矿业和制造业,其它焦化产品,不分技术,OC,constant,0,g/kg燃料,,附录E 表E.7,54
E-MM-COG-GASBOILER-CO,工业源,采矿业和制造业,焦炉煤气,燃气锅炉,CO,constant,1.3,g/m3,,附录E 表E.7；气体单位按外部一致性解释,54
E-MM-COG-GASBOILER-NOX,工业源,采矿业和制造业,焦炉煤气,燃气锅炉,NOX,constant,0.96,g/m3,,附录E 表E.7；气体单位按外部一致性解释,54
E-MM-COG-GASBOILER-SO2,工业源,采矿业和制造业,焦炉煤气,燃气锅炉,SO2,constant,0,g/m3,,附录E 表E.7；气体单位按外部一致性解释,54
E-MM-COG-GASBOILER-VOCS,工业源,采矿业和制造业,焦炉煤气,燃气锅炉,VOCS,constant,0.02,g/m3,,附录E 表E.7；气体单位按外部一致性解释,54
E-MM-COG-GASBOILER-PM25,工业源,采矿业和制造业,焦炉煤气,燃气锅炉,PM25,constant,0.03,g/m3,,附录E 表E.7；气体单位按外部一致性解释,54
E-MM-COG-GASBOILER-PM10,工业源,采矿业和制造业,焦炉煤气,燃气锅炉,PM10,constant,0.03,g/m3,,附录E 表E.7；气体单位按外部一致性解释,54
E-MM-COG-GASBOILER-BC,工业源,采矿业和制造业,焦炉煤气,燃气锅炉,BC,constant,0,g/m3,,附录E 表E.7；气体单位按外部一致性解释,54
E-MM-COG-GASBOILER-OC,工业源,采矿业和制造业,焦炉煤气,燃气锅炉,OC,constant,0,g/m3,,附录E 表E.7；气体单位按外部一致性解释,54
E-MM-BFG-GASBOILER-CO,工业源,采矿业和制造业,高炉煤气,燃气锅炉,CO,constant,1.3,g/m3,,附录E 表E.7；气体单位按外部一致性解释,54
E-MM-BFG-GASBOILER-NOX,工业源,采矿业和制造业,高炉煤气,燃气锅炉,NOX,constant,0.13,g/m3,,附录E 表E.7；气体单位按外部一致性解释,54
E-MM-BFG-GASBOILER-SO2,工业源,采矿业和制造业,高炉煤气,燃气锅炉,SO2,constant,0,g/m3,,附录E 表E.7；气体单位按外部一致性解释,54
E-MM-BFG-GASBOILER-VOCS,工业源,采矿业和制造业,高炉煤气,燃气锅炉,VOCS,constant,0.05,g/m3,,附录E 表E.7；气体单位按外部一致性解释,54
E-MM-BFG-GASBOILER-PM25,工业源,采矿业和制造业,高炉煤气,燃气锅炉,PM25,constant,0.03,g/m3,,附录E 表E.7；气体单位按外部一致性解释,54
E-MM-BFG-GASBOILER-PM10,工业源,采矿业和制造业,高炉煤气,燃气锅炉,PM10,constant,0.03,g/m3,,附录E 表E.7；气体单位按外部一致性解释,54
E-MM-BFG-GASBOILER-BC,工业源,采矿业和制造业,高炉煤气,燃气锅炉,BC,constant,0,g/m3,,附录E 表E.7；气体单位按外部一致性解释,54
E-MM-BFG-GASBOILER-OC,工业源,采矿业和制造业,高炉煤气,燃气锅炉,OC,constant,0,g/m3,,附录E 表E.7；气体单位按外部一致性解释,54
E-MM-OTHGAS-GASBOILER-CO,工业源,采矿业和制造业,其它煤气,燃气锅炉,CO,constant,1.3,g/m3,,附录E 表E.7；气体单位按外部一致性解释,54
E-MM-OTHGAS-GASBOILER-NOX,工业源,采矿业和制造业,其它煤气,燃气锅炉,NOX,constant,0.13,g/m3,,附录E 表E.7；气体单位按外部一致性解释,54
E-MM-OTHGAS-GASBOILER-SO2,工业源,采矿业和制造业,其它煤气,燃气锅炉,SO2,constant,0,g/m3,,附录E 表E.7；气体单位按外部一致性解释,54
E-MM-OTHGAS-GASBOILER-VOCS,工业源,采矿业和制造业,其它煤气,燃气锅炉,VOCS,constant,0.05,g/m3,,附录E 表E.7；气体单位按外部一致性解释,54
E-MM-OTHGAS-GASBOILER-PM25,工业源,采矿业和制造业,其它煤气,燃气锅炉,PM25,constant,0.03,g/m3,,附录E 表E.7；气体单位按外部一致性解释,54
E-MM-OTHGAS-GASBOILER-PM10,工业源,采矿业和制造业,其它煤气,燃气锅炉,PM10,constant,0.03,g/m3,,附录E 表E.7；气体单位按外部一致性解释,54
E-MM-OTHGAS-GASBOILER-BC,工业源,采矿业和制造业,其它煤气,燃气锅炉,BC,constant,0,g/m3,,附录E 表E.7；气体单位按外部一致性解释,54
E-MM-OTHGAS-GASBOILER-OC,工业源,采矿业和制造业,其它煤气,燃气锅炉,OC,constant,0,g/m3,,附录E 表E.7；气体单位按外部一致性解释,54
E-MM-NG-GASBOILER-CO,工业源,采矿业和制造业,天然气,燃气锅炉,CO,constant,1.3,g/m3,,附录E 表E.7；气体单位按外部一致性解释,54
E-MM-NG-GASBOILER-NOX,工业源,采矿业和制造业,天然气,燃气锅炉,NOX,constant,2.09,g/m3,,附录E 表E.7；气体单位按外部一致性解释,54
E-MM-NG-GASBOILER-SO2,工业源,采矿业和制造业,天然气,燃气锅炉,SO2,constant,0,g/m3,,附录E 表E.7；气体单位按外部一致性解释,54
E-MM-NG-GASBOILER-VOCS,工业源,采矿业和制造业,天然气,燃气锅炉,VOCS,constant,0.12,g/m3,,附录E 表E.7；气体单位按外部一致性解释,54
E-MM-NG-GASBOILER-PM25,工业源,采矿业和制造业,天然气,燃气锅炉,PM25,constant,0.03,g/m3,,附录E 表E.7；气体单位按外部一致性解释,54
E-MM-NG-GASBOILER-PM10,工业源,采矿业和制造业,天然气,燃气锅炉,PM10,constant,0.03,g/m3,,附录E 表E.7；气体单位按外部一致性解释,54
E-MM-NG-GASBOILER-BC,工业源,采矿业和制造业,天然气,燃气锅炉,BC,constant,0,g/m3,,附录E 表E.7；气体单位按外部一致性解释,54
E-MM-NG-GASBOILER-OC,工业源,采矿业和制造业,天然气,燃气锅炉,OC,constant,0,g/m3,,附录E 表E.7；气体单位按外部一致性解释,54
E-MM-LNG-GASBOILER-CO,工业源,采矿业和制造业,液化天然气,燃气锅炉,CO,constant,0.36,g/kg燃料,,附录E 表E.7,54
E-MM-LNG-GASBOILER-NOX,工业源,采矿业和制造业,液化天然气,燃气锅炉,NOX,constant,2.63,g/kg燃料,,附录E 表E.7,54
E-MM-LNG-GASBOILER-SO2,工业源,采矿业和制造业,液化天然气,燃气锅炉,SO2,constant,0,g/kg燃料,,附录E 表E.7,54
E-MM-LNG-GASBOILER-VOCS,工业源,采矿业和制造业,液化天然气,燃气锅炉,VOCS,constant,33,g/kg燃料,,附录E 表E.7,54
E-MM-LNG-GASBOILER-PM25,工业源,采矿业和制造业,液化天然气,燃气锅炉,PM25,constant,0.17,g/kg燃料,,附录E 表E.7,54
E-MM-LNG-GASBOILER-PM10,工业源,采矿业和制造业,液化天然气,燃气锅炉,PM10,constant,0.17,g/kg燃料,,附录E 表E.7,54
E-MM-LNG-GASBOILER-BC,工业源,采矿业和制造业,液化天然气,燃气锅炉,BC,constant,0.02,g/kg燃料,,附录E 表E.7,54
E-MM-LNG-GASBOILER-OC,工业源,采矿业和制造业,液化天然气,燃气锅炉,OC,constant,0.05,g/kg燃料,,附录E 表E.7,54
E-MM-LPG-GASBOILER-CO,工业源,采矿业和制造业,液化石油气,燃气锅炉,CO,constant,0.36,g/kg燃料,,附录E 表E.7,54
E-MM-LPG-GASBOILER-NOX,工业源,采矿业和制造业,液化石油气,燃气锅炉,NOX,constant,2.63,g/kg燃料,,附录E 表E.7,54
E-MM-LPG-GASBOILER-SO2,工业源,采矿业和制造业,液化石油气,燃气锅炉,SO2,constant,0,g/kg燃料,,附录E 表E.7,54
E-MM-LPG-GASBOILER-VOCS,工业源,采矿业和制造业,液化石油气,燃气锅炉,VOCS,constant,33,g/kg燃料,,附录E 表E.7,54
E-MM-LPG-GASBOILER-PM25,工业源,采矿业和制造业,液化石油气,燃气锅炉,PM25,constant,0.17,g/kg燃料,,附录E 表E.7,54
E-MM-LPG-GASBOILER-PM10,工业源,采矿业和制造业,液化石油气,燃气锅炉,PM10,constant,0.17,g/kg燃料,,附录E 表E.7,54
E-MM-LPG-GASBOILER-BC,工业源,采矿业和制造业,液化石油气,燃气锅炉,BC,constant,0.02,g/kg燃料,,附录E 表E.7,54
E-MM-LPG-GASBOILER-OC,工业源,采矿业和制造业,液化石油气,燃气锅炉,OC,constant,0.05,g/kg燃料,,附录E 表E.7,54
E-MM-REFGAS-GASBOILER-CO,工业源,采矿业和制造业,炼厂干气,燃气锅炉,CO,constant,0,g/kg燃料,,附录E 表E.7,54
E-MM-REFGAS-GASBOILER-NOX,工业源,采矿业和制造业,炼厂干气,燃气锅炉,NOX,constant,0.53,g/kg燃料,,附录E 表E.7,54
E-MM-REFGAS-GASBOILER-SO2,工业源,采矿业和制造业,炼厂干气,燃气锅炉,SO2,constant,0,g/kg燃料,,附录E 表E.7,54
E-MM-REFGAS-GASBOILER-VOCS,工业源,采矿业和制造业,炼厂干气,燃气锅炉,VOCS,constant,0,g/kg燃料,,附录E 表E.7,54
E-MM-REFGAS-GASBOILER-PM25,工业源,采矿业和制造业,炼厂干气,燃气锅炉,PM25,constant,0,g/kg燃料,,附录E 表E.7,54
E-MM-REFGAS-GASBOILER-PM10,工业源,采矿业和制造业,炼厂干气,燃气锅炉,PM10,constant,0,g/kg燃料,,附录E 表E.7,54
E-MM-REFGAS-GASBOILER-BC,工业源,采矿业和制造业,炼厂干气,燃气锅炉,BC,constant,0,g/kg燃料,,附录E 表E.7,54
E-MM-REFGAS-GASBOILER-OC,工业源,采矿业和制造业,炼厂干气,燃气锅炉,OC,constant,0,g/kg燃料,,附录E 表E.7,54
E-MM-CONVGAS-GASBOILER-CO,工业源,采矿业和制造业,转炉煤气,燃气锅炉,CO,constant,1.3,g/m3,,附录E 表E.7；气体单位按外部一致性解释,54
E-MM-CONVGAS-GASBOILER-NOX,工业源,采矿业和制造业,转炉煤气,燃气锅炉,NOX,constant,0.13,g/m3,,附录E 表E.7；气体单位按外部一致性解释,54
E-MM-CONVGAS-GASBOILER-SO2,工业源,采矿业和制造业,转炉煤气,燃气锅炉,SO2,constant,0,g/m3,,附录E 表E.7；气体单位按外部一致性解释,54
E-MM-CONVGAS-GASBOILER-VOCS,工业源,采矿业和制造业,转炉煤气,燃气锅炉,VOCS,constant,0.05,g/m3,,附录E 表E.7；气体单位按外部一致性解释,54
E-MM-CONVGAS-GASBOILER-PM25,工业源,采矿业和制造业,转炉煤气,燃气锅炉,PM25,constant,0.03,g/m3,,附录E 表E.7；气体单位按外部一致性解释,54
E-MM-CONVGAS-GASBOILER-PM10,工业源,采矿业和制造业,转炉煤气,燃气锅炉,PM10,constant,0.03,g/m3,,附录E 表E.7；气体单位按外部一致性解释,54
E-MM-CONVGAS-GASBOILER-BC,工业源,采矿业和制造业,转炉煤气,燃气锅炉,BC,constant,0,g/m3,,附录E 表E.7；气体单位按外部一致性解释,54
E-MM-CONVGAS-GASBOILER-OC,工业源,采矿业和制造业,转炉煤气,燃气锅炉,OC,constant,0,g/m3,,附录E 表E.7；气体单位按外部一致性解释,54
E-MM-OTHFGAS-GASBOILER-CO,工业源,采矿业和制造业,其它气体燃料,燃气锅炉,CO,constant,1.3,g/m3,,附录E 表E.7；气体单位按外部一致性解释,55
E-MM-OTHFGAS-GASBOILER-NOX,工业源,采矿业和制造业,其它气体燃料,燃气锅炉,NOX,constant,0.13,g/m3,,附录E 表E.7；气体单位按外部一致性解释,55
E-MM-OTHFGAS-GASBOILER-SO2,工业源,采矿业和制造业,其它气体燃料,燃气锅炉,SO2,constant,0,g/m3,,附录E 表E.7；气体单位按外部一致性解释,55
E-MM-OTHFGAS-GASBOILER-VOCS,工业源,采矿业和制造业,其它气体燃料,燃气锅炉,VOCS,constant,0.05,g/m3,,附录E 表E.7；气体单位按外部一致性解释,55
E-MM-OTHFGAS-GASBOILER-PM25,工业源,采矿业和制造业,其它气体燃料,燃气锅炉,PM25,constant,0.03,g/m3,,附录E 表E.7；气体单位按外部一致性解释,55
E-MM-OTHFGAS-GASBOILER-PM10,工业源,采矿业和制造业,其它气体燃料,燃气锅炉,PM10,constant,0.03,g/m3,,附录E 表E.7；气体单位按外部一致性解释,55
E-MM-OTHFGAS-GASBOILER-BC,工业源,采矿业和制造业,其它气体燃料,燃气锅炉,BC,constant,0,g/m3,,附录E 表E.7；气体单位按外部一致性解释,55
E-MM-OTHFGAS-GASBOILER-OC,工业源,采矿业和制造业,其它气体燃料,燃气锅炉,OC,constant,0,g/m3,,附录E 表E.7；气体单位按外部一致性解释,55
E-MM-CRUDE-OILBOILER-CO,工业源,采矿业和制造业,原油,燃油锅炉,CO,constant,0.6,g/kg燃料,,附录E 表E.7,55
E-MM-CRUDE-OILBOILER-NOX,工业源,采矿业和制造业,原油,燃油锅炉,NOX,constant,5.09,g/kg燃料,,附录E 表E.7,55
E-MM-CRUDE-OILBOILER-SO2,工业源,采矿业和制造业,原油,燃油锅炉,SO2,constant,0,g/kg燃料,,附录E 表E.7,55
E-MM-CRUDE-OILBOILER-VOCS,工业源,采矿业和制造业,原油,燃油锅炉,VOCS,constant,0.13,g/kg燃料,,附录E 表E.7,55
E-MM-CRUDE-OILBOILER-PM25,工业源,采矿业和制造业,原油,燃油锅炉,PM25,constant,0.62,g/kg燃料,,附录E 表E.7,55
E-MM-CRUDE-OILBOILER-PM10,工业源,采矿业和制造业,原油,燃油锅炉,PM10,constant,0.85,g/kg燃料,,附录E 表E.7,55
E-MM-CRUDE-OILBOILER-BC,工业源,采矿业和制造业,原油,燃油锅炉,BC,constant,0.04,g/kg燃料,,附录E 表E.7,55
E-MM-CRUDE-OILBOILER-OC,工业源,采矿业和制造业,原油,燃油锅炉,OC,constant,0.01,g/kg燃料,,附录E 表E.7,55
E-MM-GASOLINE-OILBOILER-CO,工业源,采矿业和制造业,汽油,燃油锅炉,CO,constant,0.6,g/kg燃料,,附录E 表E.7,55
E-MM-GASOLINE-OILBOILER-NOX,工业源,采矿业和制造业,汽油,燃油锅炉,NOX,constant,3.67,g/kg燃料,,附录E 表E.7,55
E-MM-GASOLINE-OILBOILER-SO2,工业源,采矿业和制造业,汽油,燃油锅炉,SO2,constant,0,g/kg燃料,,附录E 表E.7,55
E-MM-GASOLINE-OILBOILER-VOCS,工业源,采矿业和制造业,汽油,燃油锅炉,VOCS,constant,0.13,g/kg燃料,,附录E 表E.7,55
E-MM-GASOLINE-OILBOILER-PM25,工业源,采矿业和制造业,汽油,燃油锅炉,PM25,constant,0.62,g/kg燃料,,附录E 表E.7,55
E-MM-GASOLINE-OILBOILER-PM10,工业源,采矿业和制造业,汽油,燃油锅炉,PM10,constant,0.85,g/kg燃料,,附录E 表E.7,55
E-MM-GASOLINE-OILBOILER-BC,工业源,采矿业和制造业,汽油,燃油锅炉,BC,constant,0.04,g/kg燃料,,附录E 表E.7,55
E-MM-GASOLINE-OILBOILER-OC,工业源,采矿业和制造业,汽油,燃油锅炉,OC,constant,0.01,g/kg燃料,,附录E 表E.7,55
E-MM-KEROSENE-OILBOILER-CO,工业源,采矿业和制造业,煤油,燃油锅炉,CO,constant,0.6,g/kg燃料,,附录E 表E.7,55
E-MM-KEROSENE-OILBOILER-NOX,工业源,采矿业和制造业,煤油,燃油锅炉,NOX,constant,7.46,g/kg燃料,,附录E 表E.7,55
E-MM-KEROSENE-OILBOILER-SO2,工业源,采矿业和制造业,煤油,燃油锅炉,SO2,constant,0,g/kg燃料,,附录E 表E.7,55
E-MM-KEROSENE-OILBOILER-VOCS,工业源,采矿业和制造业,煤油,燃油锅炉,VOCS,constant,0.13,g/kg燃料,,附录E 表E.7,55
E-MM-KEROSENE-OILBOILER-PM25,工业源,采矿业和制造业,煤油,燃油锅炉,PM25,constant,0.9,g/kg燃料,,附录E 表E.7,55
E-MM-KEROSENE-OILBOILER-PM10,工业源,采矿业和制造业,煤油,燃油锅炉,PM10,constant,0.9,g/kg燃料,,附录E 表E.7,55
E-MM-KEROSENE-OILBOILER-BC,工业源,采矿业和制造业,煤油,燃油锅炉,BC,constant,0.01,g/kg燃料,,附录E 表E.7,55
E-MM-KEROSENE-OILBOILER-OC,工业源,采矿业和制造业,煤油,燃油锅炉,OC,constant,0.09,g/kg燃料,,附录E 表E.7,55
E-MM-DIESEL-OILBOILER-CO,工业源,采矿业和制造业,柴油,燃油锅炉,CO,constant,0.6,g/kg燃料,,附录E 表E.7,55
E-MM-DIESEL-OILBOILER-NOX,工业源,采矿业和制造业,柴油,燃油锅炉,NOX,constant,9.62,g/kg燃料,,附录E 表E.7,55
E-MM-DIESEL-OILBOILER-SO2,工业源,采矿业和制造业,柴油,燃油锅炉,SO2,constant,3,g/kg燃料,,附录E 表E.7,55
E-MM-DIESEL-OILBOILER-VOCS,工业源,采矿业和制造业,柴油,燃油锅炉,VOCS,constant,0.13,g/kg燃料,,附录E 表E.7,55
E-MM-DIESEL-OILBOILER-PM25,工业源,采矿业和制造业,柴油,燃油锅炉,PM25,constant,0.5,g/kg燃料,,附录E 表E.7,55
E-MM-DIESEL-OILBOILER-PM10,工业源,采矿业和制造业,柴油,燃油锅炉,PM10,constant,0.5,g/kg燃料,,附录E 表E.7,55
E-MM-DIESEL-OILBOILER-BC,工业源,采矿业和制造业,柴油,燃油锅炉,BC,constant,0.14,g/kg燃料,,附录E 表E.7,55
E-MM-DIESEL-OILBOILER-OC,工业源,采矿业和制造业,柴油,燃油锅炉,OC,constant,0.04,g/kg燃料,,附录E 表E.7,55
E-MM-FUELOIL-OILBOILER-CO,工业源,采矿业和制造业,燃料油,燃油锅炉,CO,constant,0.6,g/kg燃料,,附录E 表E.7,55
E-MM-FUELOIL-OILBOILER-NOX,工业源,采矿业和制造业,燃料油,燃油锅炉,NOX,constant,5.84,g/kg燃料,,附录E 表E.7,55
E-MM-FUELOIL-OILBOILER-SO2,工业源,采矿业和制造业,燃料油,燃油锅炉,SO2,constant,20,g/kg燃料,,附录E 表E.7,55
E-MM-FUELOIL-OILBOILER-VOCS,工业源,采矿业和制造业,燃料油,燃油锅炉,VOCS,constant,2.88,g/kg燃料,,附录E 表E.7,55
E-MM-FUELOIL-OILBOILER-PM25,工业源,采矿业和制造业,燃料油,燃油锅炉,PM25,constant,0.67,g/kg燃料,,附录E 表E.7,55
E-MM-FUELOIL-OILBOILER-PM10,工业源,采矿业和制造业,燃料油,燃油锅炉,PM10,constant,1.03,g/kg燃料,,附录E 表E.7,55
E-MM-FUELOIL-OILBOILER-BC,工业源,采矿业和制造业,燃料油,燃油锅炉,BC,constant,0.04,g/kg燃料,,附录E 表E.7,55
E-MM-FUELOIL-OILBOILER-OC,工业源,采矿业和制造业,燃料油,燃油锅炉,OC,constant,0.01,g/kg燃料,,附录E 表E.7,55
E-MM-OTHLIQ-OILBOILER-CO,工业源,采矿业和制造业,其它液体燃料,燃油锅炉,CO,constant,0.6,g/kg燃料,,附录E 表E.7,55
E-MM-OTHLIQ-OILBOILER-NOX,工业源,采矿业和制造业,其它液体燃料,燃油锅炉,NOX,constant,5.84,g/kg燃料,,附录E 表E.7,55
E-MM-OTHLIQ-OILBOILER-SO2,工业源,采矿业和制造业,其它液体燃料,燃油锅炉,SO2,constant,0,g/kg燃料,,附录E 表E.7,55
E-MM-OTHLIQ-OILBOILER-VOCS,工业源,采矿业和制造业,其它液体燃料,燃油锅炉,VOCS,constant,0.13,g/kg燃料,,附录E 表E.7,55
E-MM-OTHLIQ-OILBOILER-PM25,工业源,采矿业和制造业,其它液体燃料,燃油锅炉,PM25,constant,0.62,g/kg燃料,,附录E 表E.7,55
E-MM-OTHLIQ-OILBOILER-PM10,工业源,采矿业和制造业,其它液体燃料,燃油锅炉,PM10,constant,0.85,g/kg燃料,,附录E 表E.7,55
E-MM-OTHLIQ-OILBOILER-BC,工业源,采矿业和制造业,其它液体燃料,燃油锅炉,BC,constant,0.04,g/kg燃料,,附录E 表E.7,55
E-MM-OTHLIQ-OILBOILER-OC,工业源,采矿业和制造业,其它液体燃料,燃油锅炉,OC,constant,0.01,g/kg燃料,,附录E 表E.7,55
E-MM-ASPHALT-OILBOILER-CO,工业源,采矿业和制造业,石油沥青,燃油锅炉,CO,constant,0.6,g/kg燃料,,附录E 表E.7,55
E-MM-ASPHALT-OILBOILER-NOX,工业源,采矿业和制造业,石油沥青,燃油锅炉,NOX,constant,5.84,g/kg燃料,,附录E 表E.7,55
E-MM-ASPHALT-OILBOILER-SO2,工业源,采矿业和制造业,石油沥青,燃油锅炉,SO2,constant,0,g/kg燃料,,附录E 表E.7,55
E-MM-ASPHALT-OILBOILER-VOCS,工业源,采矿业和制造业,石油沥青,燃油锅炉,VOCS,constant,0.13,g/kg燃料,,附录E 表E.7,55
E-MM-ASPHALT-OILBOILER-PM25,工业源,采矿业和制造业,石油沥青,燃油锅炉,PM25,constant,0.62,g/kg燃料,,附录E 表E.7,55
E-MM-ASPHALT-OILBOILER-PM10,工业源,采矿业和制造业,石油沥青,燃油锅炉,PM10,constant,0.85,g/kg燃料,,附录E 表E.7,55
E-MM-ASPHALT-OILBOILER-BC,工业源,采矿业和制造业,石油沥青,燃油锅炉,BC,constant,0.04,g/kg燃料,,附录E 表E.7,55
E-MM-ASPHALT-OILBOILER-OC,工业源,采矿业和制造业,石油沥青,燃油锅炉,OC,constant,0.01,g/kg燃料,,附录E 表E.7,55
E-MM-PETCOKE-OILBOILER-CO,工业源,采矿业和制造业,石油焦,燃油锅炉,CO,constant,0.6,g/kg燃料,,附录E 表E.7,55
E-MM-PETCOKE-OILBOILER-NOX,工业源,采矿业和制造业,石油焦,燃油锅炉,NOX,constant,5.84,g/kg燃料,,附录E 表E.7,55
E-MM-PETCOKE-OILBOILER-SO2,工业源,采矿业和制造业,石油焦,燃油锅炉,SO2,constant,0,g/kg燃料,,附录E 表E.7,55
E-MM-PETCOKE-OILBOILER-VOCS,工业源,采矿业和制造业,石油焦,燃油锅炉,VOCS,constant,33,g/kg燃料,,附录E 表E.7,55
E-MM-PETCOKE-OILBOILER-PM25,工业源,采矿业和制造业,石油焦,燃油锅炉,PM25,constant,0.62,g/kg燃料,,附录E 表E.7,55
E-MM-PETCOKE-OILBOILER-PM10,工业源,采矿业和制造业,石油焦,燃油锅炉,PM10,constant,0.85,g/kg燃料,,附录E 表E.7,55
E-MM-PETCOKE-OILBOILER-BC,工业源,采矿业和制造业,石油焦,燃油锅炉,BC,constant,0.04,g/kg燃料,,附录E 表E.7,55
E-MM-PETCOKE-OILBOILER-OC,工业源,采矿业和制造业,石油焦,燃油锅炉,OC,constant,0.01,g/kg燃料,,附录E 表E.7,55
E-MM-OTHPET-OILBOILER-CO,工业源,采矿业和制造业,其它石油制品,燃油锅炉,CO,constant,0.6,g/kg燃料,,附录E 表E.7,55
E-MM-OTHPET-OILBOILER-NOX,工业源,采矿业和制造业,其它石油制品,燃油锅炉,NOX,constant,5.84,g/kg燃料,,附录E 表E.7,55
E-MM-OTHPET-OILBOILER-SO2,工业源,采矿业和制造业,其它石油制品,燃油锅炉,SO2,constant,0,g/kg燃料,,附录E 表E.7,55
E-MM-OTHPET-OILBOILER-VOCS,工业源,采矿业和制造业,其它石油制品,燃油锅炉,VOCS,constant,0.13,g/kg燃料,,附录E 表E.7,55
E-MM-OTHPET-OILBOILER-PM25,工业源,采矿业和制造业,其它石油制品,燃油锅炉,PM25,constant,0.62,g/kg燃料,,附录E 表E.7,55
E-MM-OTHPET-OILBOILER-PM10,工业源,采矿业和制造业,其它石油制品,燃油锅炉,PM10,constant,0.85,g/kg燃料,,附录E 表E.7,55
E-MM-OTHPET-OILBOILER-BC,工业源,采矿业和制造业,其它石油制品,燃油锅炉,BC,constant,0.04,g/kg燃料,,附录E 表E.7,55
E-MM-OTHPET-OILBOILER-OC,工业源,采矿业和制造业,其它石油制品,燃油锅炉,OC,constant,0.01,g/kg燃料,,附录E 表E.7,55
