parameter_id,control_technology,pollutant,efficiency_percent,particle_fraction,source_section,physical_pdf_page
A1-01-SO2,烟气循环流化床法,SO2,50,,附录A 表A.1,33
A1-01-NOX,烟气循环流化床法,NOX,0,,附录A 表A.1,33
A1-01-VOCS,烟气循环流化床法,VOCS,0,,附录A 表A.1,33
A1-01-PM25,烟气循环流化床法,PM25,0,,附录A 表A.1,33
A1-01-PM25_10,烟气循环流化床法,PM25_10,0,,附录A 表A.1,33
A1-01-BC,烟气循环流化床法,BC,0,,附录A 表A.1,33
A1-01-OC,烟气循环流化床法,OC,0,,附录A 表A.1,33
A1-02-SO2,炉内喷钙法,SO2,50,,附录A 表A.1,33
A1-02-NOX,炉内喷钙法,NOX,0,,附录A 表A.1,33
A1-02-VOCS,炉内喷钙法,VOCS,0,,附录A 表A.1,33
A1-02-PM25,炉内喷钙法,PM25,0,,附录A 表A.1,33
A1-02-PM25_10,炉内喷钙法,PM25_10,0,,附录A 表A.1,33
A1-02-BC,炉内喷钙法,BC,0,,附录A 表A.1,33
A1-02-OC,炉内喷钙法,OC,0,,附录A 表A.1,33
A1-03-SO2,石灰石/石膏法,SO2,80,,附录A 表A.1,33
A1-03-NOX,石灰石/石膏法,NOX,0,,附录A 表A.1,33
A1-03-VOCS,石灰石/石膏法,VOCS,0,,附录A 表A.1,33
A1-03-PM25,石灰石/石膏法,PM25,57,,附录A 表A.1,33
A1-03-PM25_10,石灰石/石膏法,PM25_10,75,,附录A 表A.1,33
A1-03-BC,石灰石/石膏法,BC,57,,附录A 表A.1,33
A1-03-OC,石灰石/石膏法,OC,57,,附录A 表A.1,33
A1-04-SO2,双碱法,SO2,80,,附录A 表A.1,33
A1-04-NOX,双碱法,NOX,0,,附录A 表A.1,33
A1-04-VOCS,双碱法,VOCS,0,,附录A 表A.1,33
A1-04-PM25,双碱法,PM25,57,,附录A 表A.1,33
A1-04-PM25_10,双碱法,PM25_10,75,,附录A 表A.1,33
A1-04-BC,双碱法,BC,57,,附录A 表A.1,33
A1-04-OC,双碱法,OC,57,,附录A 表A.1,33
A1-05-SO2,海水法,SO2,80,,附录A 表A.1,33
A1-05-NOX,海水法,NOX,0,,附录A 表A.1,33
A1-05-VOCS,海水法,VOCS,0,,附录A 表A.1,33
A1-05-PM25,海水法,PM25,57,,附录A 表A.1,33
A1-05-PM25_10,海水法,PM25_10,75,,附录A 表A.1,33
A1-05-BC,海水法,BC,57,,附录A 表A.1,33
A1-05-OC,海水法,OC,57,,附录A 表A.1,33
A1-06-SO2,氧化镁法,SO2,80,,附录A 表A.1,33
A1-06-NOX,氧化镁法,NOX,0,,附录A 表A.1,33
A1-06-VOCS,氧化镁法,VOCS,0,,附录A 表A.1,33
A1-06-PM25,氧化镁法,PM25,57,,附录A 表A.1,33
A1-06-PM25_10,氧化镁法,PM25_10,75,,附录A 表A.1,33
A1-06-BC,氧化镁法,BC,57,,附录A 表A.1,33
A1-06-OC,氧化镁法,OC,57,,附录A 表A.1,33
A1-07-SO2,氨法,SO2,80,,附录A 表A.1,33
A1-07-NOX,氨法,NOX,0,,附录A 表A.1,33
A1-07-VOCS,氨法,VOCS,0,,附录A 表A.1,33
A1-07-PM25,氨法,PM25,57,,附录A 表A.1,33
A1-07-PM25_10,氨法,PM25_10,75,,附录A 表A.1,33
A1-07-BC,氨法,BC,57,,附录A 表A.1,33
A1-07-OC,氨法,OC,57,,附录A 表A.1,33
A1-08-SO2,密相干法,SO2,50,,附录A 表A.1,33
A1-08-NOX,密相干法,NOX,0,,附录A 表A.1,33
A1-08-VOCS,密相干法,VOCS,0,,附录A 表A.1,33
A1-08-PM25,密相干法,PM25,0,,附录A 表A.1,33
A1-08-PM25_10,密相干法,PM25_10,0,,附录A 表A.1,33
A1-08-BC,密相干法,BC,0,,附录A 表A.1,33
A1-08-OC,密相干法,OC,0,,附录A 表A.1,33
A1-09-SO2,旋转喷雾干燥法,SO2,50,,附录A 表A.1,33
A1-09-NOX,旋转喷雾干燥法,NOX,0,,附录A 表A.1,33
A1-09-VOCS,旋转喷雾干燥法,VOCS,0,,附录A 表A.1,33
A1-09-PM25,旋转喷雾干燥法,PM25,0,,附录A 表A.1,33
A1-09-PM25_10,旋转喷雾干燥法,PM25_10,0,,附录A 表A.1,33
A1-09-BC,旋转喷雾干燥法,BC,0,,附录A 表A.1,33
A1-09-OC,旋转喷雾干燥法,OC,0,,附录A 表A.1,33
A1-10-SO2,其他脱硫技术,SO2,40,,附录A 表A.1,33
A1-10-NOX,其他脱硫技术,NOX,0,,附录A 表A.1,33
A1-10-VOCS,其他脱硫技术,VOCS,0,,附录A 表A.1,33
A1-10-PM25,其他脱硫技术,PM25,0,,附录A 表A.1,33
A1-10-PM25_10,其他脱硫技术,PM25_10,0,,附录A 表A.1,33
A1-10-BC,其他脱硫技术,BC,0,,附录A 表A.1,33
A1-10-OC,其他脱硫技术,OC,0,,附录A 表A.1,33
A1-11-SO2,低氮燃烧技术,SO2,0,,附录A 表A.1,33
A1-11-NOX,低氮燃烧技术,NOX,22,,附录A 表A.1,33
A1-11-VOCS,低氮燃烧技术,VOCS,0,,附录A 表A.1,33
A1-11-PM25,低氮燃烧技术,PM25,0,,附录A 表A.1,33
A1-11-PM25_10,低氮燃烧技术,PM25_10,0,,附录A 表A.1,33
A1-11-BC,低氮燃烧技术,BC,0,,附录A 表A.1,33
A1-11-OC,低氮燃烧技术,OC,0,,附录A 表A.1,33
A1-12-SO2,选择性非催化还原法,SO2,0,,附录A 表A.1,33
A1-12-NOX,选择性非催化还原法,NOX,30,,附录A 表A.1,33
A1-12-VOCS,选择性非催化还原法,VOCS,0,,附录A 表A.1,33
A1-12-PM25,选择性非催化还原法,PM25,57,,附录A 表A.1,33
A1-12-PM25_10,选择性非催化还原法,PM25_10,75,,附录A 表A.1,33
A1-12-BC,选择性非催化还原法,BC,57,,附录A 表A.1,33
A1-12-OC,选择性非催化还原法,OC,57,,附录A 表A.1,33
A1-13-SO2,选择性催化还原法,SO2,0,,附录A 表A.1,33
A1-13-NOX,选择性催化还原法,NOX,42,,附录A 表A.1,33
A1-13-VOCS,选择性催化还原法,VOCS,0,,附录A 表A.1,33
A1-13-PM25,选择性催化还原法,PM25,57,,附录A 表A.1,33
A1-13-PM25_10,选择性催化还原法,PM25_10,75,,附录A 表A.1,33
A1-13-BC,选择性催化还原法,BC,57,,附录A 表A.1,33
A1-13-OC,选择性催化还原法,OC,57,,附录A 表A.1,33
A1-14-SO2,低氮燃烧技术+选择性非催化还原法,SO2,0,,附录A 表A.1,33
A1-14-NOX,低氮燃烧技术+选择性非催化还原法,NOX,52,,附录A 表A.1,33
A1-14-VOCS,低氮燃烧技术+选择性非催化还原法,VOCS,0,,附录A 表A.1,33
A1-14-PM25,低氮燃烧技术+选择性非催化还原法,PM25,0,,附录A 表A.1,33
A1-14-PM25_10,低氮燃烧技术+选择性非催化还原法,PM25_10,0,,附录A 表A.1,33
A1-14-BC,低氮燃烧技术+选择性非催化还原法,BC,0,,附录A 表A.1,33
A1-14-OC,低氮燃烧技术+选择性非催化还原法,OC,0,,附录A 表A.1,33
A1-15-SO2,低氮燃烧技术+选择性催化还原法,SO2,0,,附录A 表A.1,33
A1-15-NOX,低氮燃烧技术+选择性催化还原法,NOX,64,,附录A 表A.1,33
A1-15-VOCS,低氮燃烧技术+选择性催化还原法,VOCS,0,,附录A 表A.1,33
A1-15-PM25,低氮燃烧技术+选择性催化还原法,PM25,0,,附录A 表A.1,33
A1-15-PM25_10,低氮燃烧技术+选择性催化还原法,PM25_10,0,,附录A 表A.1,33
A1-15-BC,低氮燃烧技术+选择性催化还原法,BC,0,,附录A 表A.1,33
A1-15-OC,低氮燃烧技术+选择性催化还原法,OC,0,,附录A 表A.1,33
A1-16-SO2,其他脱硝技术,SO2,0,,附录A 表A.1,33
A1-16-NOX,其他脱硝技术,NOX,20,,附录A 表A.1,33
A1-16-VOCS,其他脱硝技术,VOCS,0,,附录A 表A.1,33
A1-16-PM25,其他脱硝技术,PM25,0,,附录A 表A.1,33
A1-16-PM25_10,其他脱硝技术,PM25_10,0,,附录A 表A.1,33
A1-16-BC,其他脱硝技术,BC,0,,附录A 表A.1,33
A1-16-OC,其他脱硝技术,OC,0,,附录A 表A.1,33
A1-17-SO2,重力沉降法,SO2,0,,附录A 表A.1,33
A1-17-NOX,重力沉降法,NOX,0,,附录A 表A.1,33
A1-17-VOCS,重力沉降法,VOCS,0,,附录A 表A.1,33
A1-17-PM25,重力沉降法,PM25,10,,附录A 表A.1,33
A1-17-PM25_10,重力沉降法,PM25_10,70,,附录A 表A.1,33
A1-17-BC,重力沉降法,BC,10,,附录A 表A.1,33
A1-17-OC,重力沉降法,OC,10,,附录A 表A.1,33
A1-18-SO2,惯性除尘法,SO2,0,,附录A 表A.1,33
A1-18-NOX,惯性除尘法,NOX,0,,附录A 表A.1,33
A1-18-VOCS,惯性除尘法,VOCS,0,,附录A 表A.1,33
A1-18-PM25,惯性除尘法,PM25,10,,附录A 表A.1,33
A1-18-PM25_10,惯性除尘法,PM25_10,70,,附录A 表A.1,33
A1-18-BC,惯性除尘法,BC,10,,附录A 表A.1,33
A1-18-OC,惯性除尘法,OC,10,,附录A 表A.1,33
A1-19-SO2,湿式除尘法,SO2,20,,附录A 表A.1,33
A1-19-NOX,湿式除尘法,NOX,0,,附录A 表A.1,33
A1-19-VOCS,湿式除尘法,VOCS,0,,附录A 表A.1,33
A1-19-PM25,湿式除尘法,PM25,50,,附录A 表A.1,33
A1-19-PM25_10,湿式除尘法,PM25_10,56.1,,附录A 表A.1,33
A1-19-BC,湿式除尘法,BC,50,,附录A 表A.1,33
A1-19-OC,湿式除尘法,OC,50,,附录A 表A.1,33
A1-20-SO2,普通静电除尘法,SO2,0,,附录A 表A.1,33
A1-20-NOX,普通静电除尘法,NOX,0,,附录A 表A.1,33
A1-20-VOCS,普通静电除尘法,VOCS,0,,附录A 表A.1,33
A1-20-PM25,普通静电除尘法,PM25,93,,附录A 表A.1,33
A1-20-PM25_10,普通静电除尘法,PM25_10,98,,附录A 表A.1,33
A1-20-BC,普通静电除尘法,BC,93,,附录A 表A.1,33
A1-20-OC,普通静电除尘法,OC,93,,附录A 表A.1,33
A1-21-SO2,高效静电除尘法,SO2,0,,附录A 表A.1,33
A1-21-NOX,高效静电除尘法,NOX,0,,附录A 表A.1,33
A1-21-VOCS,高效静电除尘法,VOCS,0,,附录A 表A.1,33
A1-21-PM25,高效静电除尘法,PM25,96,,附录A 表A.1,33
A1-21-PM25_10,高效静电除尘法,PM25_10,99,,附录A 表A.1,33
A1-21-BC,高效静电除尘法,BC,96,,附录A 表A.1,33
A1-21-OC,高效静电除尘法,OC,96,,附录A 表A.1,33
A1-22-SO2,袋式除尘法,SO2,0,,附录A 表A.1,33
A1-22-NOX,袋式除尘法,NOX,0,,附录A 表A.1,33
A1-22-VOCS,袋式除尘法,VOCS,0,,附录A 表A.1,33
A1-22-PM25,袋式除尘法,PM25,94.5,,附录A 表A.1,33
A1-22-PM25_10,袋式除尘法,PM25_10,95,,附录A 表A.1,33
A1-22-BC,袋式除尘法,BC,94.5,,附录A 表A.1,33
A1-22-OC,袋式除尘法,OC,94.5,,附录A 表A.1,33
A1-23-SO2,电袋复合除尘法,SO2,0,,附录A 表A.1,34
A1-23-NOX,电袋复合除尘法,NOX,0,,附录A 表A.1,34
A1-23-VOCS,电袋复合除尘法,VOCS,0,,附录A 表A.1,34
A1-23-PM25,电袋复合除尘法,PM25,96,,附录A 表A.1,34
A1-23-PM25_10,电袋复合除尘法,PM25_10,99,,附录A 表A.1,34
A1-23-BC,电袋复合除尘法,BC,96,,附录A 表A.1,34
A1-23-OC,电袋复合除尘法,OC,96,,附录A 表A.1,34
A1-24-SO2,机械式除尘法,SO2,0,,附录A 表A.1,34
A1-24-NOX,机械式除尘法,NOX,0,,附录A 表A.1,34
A1-24-VOCS,机械式除尘法,VOCS,0,,附录A 表A.1,34
A1-24-PM25,机械式除尘法,PM25,10,,附录A 表A.1,34
A1-24-PM25_10,机械式除尘法,PM25_10,19.2,,附录A 表A.1,34
A1-24-BC,机械式除尘法,BC,10,,附录A 表A.1,34
A1-24-OC,机械式除尘法,OC,10,,附录A 表A.1,34
A1-25-SO2,多管旋风除尘法,SO2,0,,附录A 表A.1,34
A1-25-NOX,多管旋风除尘法,NOX,0,,附录A 表A.1,34
A1-25-VOCS,多管旋风除尘法,VOCS,0,,附录A 表A.1,34
A1-25-PM25,多管旋风除尘法,PM25,10,,附录A 表A.1,34
A1-25-PM25_10,多管旋风除尘法,PM25_10,70,,附录A 表A.1,34
A1-25-BC,多管旋风除尘法,BC,10,,附录A 表A.1,34
A1-25-OC,多管旋风除尘法,OC,10,,附录A 表A.1,34
A1-26-SO2,无组织尘一般控制技术,SO2,0,,附录A 表A.1,34
A1-26-NOX,无组织尘一般控制技术,NOX,0,,附录A 表A.1,34
A1-26-VOCS,无组织尘一般控制技术,VOCS,0,,附录A 表A.1,34
A1-26-PM25,无组织尘一般控制技术,PM25,10,,附录A 表A.1,34
A1-26-PM25_10,无组织尘一般控制技术,PM25_10,15,,附录A 表A.1,34
A1-26-BC,无组织尘一般控制技术,BC,10,,附录A 表A.1,34
A1-26-OC,无组织尘一般控制技术,OC,10,,附录A 表A.1,34
A1-27-SO2,无组织尘高效控制技术,SO2,0,,附录A 表A.1,34
A1-27-NOX,无组织尘高效控制技术,NOX,0,,附录A 表A.1,34
A1-27-VOCS,无组织尘高效控制技术,VOCS,0,,附录A 表A.1,34
A1-27-PM25,无组织尘高效控制技术,PM25,30,,附录A 表A.1,34
A1-27-PM25_10,无组织尘高效控制技术,PM25_10,50,,附录A 表A.1,34
A1-27-BC,无组织尘高效控制技术,BC,30,,附录A 表A.1,34
A1-27-OC,无组织尘高效控制技术,OC,30,,附录A 表A.1,34
A1-28-SO2,其他除尘技术,SO2,0,,附录A 表A.1,34
A1-28-NOX,其他除尘技术,NOX,0,,附录A 表A.1,34
A1-28-VOCS,其他除尘技术,VOCS,0,,附录A 表A.1,34
A1-28-PM25,其他除尘技术,PM25,10,,附录A 表A.1,34
A1-28-PM25_10,其他除尘技术,PM25_10,70,,附录A 表A.1,34
A1-28-BC,其他除尘技术,BC,10,,附录A 表A.1,34
A1-28-OC,其他除尘技术,OC,10,,附录A 表A.1,34
A1-29-SO2,活性炭法,SO2,0,,附录A 表A.1,34
A1-29-NOX,活性炭法,NOX,0,,附录A 表A.1,34
A1-29-VOCS,活性炭法,VOCS,15,,附录A 表A.1,34
A1-29-PM25,活性炭法,PM25,0,,附录A 表A.1,34
A1-29-PM25_10,活性炭法,PM25_10,0,,附录A 表A.1,34
A1-29-BC,活性炭法,BC,0,,附录A 表A.1,34
A1-29-OC,活性炭法,OC,0,,附录A 表A.1,34
A1-30-SO2,沸石转轮吸附法,SO2,0,,附录A 表A.1,34
A1-30-NOX,沸石转轮吸附法,NOX,0,,附录A 表A.1,34
A1-30-VOCS,沸石转轮吸附法,VOCS,34,,附录A 表A.1,34
A1-30-PM25,沸石转轮吸附法,PM25,0,,附录A 表A.1,34
A1-30-PM25_10,沸石转轮吸附法,PM25_10,0,,附录A 表A.1,34
A1-30-BC,沸石转轮吸附法,BC,0,,附录A 表A.1,34
A1-30-OC,沸石转轮吸附法,OC,0,,附录A 表A.1,34
A1-31-SO2,蓄热式热力燃烧法,SO2,0,,附录A 表A.1,34
A1-31-NOX,蓄热式热力燃烧法,NOX,0,,附录A 表A.1,34
A1-31-VOCS,蓄热式热力燃烧法,VOCS,94,,附录A 表A.1,34
A1-31-PM25,蓄热式热力燃烧法,PM25,0,,附录A 表A.1,34
A1-31-PM25_10,蓄热式热力燃烧法,PM25_10,0,,附录A 表A.1,34
A1-31-BC,蓄热式热力燃烧法,BC,0,,附录A 表A.1,34
A1-31-OC,蓄热式热力燃烧法,OC,0,,附录A 表A.1,34
A1-32-SO2,光解,SO2,0,,附录A 表A.1,34
A1-32-NOX,光解,NOX,0,,附录A 表A.1,34
A1-32-VOCS,光解,VOCS,17,,附录A 表A.1,34
A1-32-PM25,光解,PM25,0,,附录A 表A.1,34
A1-32-PM25_10,光解,PM25_10,0,,附录A 表A.1,34
A1-32-BC,光解,BC,0,,附录A 表A.1,34
A1-32-OC,光解,OC,0,,附录A 表A.1,34
A1-33-SO2,光催化,SO2,0,,附录A 表A.1,34
A1-33-NOX,光催化,NOX,0,,附录A 表A.1,34
A1-33-VOCS,光催化,VOCS,17,,附录A 表A.1,34
A1-33-PM25,光催化,PM25,0,,附录A 表A.1,34
A1-33-PM25_10,光催化,PM25_10,0,,附录A 表A.1,34
A1-33-BC,光催化,BC,0,,附录A 表A.1,34
A1-33-OC,光催化,OC,0,,附录A 表A.1,34
A1-34-SO2,冷凝法,SO2,0,,附录A 表A.1,34
A1-34-NOX,冷凝法,NOX,0,,附录A 表A.1,34
A1-34-VOCS,冷凝法,VOCS,65,,附录A 表A.1,34
A1-34-PM25,冷凝法,PM25,0,,附录A 表A.1,34
A1-34-PM25_10,冷凝法,PM25_10,0,,附录A 表A.1,34
A1-34-BC,冷凝法,BC,0,,附录A 表A.1,34
A1-34-OC,冷凝法,OC,0,,附录A 表A.1,34
A1-35-SO2,吸附/催化燃烧法,SO2,0,,附录A 表A.1,34
A1-35-NOX,吸附/催化燃烧法,NOX,0,,附录A 表A.1,34
A1-35-VOCS,吸附/催化燃烧法,VOCS,85,,附录A 表A.1,34
A1-35-PM25,吸附/催化燃烧法,PM25,0,,附录A 表A.1,34
A1-35-PM25_10,吸附/催化燃烧法,PM25_10,0,,附录A 表A.1,34
A1-35-BC,吸附/催化燃烧法,BC,0,,附录A 表A.1,34
A1-35-OC,吸附/催化燃烧法,OC,0,,附录A 表A.1,34
A1-36-SO2,催化燃烧法,SO2,0,,附录A 表A.1,34
A1-36-NOX,催化燃烧法,NOX,0,,附录A 表A.1,34
A1-36-VOCS,催化燃烧法,VOCS,85,,附录A 表A.1,34
A1-36-PM25,催化燃烧法,PM25,0,,附录A 表A.1,34
A1-36-PM25_10,催化燃烧法,PM25_10,0,,附录A 表A.1,34
A1-36-BC,催化燃烧法,BC,0,,附录A 表A.1,34
A1-36-OC,催化燃烧法,OC,0,,附录A 表A.1,34
A1-37-SO2,低温等离子体,SO2,0,,附录A 表A.1,34
A1-37-NOX,低温等离子体,NOX,0,,附录A 表A.1,34
A1-37-VOCS,低温等离子体,VOCS,39,,附录A 表A.1,34
A1-37-PM25,低温等离子体,PM25,0,,附录A 表A.1,34
A1-37-PM25_10,低温等离子体,PM25_10,0,,附录A 表A.1,34
A1-37-BC,低温等离子体,BC,0,,附录A 表A.1,34
A1-37-OC,低温等离子体,OC,0,,附录A 表A.1,34
A1-38-SO2,生物过滤法,SO2,0,,附录A 表A.1,34
A1-38-NOX,生物过滤法,NOX,0,,附录A 表A.1,34
A1-38-VOCS,生物过滤法,VOCS,53,,附录A 表A.1,34
A1-38-PM25,生物过滤法,PM25,0,,附录A 表A.1,34
A1-38-PM25_10,生物过滤法,PM25_10,0,,附录A 表A.1,34
A1-38-BC,生物过滤法,BC,0,,附录A 表A.1,34
A1-38-OC,生物过滤法,OC,0,,附录A 表A.1,34
A1-39-SO2,溶剂法,SO2,0,,附录A 表A.1,34
A1-39-NOX,溶剂法,NOX,0,,附录A 表A.1,34
A1-39-VOCS,溶剂法,VOCS,12,,附录A 表A.1,34
A1-39-PM25,溶剂法,PM25,0,,附录A 表A.1,34
A1-39-PM25_10,溶剂法,PM25_10,0,,附录A 表A.1,34
A1-39-BC,溶剂法,BC,0,,附录A 表A.1,34
A1-39-OC,溶剂法,OC,0,,附录A 表A.1,34
A1-40-SO2,热力燃烧,SO2,0,,附录A 表A.1,34
A1-40-NOX,热力燃烧,NOX,0,,附录A 表A.1,34
A1-40-VOCS,热力燃烧,VOCS,90,,附录A 表A.1,34
A1-40-PM25,热力燃烧,PM25,0,,附录A 表A.1,34
A1-40-PM25_10,热力燃烧,PM25_10,0,,附录A 表A.1,34
A1-40-BC,热力燃烧,BC,0,,附录A 表A.1,34
A1-40-OC,热力燃烧,OC,0,,附录A 表A.1,34
A1-41-SO2,溶剂使用-全部密闭,SO2,0,,附录A 表A.1,34
A1-41-NOX,溶剂使用-全部密闭,NOX,0,,附录A 表A.1,34
A1-41-VOCS,溶剂使用-全部密闭,VOCS,95,,附录A 表A.1,34
A1-41-PM25,溶剂使用-全部密闭,PM25,0,,附录A 表A.1,34
A1-41-PM25_10,溶剂使用-全部密闭,PM25_10,0,,附录A 表A.1,34
A1-41-BC,溶剂使用-全部密闭,BC,0,,附录A 表A.1,34
A1-41-OC,溶剂使用-全部密闭,OC,0,,附录A 表A.1,34
A1-42-SO2,溶剂使用-外部集气罩,SO2,0,,附录A 表A.1,34
A1-42-NOX,溶剂使用-外部集气罩,NOX,0,,附录A 表A.1,34
A1-42-VOCS,溶剂使用-外部集气罩,VOCS,40,,附录A 表A.1,34
A1-42-PM25,溶剂使用-外部集气罩,PM25,0,,附录A 表A.1,34
A1-42-PM25_10,溶剂使用-外部集气罩,PM25_10,0,,附录A 表A.1,34
A1-42-BC,溶剂使用-外部集气罩,BC,0,,附录A 表A.1,34
A1-42-OC,溶剂使用-外部集气罩,OC,0,,附录A 表A.1,34
A1-43-SO2,溶剂使用-无捕集,SO2,0,,附录A 表A.1,34
A1-43-NOX,溶剂使用-无捕集,NOX,0,,附录A 表A.1,34
A1-43-VOCS,溶剂使用-无捕集,VOCS,0,,附录A 表A.1,34
A1-43-PM25,溶剂使用-无捕集,PM25,0,,附录A 表A.1,34
A1-43-PM25_10,溶剂使用-无捕集,PM25_10,0,,附录A 表A.1,34
A1-43-BC,溶剂使用-无捕集,BC,0,,附录A 表A.1,34
A1-43-OC,溶剂使用-无捕集,OC,0,,附录A 表A.1,34
A1-44-SO2,一次油气回收,SO2,0,,附录A 表A.1,34
A1-44-NOX,一次油气回收,NOX,0,,附录A 表A.1,34
A1-44-VOCS,一次油气回收,VOCS,50,,附录A 表A.1,34
A1-44-PM25,一次油气回收,PM25,0,,附录A 表A.1,34
A1-44-PM25_10,一次油气回收,PM25_10,0,,附录A 表A.1,34
A1-44-BC,一次油气回收,BC,0,,附录A 表A.1,34
A1-44-OC,一次油气回收,OC,0,,附录A 表A.1,34
A1-45-SO2,二次油气回收,SO2,0,,附录A 表A.1,34
A1-45-NOX,二次油气回收,NOX,0,,附录A 表A.1,34
A1-45-VOCS,二次油气回收,VOCS,80,,附录A 表A.1,34
A1-45-PM25,二次油气回收,PM25,0,,附录A 表A.1,34
A1-45-PM25_10,二次油气回收,PM25_10,0,,附录A 表A.1,34
A1-45-BC,二次油气回收,BC,0,,附录A 表A.1,34
A1-45-OC,二次油气回收,OC,0,,附录A 表A.1,34
A1-46-SO2,三次油气回收,SO2,0,,附录A 表A.1,34
A1-46-NOX,三次油气回收,NOX,0,,附录A 表A.1,34
A1-46-VOCS,三次油气回收,VOCS,90,,附录A 表A.1,34
A1-46-PM25,三次油气回收,PM25,0,,附录A 表A.1,34
A1-46-PM25_10,三次油气回收,PM25_10,0,,附录A 表A.1,34
A1-46-BC,三次油气回收,BC,0,,附录A 表A.1,34
A1-46-OC,三次油气回收,OC,0,,附录A 表A.1,34
A1-47-SO2,油烟净化器,SO2,0,,附录A 表A.1,34
A1-47-NOX,油烟净化器,NOX,0,,附录A 表A.1,34
A1-47-VOCS,油烟净化器,VOCS,60,,附录A 表A.1,34
A1-47-PM25,油烟净化器,PM25,0,,附录A 表A.1,34
A1-47-PM25_10,油烟净化器,PM25_10,0,,附录A 表A.1,34
A1-47-BC,油烟净化器,BC,0,,附录A 表A.1,34
A1-47-OC,油烟净化器,OC,0,,附录A 表A.1,34
A1-48-SO2,农田人造防风屏障,SO2,0,,附录A 表A.1,34
A1-48-NOX,农田人造防风屏障,NOX,0,,附录A 表A.1,34
A1-48-VOCS,农田人造防风屏障,VOCS,0,,附录A 表A.1,34
A1-48-PM25,农田人造防风屏障,PM25,52,,附录A 表A.1,34
A1-48-PM25_10,农田人造防风屏障,PM25_10,73,,附录A 表A.1,34
A1-48-BC,农田人造防风屏障,BC,0,,附录A 表A.1,34
A1-48-OC,农田人造防风屏障,OC,0,,附录A 表A.1,34
A1-49-SO2,农田作物覆盖,SO2,0,,附录A 表A.1,34
A1-49-NOX,农田作物覆盖,NOX,0,,附录A 表A.1,34
A1-49-VOCS,农田作物覆盖,VOCS,0,,附录A 表A.1,34
A1-49-PM25,农田作物覆盖,PM25,75,,附录A 表A.1,34
A1-49-PM25_10,农田作物覆盖,PM25_10,95,,附录A 表A.1,34
A1-49-BC,农田作物覆盖,BC,0,,附录A 表A.1,34
A1-49-OC,农田作物覆盖,OC,0,,附录A 表A.1,34
A1-50-SO2,农田地面覆盖,SO2,0,,附录A 表A.1,34
A1-50-NOX,农田地面覆盖,NOX,0,,附录A 表A.1,34
A1-50-VOCS,农田地面覆盖,VOCS,0,,附录A 表A.1,34
A1-50-PM25,农田地面覆盖,PM25,25,,附录A 表A.1,34
A1-50-PM25_10,农田地面覆盖,PM25_10,45,,附录A 表A.1,34
A1-50-BC,农田地面覆盖,BC,0,,附录A 表A.1,34
A1-50-OC,农田地面覆盖,OC,0,,附录A 表A.1,34
A1-51-SO2,农田建设防风林,SO2,0,,附录A 表A.1,35
A1-51-NOX,农田建设防风林,NOX,0,,附录A 表A.1,35
A1-51-VOCS,农田建设防风林,VOCS,0,,附录A 表A.1,35
A1-51-PM25,农田建设防风林,PM25,21,,附录A 表A.1,35
A1-51-PM25_10,农田建设防风林,PM25_10,41,,附录A 表A.1,35
A1-51-BC,农田建设防风林,BC,0,,附录A 表A.1,35
A1-51-OC,农田建设防风林,OC,0,,附录A 表A.1,35
A1-52-SO2,铺装道路每天洒水2次,SO2,0,,附录A 表A.1,35
A1-52-NOX,铺装道路每天洒水2次,NOX,0,,附录A 表A.1,35
A1-52-VOCS,铺装道路每天洒水2次,VOCS,0,,附录A 表A.1,35
A1-52-PM25,铺装道路每天洒水2次,PM25,46,,附录A 表A.1,35
A1-52-PM25_10,铺装道路每天洒水2次,PM25_10,58,,附录A 表A.1,35
A1-52-BC,铺装道路每天洒水2次,BC,0,,附录A 表A.1,35
A1-52-OC,铺装道路每天洒水2次,OC,0,,附录A 表A.1,35
A1-53-SO2,铺装道路喷洒抑尘剂,SO2,0,,附录A 表A.1,35
A1-53-NOX,铺装道路喷洒抑尘剂,NOX,0,,附录A 表A.1,35
A1-53-VOCS,铺装道路喷洒抑尘剂,VOCS,0,,附录A 表A.1,35
A1-53-PM25,铺装道路喷洒抑尘剂,PM25,30,,附录A 表A.1,35
A1-53-PM25_10,铺装道路喷洒抑尘剂,PM25_10,43,,附录A 表A.1,35
A1-53-BC,铺装道路喷洒抑尘剂,BC,0,,附录A 表A.1,35
A1-53-OC,铺装道路喷洒抑尘剂,OC,0,,附录A 表A.1,35
A1-54-SO2,铺装道路普通吸尘清扫,SO2,0,,附录A 表A.1,35
A1-54-NOX,铺装道路普通吸尘清扫,NOX,0,,附录A 表A.1,35
A1-54-VOCS,铺装道路普通吸尘清扫,VOCS,0,,附录A 表A.1,35
A1-54-PM25,铺装道路普通吸尘清扫,PM25,9,,附录A 表A.1,35
A1-54-PM25_10,铺装道路普通吸尘清扫,PM25_10,12,,附录A 表A.1,35
A1-54-BC,铺装道路普通吸尘清扫,BC,0,,附录A 表A.1,35
A1-54-OC,铺装道路普通吸尘清扫,OC,0,,附录A 表A.1,35
A1-55-SO2,铺装道路真空吸尘清扫,SO2,0,,附录A 表A.1,35
A1-55-NOX,铺装道路真空吸尘清扫,NOX,0,,附录A 表A.1,35
A1-55-VOCS,铺装道路真空吸尘清扫,VOCS,0,,附录A 表A.1,35
A1-55-PM25,铺装道路真空吸尘清扫,PM25,22,,附录A 表A.1,35
A1-55-PM25_10,铺装道路真空吸尘清扫,PM25_10,27,,附录A 表A.1,35
A1-55-BC,铺装道路真空吸尘清扫,BC,0,,附录A 表A.1,35
A1-55-OC,铺装道路真空吸尘清扫,OC,0,,附录A 表A.1,35
A1-56-SO2,未铺装道路限制车速,SO2,0,,附录A 表A.1,35
A1-56-NOX,未铺装道路限制车速,NOX,0,,附录A 表A.1,35
A1-56-VOCS,未铺装道路限制车速,VOCS,0,,附录A 表A.1,35
A1-56-PM25,未铺装道路限制车速,PM25,37,,附录A 表A.1,35
A1-56-PM25_10,未铺装道路限制车速,PM25_10,45,,附录A 表A.1,35
A1-56-BC,未铺装道路限制车速,BC,0,,附录A 表A.1,35
A1-56-OC,未铺装道路限制车速,OC,0,,附录A 表A.1,35
A1-57-SO2,未铺装道路每天洒水2次,SO2,0,,附录A 表A.1,35
A1-57-NOX,未铺装道路每天洒水2次,NOX,0,,附录A 表A.1,35
A1-57-VOCS,未铺装道路每天洒水2次,VOCS,0,,附录A 表A.1,35
A1-57-PM25,未铺装道路每天洒水2次,PM25,46,,附录A 表A.1,35
A1-57-PM25_10,未铺装道路每天洒水2次,PM25_10,56,,附录A 表A.1,35
A1-57-BC,未铺装道路每天洒水2次,BC,0,,附录A 表A.1,35
A1-57-OC,未铺装道路每天洒水2次,OC,0,,附录A 表A.1,35
A1-58-SO2,未铺装道路使用化学抑尘剂,SO2,0,,附录A 表A.1,35
A1-58-NOX,未铺装道路使用化学抑尘剂,NOX,0,,附录A 表A.1,35
A1-58-VOCS,未铺装道路使用化学抑尘剂,VOCS,0,,附录A 表A.1,35
A1-58-PM25,未铺装道路使用化学抑尘剂,PM25,70,,附录A 表A.1,35
A1-58-PM25_10,未铺装道路使用化学抑尘剂,PM25_10,86,,附录A 表A.1,35
A1-58-BC,未铺装道路使用化学抑尘剂,BC,0,,附录A 表A.1,35
A1-58-OC,未铺装道路使用化学抑尘剂,OC,0,,附录A 表A.1,35
A1-59-SO2,施工场地路面铺装及洒水,SO2,0,,附录A 表A.1,35
A1-59-NOX,施工场地路面铺装及洒水,NOX,0,,附录A 表A.1,35
A1-59-VOCS,施工场地路面铺装及洒水,VOCS,0,,附录A 表A.1,35
A1-59-PM25,施工场地路面铺装及洒水,PM25,67,,附录A 表A.1,35
A1-59-PM25_10,施工场地路面铺装及洒水,PM25_10,83,,附录A 表A.1,35
A1-59-BC,施工场地路面铺装及洒水,BC,0,,附录A 表A.1,35
A1-59-OC,施工场地路面铺装及洒水,OC,0,,附录A 表A.1,35
A1-60-SO2,施工场地安装尼龙塑胶防尘网(网径0.5mm，网距3mm),SO2,0,,附录A 表A.1,35
A1-60-NOX,施工场地安装尼龙塑胶防尘网(网径0.5mm，网距3mm),NOX,0,,附录A 表A.1,35
A1-60-VOCS,施工场地安装尼龙塑胶防尘网(网径0.5mm，网距3mm),VOCS,0,,附录A 表A.1,35
A1-60-PM25,施工场地安装尼龙塑胶防尘网(网径0.5mm，网距3mm),PM25,17,,附录A 表A.1,35
A1-60-PM25_10,施工场地安装尼龙塑胶防尘网(网径0.5mm，网距3mm),PM25_10,21,,附录A 表A.1,35
A1-60-BC,施工场地安装尼龙塑胶防尘网(网径0.5mm，网距3mm),BC,0,,附录A 表A.1,35
A1-60-OC,施工场地安装尼龙塑胶防尘网(网径0.5mm，网距3mm),OC,0,,附录A 表A.1,35
A1-61-SO2,施工场地安装尼龙塑胶防尘网(网径1mm，网距5mm),SO2,0,,附录A 表A.1,35
A1-61-NOX,施工场地安装尼龙塑胶防尘网(网径1mm，网距5mm),NOX,0,,附录A 表A.1,35
A1-61-VOCS,施工场地安装尼龙塑胶防尘网(网径1mm，网距5mm),VOCS,0,,附录A 表A.1,35
A1-61-PM25,施工场地安装尼龙塑胶防尘网(网径1mm，网距5mm),PM25,8,,附录A 表A.1,35
A1-61-PM25_10,施工场地安装尼龙塑胶防尘网(网径1mm，网距5mm),PM25_10,11,,附录A 表A.1,35
A1-61-BC,施工场地安装尼龙塑胶防尘网(网径1mm，网距5mm),BC,0,,附录A 表A.1,35
A1-61-OC,施工场地安装尼龙塑胶防尘网(网径1mm，网距5mm),OC,0,,附录A 表A.1,35
A1-62-SO2,施工场地覆盖高强度纤维织布,SO2,0,,附录A 表A.1,35
A1-62-NOX,施工场地覆盖高强度纤维织布,NOX,0,,附录A 表A.1,35
A1-62-VOCS,施工场地覆盖高强度纤维织布,VOCS,0,,附录A 表A.1,35
A1-62-PM25,施工场地覆盖高强度纤维织布,PM25,22,,附录A 表A.1,35
A1-62-PM25_10,施工场地覆盖高强度纤维织布,PM25_10,28,,附录A 表A.1,35
A1-62-BC,施工场地覆盖高强度纤维织布,BC,0,,附录A 表A.1,35
A1-62-OC,施工场地覆盖高强度纤维织布,OC,0,,附录A 表A.1,35
A1-63-SO2,施工场地覆盖尼龙塑胶网防尘布(网径1mm，网距5mm),SO2,0,,附录A 表A.1,35
A1-63-NOX,施工场地覆盖尼龙塑胶网防尘布(网径1mm，网距5mm),NOX,0,,附录A 表A.1,35
A1-63-VOCS,施工场地覆盖尼龙塑胶网防尘布(网径1mm，网距5mm),VOCS,0,,附录A 表A.1,35
A1-63-PM25,施工场地覆盖尼龙塑胶网防尘布(网径1mm，网距5mm),PM25,14,,附录A 表A.1,35
A1-63-PM25_10,施工场地覆盖尼龙塑胶网防尘布(网径1mm，网距5mm),PM25_10,18,,附录A 表A.1,35
A1-63-BC,施工场地覆盖尼龙塑胶网防尘布(网径1mm，网距5mm),BC,0,,附录A 表A.1,35
A1-63-OC,施工场地覆盖尼龙塑胶网防尘布(网径1mm，网距5mm),OC,0,,附录A 表A.1,35
A1-64-SO2,施工场地使用化学抑尘剂,SO2,0,,附录A 表A.1,35
A1-64-NOX,施工场地使用化学抑尘剂,NOX,0,,附录A 表A.1,35
A1-64-VOCS,施工场地使用化学抑尘剂,VOCS,0,,附录A 表A.1,35
A1-64-PM25,施工场地使用化学抑尘剂,PM25,71,,附录A 表A.1,35
A1-64-PM25_10,施工场地使用化学抑尘剂,PM25_10,87,,附录A 表A.1,35
A1-64-BC,施工场地使用化学抑尘剂,BC,0,,附录A 表A.1,35
A1-64-OC,施工场地使用化学抑尘剂,OC,0,,附录A 表A.1,35
A1-65-SO2,施工场地安装2.4m硬质围挡,SO2,0,,附录A 表A.1,35
A1-65-NOX,施工场地安装2.4m硬质围挡,NOX,0,,附录A 表A.1,35
A1-65-VOCS,施工场地安装2.4m硬质围挡,VOCS,0,,附录A 表A.1,35
A1-65-PM25,施工场地安装2.4m硬质围挡,PM25,13,,附录A 表A.1,35
A1-65-PM25_10,施工场地安装2.4m硬质围挡,PM25_10,16,,附录A 表A.1,35
A1-65-BC,施工场地安装2.4m硬质围挡,BC,0,,附录A 表A.1,35
A1-65-OC,施工场地安装2.4m硬质围挡,OC,0,,附录A 表A.1,35
A1-66-SO2,施工场地安装1.8m硬质围挡,SO2,0,,附录A 表A.1,35
A1-66-NOX,施工场地安装1.8m硬质围挡,NOX,0,,附录A 表A.1,35
A1-66-VOCS,施工场地安装1.8m硬质围挡,VOCS,0,,附录A 表A.1,35
A1-66-PM25,施工场地安装1.8m硬质围挡,PM25,8,,附录A 表A.1,35
A1-66-PM25_10,施工场地安装1.8m硬质围挡,PM25_10,11,,附录A 表A.1,35
A1-66-BC,施工场地安装1.8m硬质围挡,BC,0,,附录A 表A.1,35
A1-66-OC,施工场地安装1.8m硬质围挡,OC,0,,附录A 表A.1,35
A1-67-SO2,堆场输送点位连续洒水,SO2,0,,附录A 表A.1,35
A1-67-NOX,堆场输送点位连续洒水,NOX,0,,附录A 表A.1,35
A1-67-VOCS,堆场输送点位连续洒水,VOCS,0,,附录A 表A.1,35
A1-67-PM25,堆场输送点位连续洒水,PM25,52,,附录A 表A.1,35
A1-67-PM25_10,堆场输送点位连续洒水,PM25_10,64,,附录A 表A.1,35
A1-67-BC,堆场输送点位连续洒水,BC,0,,附录A 表A.1,35
A1-67-OC,堆场输送点位连续洒水,OC,0,,附录A 表A.1,35
A1-68-SO2,建筑料堆三边用孔隙率50%的围挡遮围,SO2,0,,附录A 表A.1,35
A1-68-NOX,建筑料堆三边用孔隙率50%的围挡遮围,NOX,0,,附录A 表A.1,35
A1-68-VOCS,建筑料堆三边用孔隙率50%的围挡遮围,VOCS,0,,附录A 表A.1,35
A1-68-PM25,建筑料堆三边用孔隙率50%的围挡遮围,PM25,63,,附录A 表A.1,35
A1-68-PM25_10,建筑料堆三边用孔隙率50%的围挡遮围,PM25_10,77,,附录A 表A.1,35
A1-68-BC,建筑料堆三边用孔隙率50%的围挡遮围,BC,0,,附录A 表A.1,35
A1-68-OC,建筑料堆三边用孔隙率50%的围挡遮围,OC,0,,附录A 表A.1,35
A1-69-SO2,矿料堆定期洒水,SO2,0,,附录A 表A.1,35
A1-69-NOX,矿料堆定期洒水,NOX,0,,附录A 表A.1,35
A1-69-VOCS,矿料堆定期洒水,VOCS,0,,附录A 表A.1,35
A1-69-PM25,矿料堆定期洒水,PM25,40,,附录A 表A.1,35
A1-69-PM25_10,矿料堆定期洒水,PM25_10,53,,附录A 表A.1,35
A1-69-BC,矿料堆定期洒水,BC,0,,附录A 表A.1,35
A1-69-OC,矿料堆定期洒水,OC,0,,附录A 表A.1,35
A1-70-SO2,矿料堆使用化学覆盖剂,SO2,0,,附录A 表A.1,35
A1-70-NOX,矿料堆使用化学覆盖剂,NOX,0,,附录A 表A.1,35
A1-70-VOCS,矿料堆使用化学覆盖剂,VOCS,0,,附录A 表A.1,35
A1-70-PM25,矿料堆使用化学覆盖剂,PM25,71,,附录A 表A.1,35
A1-70-PM25_10,矿料堆使用化学覆盖剂,PM25_10,96,,附录A 表A.1,35
A1-70-BC,矿料堆使用化学覆盖剂,BC,0,,附录A 表A.1,35
A1-70-OC,矿料堆使用化学覆盖剂,OC,0,,附录A 表A.1,35
A1-71-SO2,煤堆定期洒水,SO2,0,,附录A 表A.1,35
A1-71-NOX,煤堆定期洒水,NOX,0,,附录A 表A.1,35
A1-71-VOCS,煤堆定期洒水,VOCS,0,,附录A 表A.1,35
A1-71-PM25,煤堆定期洒水,PM25,49,,附录A 表A.1,35
A1-71-PM25_10,煤堆定期洒水,PM25_10,66,,附录A 表A.1,35
A1-71-BC,煤堆定期洒水,BC,0,,附录A 表A.1,35
A1-71-OC,煤堆定期洒水,OC,0,,附录A 表A.1,35
A1-72-SO2,煤堆使用化学覆盖剂,SO2,0,,附录A 表A.1,35
A1-72-NOX,煤堆使用化学覆盖剂,NOX,0,,附录A 表A.1,35
A1-72-VOCS,煤堆使用化学覆盖剂,VOCS,0,,附录A 表A.1,35
A1-72-PM25,煤堆使用化学覆盖剂,PM25,71,,附录A 表A.1,35
A1-72-PM25_10,煤堆使用化学覆盖剂,PM25_10,94,,附录A 表A.1,35
A1-72-BC,煤堆使用化学覆盖剂,BC,0,,附录A 表A.1,35
A1-72-OC,煤堆使用化学覆盖剂,OC,0,,附录A 表A.1,35
A1-73-SO2,建筑料堆使用编织布覆盖,SO2,0,,附录A 表A.1,35
A1-73-NOX,建筑料堆使用编织布覆盖,NOX,0,,附录A 表A.1,35
A1-73-VOCS,建筑料堆使用编织布覆盖,VOCS,0,,附录A 表A.1,35
A1-73-PM25,建筑料堆使用编织布覆盖,PM25,64,,附录A 表A.1,35
A1-73-PM25_10,建筑料堆使用编织布覆盖,PM25_10,84,,附录A 表A.1,35
A1-73-BC,建筑料堆使用编织布覆盖,BC,0,,附录A 表A.1,35
A1-73-OC,建筑料堆使用编织布覆盖,OC,0,,附录A 表A.1,35
A1-74-SO2,无控制技术,SO2,0,,附录A 表A.1,35
A1-74-NOX,无控制技术,NOX,0,,附录A 表A.1,35
A1-74-VOCS,无控制技术,VOCS,0,,附录A 表A.1,35
A1-74-PM25,无控制技术,PM25,0,,附录A 表A.1,35
A1-74-PM25_10,无控制技术,PM25_10,0,,附录A 表A.1,35
A1-74-BC,无控制技术,BC,0,,附录A 表A.1,35
A1-74-OC,无控制技术,OC,0,,附录A 表A.1,35
