sequence,experiment,run_id,method,target,input_variant,scale_percent,repetition,runner,run_directory,experiment_seal_sha256,run_manifest_sha256,execution_metrics_sha256,session_id
1,A,A-IND-FULL-R1,full,INDUSTRIAL,B0,100,1,full_agent,实验结果/02_实验A_端到端清单编制/01_工业锅炉/01_Full完整方法/R1,54fdc1618247a79745dc2aa3e427b8ac7af0fe3c99f57be8f3e28b9cddb0bac1,2d87b88285f30275d5d524a9adef90d52cb7d7624e2af95512230a57f059b303,c5f05a6a045750ac7e3e51f8cacc94dd61bc85d5a6986c605fd03b20b9d682e9,20260821_054820_cffeb0
2,A,A-IND-GEN-R1,generic_tool_agent,INDUSTRIAL,B0,100,1,generic_agent,实验结果/02_实验A_端到端清单编制/01_工业锅炉/03_通用工具调用型Agent/R1,2d23e6b5771d60756964bbb4e7055ed47516a66a11797933bcacaba2a6b1df8d,00735cf0c158a8134bbb620300f56217eb669488573c9398b512b5408c1e491b,b474e2430f984ba2b3e074a4eac8243af88f26e0615f15034f96dd30c5470b9f,20260821_055003_ade3bd
3,A,A-IND-DET-R1,deterministic_program,INDUSTRIAL,B0,100,1,deterministic,实验结果/02_实验A_端到端清单编制/01_工业锅炉/02_确定性程序/R1,2075d5508756ae7cd2d4692dfcf8fac6d0154e7ddd502c30c3776ecf72b62cc3,4c4d63d2a8ad9a15c6c0253e5967c030664e1f945e24e725d88a53e234abaa88,16ab3c4f7402dd3aef3ba73cc0cd66f44fc6ba97c6afa83713492607f0380375,
4,A,A-POW-FULL-R1,full,POWER,B0,100,1,full_agent,实验结果/02_实验A_端到端清单编制/02_火电热力/01_Full完整方法/R1,09a4c759c8e9d50b05feb4afc378eef8093a5a2554088d090ec8e969f6f09cd7,4ef9ca132b4a95e99d4f5503ac831e7a36f2b3e1436fe0f9d5086109d165bc2b,cf55e48b1bec093d1b6c00c6ef0c3cd1238bc7546a1f953ee982c4e7396af7df,20260821_061518_ee80e8
5,A,A-POW-GEN-R1,generic_tool_agent,POWER,B0,100,1,generic_agent,实验结果/02_实验A_端到端清单编制/02_火电热力/03_通用工具调用型Agent/R1,f1b7d02588c27cc2bb1bbedef1ca1b7f1f6a3ae22265b70d00b4b18ba3fd77f4,a34d8e0e56b238ac6810ca64cf00e6194f6d3edc21d3b19900f47f9e2472b9b2,0d1d61ca48bf92b29a722b828f475001ddd4f058299749413e3e71c58c8c69ca,20260821_061640_618331
6,A,A-POW-DET-R1,deterministic_program,POWER,B0,100,1,deterministic,实验结果/02_实验A_端到端清单编制/02_火电热力/02_确定性程序/R1,3246ed416c9e3c5f136014158dc58009f8c5376dcdc2f40533a2393eaf626830,2539c19301d8c0cfdceeb8f76dd4af02ece97dfdd20229302768a8cc959924c5,24f3882098ee5a5bab565e796bdf457c7cd9ec7995f563e7bb45c0dc391a42e4,
7,A,A-IND-FULL-R2,full,INDUSTRIAL,B0,100,2,full_agent,实验结果/02_实验A_端到端清单编制/01_工业锅炉/01_Full完整方法/R2,20632633906d1b56dbe36b6be65a7f0fe5cf86ef489c7a5db042261f2493f575,8f32b5bd13c716ad16fa59c49af9bb3a2a92559d742588fbba916bb56af2325f,c7d3767df20a60318cceb3de837764e34efa8e5cf47b29fe3d48337ee0aff22c,20260821_063858_8d80b4
8,A,A-IND-DET-R2,deterministic_program,INDUSTRIAL,B0,100,2,deterministic,实验结果/02_实验A_端到端清单编制/01_工业锅炉/02_确定性程序/R2,527dba2bcab45c7cafc0d97e9018d4c4afdaf7ccac6455c762d15837d4ac34db,555e27d326977b6fb0ba935171b4b8385f56ca26bdd432073f462594f57b2eb3,5ca6d6a11e32c6b820e3ec850ea554222cc00c44457a21581acce110a7668da6,
9,A,A-IND-GEN-R2,generic_tool_agent,INDUSTRIAL,B0,100,2,generic_agent,实验结果/02_实验A_端到端清单编制/01_工业锅炉/03_通用工具调用型Agent/R2,193ba147b09ead05b52fc522cbfaeae2ba9833afa4a530867c30a6c8a348fd65,2ae2e9ce4699efae9ee3379b0003a00f7582fd6bf0d5c60e43d949ddff0a2d56,9abb2ee452511a59fc587efc1b81f5c5a35fd4f8e9d8821e7d99e0c69d835834,20260821_064037_5756ba
10,A,A-POW-DET-R2,deterministic_program,POWER,B0,100,2,deterministic,实验结果/02_实验A_端到端清单编制/02_火电热力/02_确定性程序/R2,6ad8fa1e921a77260602ddd5b9701a33792f1985178dd6588a6ec83712e9825d,5dc21357ed01fe2a4f2ef24196ca0472a7bc1d49280c3ae3ede15e48c1581b13,6120bcba3b78e5978f1d550c284338fe5c687b6ca47bd7917f428543ad08c6b3,
11,A,A-POW-FULL-R2,full,POWER,B0,100,2,full_agent,实验结果/02_实验A_端到端清单编制/02_火电热力/01_Full完整方法/R2,d20f6c7a617a13c54906dbf50b1091c358522befb40e80bef95667caac269a69,fa622279be391cfd45efc2b0f89483413358b8a38fe254a3e6e07416059062d6,f05189df8d616bb84ed1e126035785e3cc8b8458d8de63f4a5445dee9ef4bd0d,20260821_070118_9db5b0
12,A,A-POW-GEN-R2,generic_tool_agent,POWER,B0,100,2,generic_agent,实验结果/02_实验A_端到端清单编制/02_火电热力/03_通用工具调用型Agent/R2,1ca5cc0a0a21396e5c79b08d3851f60d080a0dcc07d04dbcf51167efd8a1c263,3d57ec5d4d1ba8b6e7368b76441dde84878984a293c9c56fb1d540540f9b47df,bb2018a2c57194bed15cbb2320da303bb05b9307db40a71289be548dc4d604d9,20260821_070237_6575a4
13,A,A-IND-DET-R3,deterministic_program,INDUSTRIAL,B0,100,3,deterministic,实验结果/02_实验A_端到端清单编制/01_工业锅炉/02_确定性程序/R3,492adc9d9e0b30708c633f0ea831c15de37998f09952f9133881c6a2ac4f5e9c,b66ff1322738c01aa4aadf2a6a90b3f089da83d5791aee91ae7b7dea5b0e0417,8d0436cd7dacc95ba59ab183b744d63458704dd436eb031800c4dd297e03a636,
14,A,A-IND-FULL-R3,full,INDUSTRIAL,B0,100,3,full_agent,实验结果/02_实验A_端到端清单编制/01_工业锅炉/01_Full完整方法/R3,39a18200570bed72564394f2427538ab11a7ebc1e093bbf32d36c4636e446946,74c5a2b5cf9572716f4b8a8b89db66e98d4a63c4531b57b4b90421b9ac5730ba,a4a15499dcebb25eb28db70afecdf6ab49b6f49a7aefc209859d991edde1a2b5,20260821_072446_282e7e
15,A,A-IND-GEN-R3,generic_tool_agent,INDUSTRIAL,B0,100,3,generic_agent,实验结果/02_实验A_端到端清单编制/01_工业锅炉/03_通用工具调用型Agent/R3,c5b6b60fb49788b8e9c520302ca0317525f76b8e3d01b5ed688bb2c47bae3b5f,ace4632978da4546ad6d1e3eceaaeaef4da946bc87446db8e524f10c68174f66,2dc16331bf8078b71d206b7a306133138920c431065f8c2fa5fb105885e58ccc,20260821_072626_8a43a3
16,A,A-POW-GEN-R3,generic_tool_agent,POWER,B0,100,3,generic_agent,实验结果/02_实验A_端到端清单编制/02_火电热力/03_通用工具调用型Agent/R3,4497ec440d25129fafe69a7f1ace2e220c8b04df881c5ce7f2505f4057d5a2e0,120c5f7d411aca2fb34a7be1868fedef31219253bd7a3cbf05a4a85389cd988b,0090adfa125ef17fdb70283ad1eb2f18a17db34c8af341278f63cbae4b80d792,20260821_075232_86dfc0
17,A,A-POW-DET-R3,deterministic_program,POWER,B0,100,3,deterministic,实验结果/02_实验A_端到端清单编制/02_火电热力/02_确定性程序/R3,78e83fb9a3c0c785d6d9fbad502189cc2a389b65b5548b99c81cafdb8e49acb1,2beb1794b80be1e7868cf078b907b8218e3af662e3df9c7e5783e2d2c423c640,1c2f714fa4f1f7325e2a9375b3d2b17e5e3615da806610c36223ec875c2b1bea,
18,A,A-POW-FULL-R3,full,POWER,B0,100,3,full_agent,实验结果/02_实验A_端到端清单编制/02_火电热力/01_Full完整方法/R3,57e8b5326b2d44e56957ccaa88430c8822a91b6e6350d2f8d92ae9d98a494395,ac70ee21fe0ceb863ac6771563632d4416f6bbe9f3dab9fe165a7da7fd64f4f7,bc1e6b26061a43b96760f7eb176fa6c42b11a28cad3aa56c8f00512cdb19d395,20260821_080751_40b723
19,A,A-IND-HUM,expert_led,INDUSTRIAL,B0,100,,user_supplied,实验结果/02_实验A_端到端清单编制/01_工业锅炉/04_既有专家主导型/结果,3006b58a9dc123e589ff71160eb94ca30502c686726d1369447957abe44f12e1,b21d0c14fabff28469ec44038a23b0d16e45ad7a58c7a714b868e4d671c12081,e306e26da068184938414357e8820991384e61ee1b943e9a11a29e9124e0f6f0,
20,A,A-POW-HUM,expert_led,POWER,B0,100,,user_supplied,实验结果/02_实验A_端到端清单编制/02_火电热力/04_既有专家主导型/结果,b9917211a4384b081002c7c735adae87ece8e4e71d5e0b34d797555574c5f6fa,e54158d9cdda592971b2e14c75d245c3f5cc56a0c05ad6fc7f2ea179777e6891,01da1516a5354329c4c62fc737495393d5f04438c39daa0c2a3e49acf0f1f547,
21,B,B-B0-IND-GEN,generic_tool_agent,INDUSTRIAL,B0,100,1,generic_agent,实验结果/03_实验B_输入不变性与异常处置/01_B1整体输入扰动/00_B0原始输入/01_工业锅炉/03_通用工具调用型Agent/R1,a755eaae418c9b7fb0d87808dab530f0ec0342d6ff6de488d02f9242fb3d5b98,27a7d83fd381659b2ea1af0d7cc9cc8e85492446c2e0c16b9838367a0eafe0b4,c5428ff56bd6d4622627fcd14c5726580f3f5e721175fdb692869e0715312bad,20260821_080904_afc70a
22,B,B-B0-IND-FULL,full,INDUSTRIAL,B0,100,1,full_agent,实验结果/03_实验B_输入不变性与异常处置/01_B1整体输入扰动/00_B0原始输入/01_工业锅炉/01_Full完整方法/R1,4e631f67320161c5970c799f8744a1663627b914cd33bfaa13d2443be01a2502,9e6886e7532389c6cdbb5072e8d5f66e651ece25be05e5ac01f2b2a92038c992,ad1311958595d1d4fcacdd192f522bd3c55db05db9a9c5f6939ba62f3d0f1000,20260821_082935_148956
23,B,B-B0-IND-DET,deterministic_program,INDUSTRIAL,B0,100,1,deterministic,实验结果/03_实验B_输入不变性与异常处置/01_B1整体输入扰动/00_B0原始输入/01_工业锅炉/02_确定性程序/R1,6dd056edecaa602234812162da7aaaa33082781a4fd9891991c45ca72e7c4f08,dda943d9c9e57b6526f8f5e12a96cc5e2b3d5c4c98e4c9a7751318e33735a2d1,86f17b1f3576b3daefdb95a6d46b3658a95885a9923c48a86103be696afdcf59,
24,B,B-B0-IND-HUM,expert_led,INDUSTRIAL,B0,100,,user_supplied,实验结果/03_实验B_输入不变性与异常处置/01_B1整体输入扰动/00_B0原始输入/01_工业锅炉/04_既有专家主导型/结果,ffa556345a168cf12b6b475cf702121fb41f55385b0b4179943c61bf3b2b01bf,03151bead3757ef57ef6c3338b08fb08bdb0aee1cdced970cc9652a63988c8a2,d25c022a6552a1917c837a1f2c19923b6341b6874b84bd908f452a854bd59253,
25,B,B-B0-POW-DET,deterministic_program,POWER,B0,100,1,deterministic,实验结果/03_实验B_输入不变性与异常处置/01_B1整体输入扰动/00_B0原始输入/02_火电热力/02_确定性程序/R1,989bfaffea2d1cc9f14bc476c7df0acb982f3f13e8296881c9d11262e79d6a15,32eec7ea5254a7c9772378e81134cb6990f677189ceaa9321b74a65e6f67e49e,3a16b5c39f452b6fd2d4a291d6b70edb558bb9a23feda7876c2118ce3bd0f5cf,
26,B,B-B0-POW-FULL,full,POWER,B0,100,1,full_agent,实验结果/03_实验B_输入不变性与异常处置/01_B1整体输入扰动/00_B0原始输入/02_火电热力/01_Full完整方法/R1,32b35069715897222c0f966337021e4aa8814d10e018a00d1d494adee6f28814,7ff035793321aa08d1c7e2e2027004b6f00bdff664f1ed440c2f7c65fe7d2a7d,05edd4adcf644cef60fc5fa17093880702eec60d86170974242f15cbf750279c,20260821_083137_68428b
27,B,B-B0-POW-GEN,generic_tool_agent,POWER,B0,100,1,generic_agent,实验结果/03_实验B_输入不变性与异常处置/01_B1整体输入扰动/00_B0原始输入/02_火电热力/03_通用工具调用型Agent/R1,845e18b787ebc7b689bb8608a4c4d0f5842dab05aba5d099b16810ee22b46123,500f3c27c6f45b08877ca99f2c5afd5cc2e4f675e61a2ebb623e0b35b088f7b7,95d6cd07b5077c44defdc4a554d8405743638e94444aee87f2ff5f52aa323f54,20260821_083302_0d04d0
28,B,B-B0-POW-HUM,expert_led,POWER,B0,100,,user_supplied,实验结果/03_实验B_输入不变性与异常处置/01_B1整体输入扰动/00_B0原始输入/02_火电热力/04_既有专家主导型/结果,758605d614960670e6162e75ae9adb6c9e623c1b8c0171beeaf2e01526e58167,73f8c595da0f5929814887eab20b9633800be0d4b39b5aa1d5b0c12b91f113c6,68b54683d747f63f4dbe99a009712cef2c28d31013551019b247fd4a9fd1a7c9,
29,B,B-S1-IND-GEN,generic_tool_agent,INDUSTRIAL,S1,100,1,generic_agent,实验结果/03_实验B_输入不变性与异常处置/01_B1整体输入扰动/01_S1表头形式扰动/01_工业锅炉/03_通用工具调用型Agent/R1,6bbba696dfa12d2080cfdfdf0e2b5ec17ebb1be47769fdfd5d36ea082f0d9c77,a0eeab4ad90bdf9baa50baf27bdaa459798b2fbff5b509cd13b7ddc8cc7c601a,c83af16b416408d7d17b722bc775735c057b2eaa6a6ed2110bc463d1fe2c9bc5,20260821_085230_5d748c
30,B,B-S1-IND-FULL,full,INDUSTRIAL,S1,100,1,full_agent,实验结果/03_实验B_输入不变性与异常处置/01_B1整体输入扰动/01_S1表头形式扰动/01_工业锅炉/01_Full完整方法/R1,4b2eeec1fe5543dec43fe2a403b27556765e3130c7ae8b263c2d003bbf84f46f,22b494f80bba9d77a5db096c9c3e80a060fb0b9bb12227f70ce237d37be1e0d2,5a7a04ccf77d084897ed69a19b92efd1260c10d6a9f8f73cabce14271741e9f5,20260821_091402_5d69c8
31,B,B-S1-IND-DET,deterministic_program,INDUSTRIAL,S1,100,1,deterministic,实验结果/03_实验B_输入不变性与异常处置/01_B1整体输入扰动/01_S1表头形式扰动/01_工业锅炉/02_确定性程序/R1,3bba593f6d2bbe36cc45b83a6587e18e7dc28220e1b34d8cb91b882dc913263f,7990e646ffd8bc70557b0bac78f70147dea90f27d38c9befb6951299f2be8621,b970ffb8c0391d7639563a12f86e999821a1778392040c5e872a2c177fc76872,
32,B,B-S1-IND-HUM,expert_led,INDUSTRIAL,S1,100,,user_supplied,实验结果/03_实验B_输入不变性与异常处置/01_B1整体输入扰动/01_S1表头形式扰动/01_工业锅炉/04_既有专家主导型/结果,1b760761a1be4e331fb6a680ead675b6748c51d678b91e6fa1616857dbe2bb90,8435d0761bac12fe1ae5e7ff4d0f9701f343ec94f429c235b50f91148b33f698,41e298bdbe4ed116d06a87dfa7cac6aa87d0d991a64093401c1f08ec8aacefb0,
33,B,B-S1-POW-FULL,full,POWER,S1,100,1,full_agent,实验结果/03_实验B_输入不变性与异常处置/01_B1整体输入扰动/01_S1表头形式扰动/02_火电热力/01_Full完整方法/R1,aaa64a3ea9e232da70179420fa1b4ac1b554fa64fd494497548eccaeeaafb7d1,8d8a97a47afc26bd5e842e5c945b1935f4084bfe01873f14e5658a532347357a,8697169b0cf76080762dae05e9cb3f6db42a2be94fea0e9d292eeefb9ec7097e,20260821_091609_2058af
34,B,B-S1-POW-GEN,generic_tool_agent,POWER,S1,100,1,generic_agent,实验结果/03_实验B_输入不变性与异常处置/01_B1整体输入扰动/01_S1表头形式扰动/02_火电热力/03_通用工具调用型Agent/R1,5cd6921a4b234960b7a68ab2e9246385dc13dd4692311eee57be91ecae2697ee,1523e0044c1e39aef88b7400d8b7a5188e947c7abe06c5f90020212270c30554,ec5ad175d84265c217d8a637f5dd34701e64e8d20bbc2b524fddb8cb3e2a910a,20260821_091725_23a854
35,B,B-S1-POW-DET,deterministic_program,POWER,S1,100,1,deterministic,实验结果/03_实验B_输入不变性与异常处置/01_B1整体输入扰动/01_S1表头形式扰动/02_火电热力/02_确定性程序/R1,f6d7293268290f8b63250d0a6fbde96e16c74595393fced1ef85a1e99c5a1b9f,40cc984069efa2e99a8aa1a68ed393792275bec8256ee4e294cd588836778a4f,e9490f95bfe8445747e8658c3bd6f85d196513a26ce94e021fbbe66f17fad2a9,
36,B,B-S1-POW-HUM,expert_led,POWER,S1,100,,user_supplied,实验结果/03_实验B_输入不变性与异常处置/01_B1整体输入扰动/01_S1表头形式扰动/02_火电热力/04_既有专家主导型/结果,82ab3add503e55df00999c894cbe94cf407397edde52d3e5892df5c5f9455e90,b38dbb4a5f6fb62590b02c65493e601a669515d6924e8643e3af7fb370973330,0d715ab088a0f8590f359e146288ab779973f8740a071dc884ed11e1c33a6aa5,
37,B,B-S2-IND-GEN,generic_tool_agent,INDUSTRIAL,S2,100,1,generic_agent,实验结果/03_实验B_输入不变性与异常处置/01_B1整体输入扰动/02_S2等价别名扰动/01_工业锅炉/03_通用工具调用型Agent/R1,c45149bb755718b5901b9e39372c05af0fb4c7301338565a533c73013fb250da,3603c38bcd2562927426bd0e1ec6d7859b044931d43b9b9980aa8810deb9eaa5,acf48b6e159ad7561ec5962e8c206174ceb59b745eff467b6a7e7e7307ff41e3,20260821_094159_021d09
38,B,B-S2-IND-DET,deterministic_program,INDUSTRIAL,S2,100,1,deterministic,实验结果/03_实验B_输入不变性与异常处置/01_B1整体输入扰动/02_S2等价别名扰动/01_工业锅炉/02_确定性程序/R1,e89baa30e4d86a2c1330438d16eb54db9d21fa9ef5ea2b2665e206939c78fcda,8598b55d919cb7f9137106c48749cdd14d9f3f1b667a4f0bb581fcac9bb8f132,491e9e9f79226f4372df87ce6855cc68ac7cbfe16b2a5f90c576a9c742b03ca2,
39,B,B-S2-IND-FULL,full,INDUSTRIAL,S2,100,1,full_agent,实验结果/03_实验B_输入不变性与异常处置/01_B1整体输入扰动/02_S2等价别名扰动/01_工业锅炉/01_Full完整方法/R1,3a551e39b35546651c69b4e746791ae1a548f1a3d42ecc1fc7d30cf2101d9452,5ce11a75ae699a05d80c7a39256a6ab7bd098585a7708e3372df4dcfc48ee73e,5aca239b3121de1f66d84bedfd6184efa21abbb34848978c8059fd2a812298db,20260821_100630_bef5fb
40,B,B-S2-IND-HUM,expert_led,INDUSTRIAL,S2,100,,user_supplied,实验结果/03_实验B_输入不变性与异常处置/01_B1整体输入扰动/02_S2等价别名扰动/01_工业锅炉/04_既有专家主导型/结果,5978e2c6f53a76de05299c184ac5ed0b92bf543a068ec288f9f36d707fd9fe42,56a119fafbba0471898ec3bb77070bf94928d1c88ae55dd4222efe0638e69f09,ec802d81ca12f0948d49404dc8498878e664b73ec1884ca3f345c05a208bf9d3,
41,B,B-S2-POW-GEN,generic_tool_agent,POWER,S2,100,1,generic_agent,实验结果/03_实验B_输入不变性与异常处置/01_B1整体输入扰动/02_S2等价别名扰动/02_火电热力/03_通用工具调用型Agent/R1,cdb1a3c44cc7f09e88ce91c4b4ade463ab6c2f64171ea3484536c027f8975e1c,0754d84a1ef30da7e2f78948ba49a27a7202c6dbd85584f4373d070b933989c0,66b67926c2d17fb3db9c1994844eea2aa077b262086e51bfbd75775e0233c625,20260821_100819_312ebf
42,B,B-S2-POW-DET,deterministic_program,POWER,S2,100,1,deterministic,实验结果/03_实验B_输入不变性与异常处置/01_B1整体输入扰动/02_S2等价别名扰动/02_火电热力/02_确定性程序/R1,6ed67206afbe6b6ddeb977ef45abded2f577160b05123deccf529c93f04e7f1f,a52069a14a79ae8add96e76fc32873fdc63e49ddbc763425f8a7daaa2f488705,fe9e6a54bf273a5770033aa08a7e27b04fd156562ea17a8eb8d173c124d79019,
43,B,B-S2-POW-FULL,full,POWER,S2,100,1,full_agent,实验结果/03_实验B_输入不变性与异常处置/01_B1整体输入扰动/02_S2等价别名扰动/02_火电热力/01_Full完整方法/R1,2729393c39b3d61bba34d51c70780f414598edb779ee2f5ece06c9e1300e3443,00d6773bf0e96b15cc32306f9c7d8e860210a68fd862df5df642e8eee960be08,02f7ed7eec4003735e131ad543551010af306b449f93e0ba94c2c09e4cdaaa69,20260821_103058_854c92
44,B,B-S2-POW-HUM,expert_led,POWER,S2,100,,user_supplied,实验结果/03_实验B_输入不变性与异常处置/01_B1整体输入扰动/02_S2等价别名扰动/02_火电热力/04_既有专家主导型/结果,c3aa11418ed37edb9b279f23844ffe64374c8637d3cd9d41e00ea197b9994f85,e3eb307d84ad934e49f161279f67a8d0a79f91ec156c279899d997201865f341,52c37cfdcfb4e7c80b09c9906aad51b91c1e9ad29ccc6520d412c09087371ffc,
45,B,B-S3-IND-FULL,full,INDUSTRIAL,S3,100,1,full_agent,实验结果/03_实验B_输入不变性与异常处置/01_B1整体输入扰动/03_S3列与工作表顺序扰动/01_工业锅炉/01_Full完整方法/R1,21fe78ea065e117e77212951f82d1242f9cd16fdd26aeb9f9266d7894f80e75b,2999580743d50cc3d087a1fed1585e588d05817b8d10e49109883eb6646ec202,54ff3d748eb436078061e6d8e9ff97d08bf5c73a099cac9a7ad128ee4cb153f7,20260821_103210_9630fa
46,B,B-S3-IND-GEN,generic_tool_agent,INDUSTRIAL,S3,100,1,generic_agent,实验结果/03_实验B_输入不变性与异常处置/01_B1整体输入扰动/03_S3列与工作表顺序扰动/01_工业锅炉/03_通用工具调用型Agent/R1,a6f9dc1cb7119efdbe967491a01e787f35643916ccf51d55b123338723c11b99,bf5f9b80686e0d64a353371bb14cbe95312d0e6f09691909596cb6051c8be583,6ad9a29bfdd341afd0a9c4d7469a2b015a6dc5d9479687e01b75729b9ed5aa57,20260821_103413_6b3cfa
47,B,B-S3-IND-DET,deterministic_program,INDUSTRIAL,S3,100,1,deterministic,实验结果/03_实验B_输入不变性与异常处置/01_B1整体输入扰动/03_S3列与工作表顺序扰动/01_工业锅炉/02_确定性程序/R1,7a590c31d36e1485536bfef9ccb94aab2a5905b691f686a6e454286bf4cd1d52,fde4598cc170eafb5d4ae017450e4e0ad490d7ad1ad3e1b789bd5c6b1890cb3e,b0f1b4b8caf1c27ec7978345f3d22c496928c4163086997a0665eca786e36576,
48,B,B-S3-IND-HUM,expert_led,INDUSTRIAL,S3,100,,user_supplied,实验结果/03_实验B_输入不变性与异常处置/01_B1整体输入扰动/03_S3列与工作表顺序扰动/01_工业锅炉/04_既有专家主导型/结果,adf8aa7dd339c2042fdaf4f6abe1820420fd7dde9d086a135df5e8a0f59b16ed,0d5f070c3ce6d407c9d37407ce0d9352747943526cc85a53be96f281d483db34,29bf964f36108370e6fac65098c0a66c817e56ec787768aa90ae05d01acc8b16,
49,B,B-S3-POW-GEN,generic_tool_agent,POWER,S3,100,1,generic_agent,实验结果/03_实验B_输入不变性与异常处置/01_B1整体输入扰动/03_S3列与工作表顺序扰动/02_火电热力/03_通用工具调用型Agent/R1,f0689ce3658538ade30c18900100530d5e3c3e9792748eca164393ab4834c1c3,2ccd95dc8c314ee95ffacfe68441c46f6c0712846fc72c16cdd9f2b766e57c24,c90783d941ec1ba24bca21b8ca7b315119db7618ba8c46afb9227e1ebfacdd50,20260821_110133_2921e1
50,B,B-S3-POW-DET,deterministic_program,POWER,S3,100,1,deterministic,实验结果/03_实验B_输入不变性与异常处置/01_B1整体输入扰动/03_S3列与工作表顺序扰动/02_火电热力/02_确定性程序/R1,b60bf23ff8c2edc539434f615c02c1c45a403f3db0d0cc76885b071dbce26329,7f92045b394f152f8320cc522d300222decf9bd1af563e2c7e4aadf71990cf8a,49284a79abc3acdb25bf2bfecf31693f72172aba2c17be8b826093c6b740d102,
51,B,B-S3-POW-FULL,full,POWER,S3,100,1,full_agent,实验结果/03_实验B_输入不变性与异常处置/01_B1整体输入扰动/03_S3列与工作表顺序扰动/02_火电热力/01_Full完整方法/R1,2f99d31658e337c2ce3a77118f05a7f456ba807ed4a4473b520cc06455e0cd6d,60b441067a05cfbb9f7570ff5403ac0133834c26297621966cdbbe0b0c0fcf23,505a7e07050f7bf29ca3c3938bf6f887fb07ce535e4ec14bdfcd3af326e48d2f,20260821_112438_dbc429
52,B,B-S3-POW-HUM,expert_led,POWER,S3,100,,user_supplied,实验结果/03_实验B_输入不变性与异常处置/01_B1整体输入扰动/03_S3列与工作表顺序扰动/02_火电热力/04_既有专家主导型/结果,10e0df00bb7c86351d3fdeb2c0ce591f357dc6f93a71562b4cee544d6be37731,953e128562e506daf974c9c0ce16b9c021cb002cd986d9d42b41fb339ded2626,a41becd95c5d30dafd4d8d30bc26ae3c1add060d35d46c0045704a187a7eac45,
53,B,B-S4-IND-GEN,generic_tool_agent,INDUSTRIAL,S4,100,1,generic_agent,实验结果/03_实验B_输入不变性与异常处置/01_B1整体输入扰动/04_S4组合扰动/01_工业锅炉/03_通用工具调用型Agent/R1,85988d2caf6ca45f2572469e19a87b0c3e9df8a7bf1c3fef3d1344254c37fc0f,61dfd5bcea6a9c924576493a53fab4b6b7ca0ef7e676c962e5101bf527a7b745,5d49a1a69ddff52d783f5da446c9876c4d8d182893377a9dff40a5513d59742b,20260821_112554_2acb2f
54,B,B-S4-IND-FULL,full,INDUSTRIAL,S4,100,1,full_agent,实验结果/03_实验B_输入不变性与异常处置/01_B1整体输入扰动/04_S4组合扰动/01_工业锅炉/01_Full完整方法/R1,6a6f41ad3e5d96a56baef5dc532c4c567bbb99bc42e6f6163ddb0d967aebbc01,60aef223d953853958a7d00591377d9021ff2099571c8e9f9a6df23d51c131df,f1fb56cd4879ef8e7daa5c1c0d3fb511c62e4020b5185294c8aa77b8b37ec804,20260821_115151_86f907
55,B,B-S4-IND-DET,deterministic_program,INDUSTRIAL,S4,100,1,deterministic,实验结果/03_实验B_输入不变性与异常处置/01_B1整体输入扰动/04_S4组合扰动/01_工业锅炉/02_确定性程序/R1,c3109f5ab34e841098b635d60675302a4234d8c82ce040b9ee30908affb72862,eac67ab0af991d8954c7b168a7948da313904326ac5d013b197d4fcc35f2e355,cfc0acc8f368a8d00d14171d07c1757a23ce21dd94e95ac88eb82487c1b67cc1,
56,B,B-S4-IND-HUM,expert_led,INDUSTRIAL,S4,100,,user_supplied,实验结果/03_实验B_输入不变性与异常处置/01_B1整体输入扰动/04_S4组合扰动/01_工业锅炉/04_既有专家主导型/结果,ddd7276c4044a65d24cbd0326b533d8a583da48da4900d2cf7344d9ec880ceb0,37978790278166c16a7574763e0caf7d66c27a742d1ae486e8ea3af13a66cb11,507e80e55494bbc3804910a0346ea6e79328b611a234db3c477f2f0ae8a511de,
57,B,B-S4-POW-GEN,generic_tool_agent,POWER,S4,100,1,generic_agent,实验结果/03_实验B_输入不变性与异常处置/01_B1整体输入扰动/04_S4组合扰动/02_火电热力/03_通用工具调用型Agent/R1,0f7d435404a25e5c9e3163865ae5ed495aaa9519491b1af5b7f4d4f280cc0552,cdac9bfc4ba64f66698fd932a09cec7d1b6af62eb153d22dc91df5d67484ee70,8edfb17c14bf475592ab7cbfa33394ef656190c88e37bb2e08f17c9c26e7397c,20260821_115323_71313e
58,B,B-S4-POW-DET,deterministic_program,POWER,S4,100,1,deterministic,实验结果/03_实验B_输入不变性与异常处置/01_B1整体输入扰动/04_S4组合扰动/02_火电热力/02_确定性程序/R1,76a295051e3fbec2a5bd126852a901dedc4c095da4df90531cd269d7251446d7,d6c7dabfc579abb53d8e4d4485d1b48bfaa9a4a65f5951abad4cec9c5fe18739,9eb5d14a17e06f93a63b06b412f04a5124cc73109f551a4dc709056fa73a70af,
59,B,B-S4-POW-FULL,full,POWER,S4,100,1,full_agent,实验结果/03_实验B_输入不变性与异常处置/01_B1整体输入扰动/04_S4组合扰动/02_火电热力/01_Full完整方法/R1,b65f8ca26ed61b756bb6ce56b4f69edb74c22841290c840dd68493a633c134ec,f169d37101bc7363fbb11498e289b28e491ecb7a5d93ecdb5d9781f431a73fec,e8e1d333ddacc5e8f2164cfeb02cf55f5d312c7223818c3ac9874426f3c98b44,20260821_121907_a2efc0
60,B,B-S4-POW-HUM,expert_led,POWER,S4,100,,user_supplied,实验结果/03_实验B_输入不变性与异常处置/01_B1整体输入扰动/04_S4组合扰动/02_火电热力/04_既有专家主导型/结果,586c9dca27e37706c9fead1ec951047bd52cc0248638d3e20929ce602f5d7a62,91985725bfd7c36611779c547cc122fbb0f8dad44ad946c44be4f1d428181cca,6798e23be55ec2fed1bdb405a96aed733d278a9efeed5894eb628706f8f8b4a9,
61,B,B-B2-IND-DET,deterministic_program,INDUSTRIAL,B2,100,1,deterministic,实验结果/03_实验B_输入不变性与异常处置/02_B2受控缺失与冲突注入/01_工业锅炉/02_确定性程序/R1,b581b7f2b1acbb4a8253e7499d997ca16e9c8d13e9fc99bcc336aa5191f55056,dc9557addacb0f163dc2eb0d8ef0f21f4b749b31c535d54e83a0e6fa10d41f0c,ec4b728306e2ac52523528ad274eaf5d83207170f34981a436d003b86af89cb5,
62,B,B-B2-IND-GEN,generic_tool_agent,INDUSTRIAL,B2,100,1,generic_agent,实验结果/03_实验B_输入不变性与异常处置/02_B2受控缺失与冲突注入/01_工业锅炉/03_通用工具调用型Agent/R1,50f96fef6d4ca233c5456692169452c6e25251893ce93d7529f58e777e1c0b76,c09a7c9a5bf51a969a74598d2663511298f32723eeab0e0510a40f4c41ea4b95,01f823767f346dc0094db1be6c79450997e48a58f539a46ca0100047fbd28f29,20260821_122032_90004b
63,B,B-B2-IND-FULL,full,INDUSTRIAL,B2,100,1,full_agent,实验结果/03_实验B_输入不变性与异常处置/02_B2受控缺失与冲突注入/01_工业锅炉/01_Full完整方法/R1,5088784c4beeee9de2baed8630a2aca1d999353b4dce7cd6c7151e5e8c12f731,7dfe34df63fbc714c38f72b355690db7a2499ff479f3297849cebe413d437c51,f71bc967f37b6c923c5cdcb7544fde6c594910ab4a9f1e6cde51d4ab1792227b,20260821_124033_966656
64,B,B-B2-IND-HUM,expert_led,INDUSTRIAL,B2,100,,user_supplied,实验结果/03_实验B_输入不变性与异常处置/02_B2受控缺失与冲突注入/01_工业锅炉/04_既有专家主导型/结果,e8b39e1544aed74cdffa537c2ca4886c20f4c4028945fb391d146e09bfd4e51d,7f44d10858bde157b08c0ee66032dd233e2552598e73e03a8595eee64c5b46a6,c9cdf8ee0816ff0c74704c0054c35549bfba3955de400802f90dcf83f9e10e54,
65,B,B-B2-POW-GEN,generic_tool_agent,POWER,B2,100,1,generic_agent,实验结果/03_实验B_输入不变性与异常处置/02_B2受控缺失与冲突注入/02_火电热力/03_通用工具调用型Agent/R1,5919316066f9069f61406846e87072b00280f62ad14918352ff5aaf955b144fe,5ae38979fba60e2b6fd1fb53ccd11517cda2bf52995acb44c17493d90f6708a0,06a1882c69d428a28b8c7a0e7268d9aa0cca35a98b9e5be0edf7d3a9f959fcf2,20260821_124204_66058b
66,B,B-B2-POW-FULL,full,POWER,B2,100,1,full_agent,实验结果/03_实验B_输入不变性与异常处置/02_B2受控缺失与冲突注入/02_火电热力/01_Full完整方法/R1,b39512291ce9fdbc8626ffee03aad58bc4c47228d87b5703481a846110530af5,d905df17bc7418337c6f9880395f3748b485bb9d2f18ff719d004c0c325b5bb4,5d85e0bc57fb05c473871288b7772919ad7ab8fbf0cc115f1292650265917ff3,20260821_125901_25eff8
67,B,B-B2-POW-DET,deterministic_program,POWER,B2,100,1,deterministic,实验结果/03_实验B_输入不变性与异常处置/02_B2受控缺失与冲突注入/02_火电热力/02_确定性程序/R1,5e8cd3e2a2b2e672348a48cae4af9683d53e1d9fde1b0d6d054b30cb9e20a24f,fa1d719b4d4dc22b56cea5d55d812ee6b904dd24db863e78623771eb0e18f0b9,0ed32f36042e475c671ab5a769e3ddab7dda3239d59827a2ebf276e131448fda,
68,B,B-B2-POW-HUM,expert_led,POWER,B2,100,,user_supplied,实验结果/03_实验B_输入不变性与异常处置/02_B2受控缺失与冲突注入/02_火电热力/04_既有专家主导型/结果,85552bbe326570010bc92c7f79335a0215cd52bdbd46e8f024a8b0edcc4551bd,cd76be476ac6999be2d9cb1a9d769cd13918c143fa964241da19ede042601b35,fcf19e86af325dc7d38a5ccbca65fd467594824aa473866ed2a1d006f0c012f8,
69,C,C-25-IND-GEN-R1,generic_tool_agent,INDUSTRIAL,B0,25,1,generic_agent,实验结果/04_实验C_规模与资源表现/025%规模/01_工业锅炉/03_通用工具调用型Agent/R1,a65ae4abb0ad2033db36322cff119961056687cc46d266d4a59e7d70f6a68a3b,dee5d9dc9fed0f72438efac67bc658ef19f5b949f8decbb238d47d20684d5496,e2b723910b6b076ed6ae7e6fe6ba8b82d0cbe22d95da2985f57939ace54f2d1a,20260821_130015_2250a9
70,C,C-25-IND-DET-R1,deterministic_program,INDUSTRIAL,B0,25,1,deterministic,实验结果/04_实验C_规模与资源表现/025%规模/01_工业锅炉/02_确定性程序/R1,0c550c74faaeb54780bc801ea6eeb11ebab7b5fd0ce6d8db9fcc34c1c1ebf3aa,240995e42746a01847c52ebcee2bb96f4f9ea0612f94b09c25c701e09c8f2867,fc60d0ac71f2d6564a52f1bf34e28c9665d8d968ff12c1f53b96f6e1aa3430ca,
71,C,C-25-IND-FULL-R1,full,INDUSTRIAL,B0,25,1,full_agent,实验结果/04_实验C_规模与资源表现/025%规模/01_工业锅炉/01_Full完整方法/R1,a7bac3461990199e79a35e46c5bf3361a81b02919fc9a4e14e7b36d587f58f82,ed76914fc642ad951f308425abe2426935a24e52f66bdde0372eb467ff71432e,ab98d0ea2b0f4a47d4045ced83985f21dfcc76968bdd5274db52f1fa17a2ddad,20260821_132238_df7663
72,C,C-25-POW-FULL-R1,full,POWER,B0,25,1,full_agent,实验结果/04_实验C_规模与资源表现/025%规模/02_火电热力/01_Full完整方法/R1,128db4e6995195ba6a9f7c98a1018fa5b96843f9af638977916e2fc96e8a8f2b,6ca96d1f8489416b1ad326bb93b4343c2cfb224412b1f971062e1f904796ada6,12724c11dd942c26cc3ff05a17a0da8d13117d49b2142d29cdc9c4026ac031a8,20260821_132336_c48e1a
73,C,C-25-POW-DET-R1,deterministic_program,POWER,B0,25,1,deterministic,实验结果/04_实验C_规模与资源表现/025%规模/02_火电热力/02_确定性程序/R1,ffa4153a6a02047217e5556c71c0c936db94a21a97613a5f3c86f6e0e29e7c0d,96db69975b6201c82e319c88150b033a557702c0299558fd715f624a2d755302,cfedb3660669d7deb732c2ad188289d96c0befea4c93e366dd0df02653d0d4cc,
74,C,C-25-POW-GEN-R1,generic_tool_agent,POWER,B0,25,1,generic_agent,实验结果/04_实验C_规模与资源表现/025%规模/02_火电热力/03_通用工具调用型Agent/R1,9d30024315dc3fa45ef9dc6067769fdf983dca0b32285ef77506487cd707c3c2,bed01af73c2720492b06b79a3bafc362e1615b9d3c727ff3a01836152ebe4a86,36c14c735b03c50679cab589fd9c13e28a285ebb12149055157422532e9718db,20260821_132438_a69b65
75,C,C-50-IND-GEN-R1,generic_tool_agent,INDUSTRIAL,B0,50,1,generic_agent,实验结果/04_实验C_规模与资源表现/050%规模/01_工业锅炉/03_通用工具调用型Agent/R1,7d796f3616e5c4d9d3523f8aae1f59e39d662dc48933ece77adaaee4d970f7e5,93fa3c0a0df9202762defc48876734a2ea7a194fc8b9561a7605171f12fab961,188bd8e55d75d591e72126e564b9a2aa3370a9dae19a01916ef7a0ba9240af86,20260821_134400_1af260
76,C,C-50-IND-DET-R1,deterministic_program,INDUSTRIAL,B0,50,1,deterministic,实验结果/04_实验C_规模与资源表现/050%规模/01_工业锅炉/02_确定性程序/R1,96566be1bbc41303e2873e03d43dcef160649b758fb2871db20197e4422818c7,25b99847c75e6d52d599d2c11ee9f0b3e64265c380e425183bc97c0274a7f869,0e34c11bda46654170a4d182a4327a49a5752935404e2b44b476e74e76bff1fc,
77,C,C-50-IND-FULL-R1,full,INDUSTRIAL,B0,50,1,full_agent,实验结果/04_实验C_规模与资源表现/050%规模/01_工业锅炉/01_Full完整方法/R1,458403bae6cca920f8ff0e92ca1a20d16178979f24b8867692d20867dbca7604,fce182e758518234c337676a3a41ce412dbc3534866b8f3442888f974d40c23f,d2db13007824f6618ece5c3601fccdd74cf5185c015acd8c8e112fb73da51bbd,20260821_140153_d301b1
78,C,C-50-POW-DET-R1,deterministic_program,POWER,B0,50,1,deterministic,实验结果/04_实验C_规模与资源表现/050%规模/02_火电热力/02_确定性程序/R1,1e953cd1d6bf4e507cdaf3137da49526abbbe6712fd4cd37d817303810307c52,2181b4a8ab04aa28ffcc9208892b508dcb0df2cb4a9504cbe597ea190010bb40,55fad48ccc619d2e22dc2ad15c52be8afcebda29e4fa07909e4c717b76ef3d01,
79,C,C-50-POW-FULL-R1,full,POWER,B0,50,1,full_agent,实验结果/04_实验C_规模与资源表现/050%规模/02_火电热力/01_Full完整方法/R1,c4df68803d4b5158b3ec3529b04f85971d2c5c9fe57861d62e9d936fcf47ee1f,81216ba40028776dd2b6d2aa87f522385a21d82e0987dc066d3587e586913d65,7a62227a0fe44449993f71e1f241b49dbbe45087f8b4c72a3969df4e8f1e5a6b,20260821_140258_431b64
80,C,C-50-POW-GEN-R1,generic_tool_agent,POWER,B0,50,1,generic_agent,实验结果/04_实验C_规模与资源表现/050%规模/02_火电热力/03_通用工具调用型Agent/R1,673999824fa94e9a0be4f557d40a07a85ccc8e6a2e8c7b5a7b067d987b6c4d1f,1b245d334a4145c7dfff791305b2e0ff948d96d418140273aab2575abcf54302,86ca23c7cd01c57c1541a6840972bc3b9862dfacc68ccdc32d79632453d0a41e,20260821_140356_9e2665
81,C,C-75-IND-DET-R1,deterministic_program,INDUSTRIAL,B0,75,1,deterministic,实验结果/04_实验C_规模与资源表现/075%规模/01_工业锅炉/02_确定性程序/R1,1db45c336e60cc59b1f79c98d069260bddf1fc6b6b834fe32b9487838820d847,611a583b78ac386ab5da95ed03157d9deb65fb3bf92843507acbea210fd0aa42,d6b3614594a2ee4d109da780f0311652d7597d7b88742ddb68b9bc02bf84bc38,
82,C,C-75-IND-FULL-R1,full,INDUSTRIAL,B0,75,1,full_agent,实验结果/04_实验C_规模与资源表现/075%规模/01_工业锅炉/01_Full完整方法/R1,c844da079b27a8198c440f8b72e314e14d1808fe7efcf016a51d3f4919718589,50f4bc11728ece06d7c6835f9db02e7c315d158d53fe893b8bc3237fcf462534,7e3fe7238f7fcb21d3e30c92d65acf7331252d3206cc92bed2c494ce8fac0d44,20260821_142320_ef52b8
83,C,C-75-IND-GEN-R1,generic_tool_agent,INDUSTRIAL,B0,75,1,generic_agent,实验结果/04_实验C_规模与资源表现/075%规模/01_工业锅炉/03_通用工具调用型Agent/R1,b078e94dce61200fd3cc2c4bb4dd3ecd2b44769a3a5ee00cb9e6f6f21eb67bd5,e05a5bed077b52212ce16d141ecc285026acbf633bceb18125bc56036215f583,c8c0c37a3a91e05bb45fb32843f8dec9c5130bbd08e7669b9ad885d8b7ba3480,20260821_142437_b6d3f2
84,C,C-75-POW-DET-R1,deterministic_program,POWER,B0,75,1,deterministic,实验结果/04_实验C_规模与资源表现/075%规模/02_火电热力/02_确定性程序/R1,a08f5723be0f11afe604281cac06859cafcaead396f79c53d23cbff13904daa7,fca7710df30121b958fb14048c7ef9490ee0c708f99b0362024cd05ca589aeed,f825d3e1ac9c120ecde293299df21091e8342679740fa7ea324c20f26054191a,
85,C,C-75-POW-FULL-R1,full,POWER,B0,75,1,full_agent,实验结果/04_实验C_规模与资源表现/075%规模/02_火电热力/01_Full完整方法/R1,f0831d7f4b34bef8d26f23507f9358fbced3e240434124056f1c4b772f105641,4972a98b34e9ba189ad85a4430798eb0f6e8a17961667888967f4752fb1522f0,764f9a26b1139a17ab4c95f0395142a60924144d9fc7b168558bae615f4b7ee1,20260821_144339_b4fec7
86,C,C-75-POW-GEN-R1,generic_tool_agent,POWER,B0,75,1,generic_agent,实验结果/04_实验C_规模与资源表现/075%规模/02_火电热力/03_通用工具调用型Agent/R1,1cb5e6209090ef85ac06df24731a4e7ffa74a99dc7c8e13ae241ded32d0e3ecd,6e512616069a452893b79be0c2ce9489449ca299abd6bfcf36c96e9899dc3993,f90b0e4870ca04dc291f84145e5315938bf6cdbac800ce9df698f7d9c27b1ba0,20260821_144442_f27f12
87,C,C-100-IND-GEN-R1,generic_tool_agent,INDUSTRIAL,B0,100,1,generic_agent,实验结果/04_实验C_规模与资源表现/100%规模/01_工业锅炉/03_通用工具调用型Agent/R1,6fd8aeb0725cd355ed88774f37d393012ac846ad7b9740789ec425c35dc38604,e8624ebef2b25f2343c088bef1f4897eb4560f2a938df661cf8302a69cb14441,ab31cbcab2442521d5cece8119b1d59ccf11a0fb45a4612e4d7184c2ca5404d5,20260821_150345_3e1804
88,C,C-100-IND-FULL-R1,full,INDUSTRIAL,B0,100,1,full_agent,实验结果/04_实验C_规模与资源表现/100%规模/01_工业锅炉/01_Full完整方法/R1,fd6de347991d515b54e249f8942562d41a8339ee14e76fa89cf5c0037aff6143,2e6f98a97c433ef0fbf512aeb993d039b7c499866654b94a618f2018920e3d55,700be232a1420edeb5633bea882a4878b1e12cbebd4b30af8385d54c268585e7,20260821_152247_c744b5
89,C,C-100-IND-DET-R1,deterministic_program,INDUSTRIAL,B0,100,1,deterministic,实验结果/04_实验C_规模与资源表现/100%规模/01_工业锅炉/02_确定性程序/R1,18160546de588233e961493010f7655f0158f09116f09be78c74a9efe9c0d872,e2e3263286625e2cd21d9c32b139960e4e62f063d98264b033eca47665b79bee,817163606d01976682d998f0c9e5a69346b1831d22bb82f2c7de218bcb017ad5,
90,C,C-100-POW-GEN-R1,generic_tool_agent,POWER,B0,100,1,generic_agent,实验结果/04_实验C_规模与资源表现/100%规模/02_火电热力/03_通用工具调用型Agent/R1,5827c188b8a98cdb98fc6edb26fc2ecd488a9c7a8afddb2abd842ebb351ed7bd,adc7c9d231fcdcecd2031c0a7115f4745831d1eb82e738318210e04931afe824,93c921bdae1e1d8adb852ecc45163f3e278464a3c22978b15f83e491301ac96d,20260821_152429_1f2084
91,C,C-100-POW-FULL-R1,full,POWER,B0,100,1,full_agent,实验结果/04_实验C_规模与资源表现/100%规模/02_火电热力/01_Full完整方法/R1,ae34ce8969878dd2e90bb8d054bfb5e9c3581303513635bcdc0b5f80e08e4c28,842d3585edb11633d060b8ec8ba3c879d863b40e66fe8f999217263499b18382,879500a37bd16cb068210b9a600daea13440631fb17a0cca0ff282a29bee7ff9,20260821_155042_477a75
92,C,C-100-POW-DET-R1,deterministic_program,POWER,B0,100,1,deterministic,实验结果/04_实验C_规模与资源表现/100%规模/02_火电热力/02_确定性程序/R1,cf1827c55e985e616c2b59e95d72fcaad244bef874c1d7355805bf78fdd52626,aba1c4a1107cac84b1d9acd8700b03ba8f7c2b6cbaa282bc609b870904fef3e7,c38ea9576863c511a57c567ef0c8dd3ff8cfcee812346967a60c6f32a07d8b91,
93,C,C-25-IND-FULL-R2,full,INDUSTRIAL,B0,25,2,full_agent,实验结果/04_实验C_规模与资源表现/025%规模/01_工业锅炉/01_Full完整方法/R2,d2043945fb50deaeed7b4b9dff53612f51fff6b15370f23dd116eec2f7ab2eb7,e6fd97e5fb802d444c707345c979fa02c93a8b93d541a24dc0d344866832946c,c87d2e4dc0c07a7b5dead243521a30031d087643e0323e42de0044c0c54e897d,20260821_155150_370f12
94,C,C-25-IND-GEN-R2,generic_tool_agent,INDUSTRIAL,B0,25,2,generic_agent,实验结果/04_实验C_规模与资源表现/025%规模/01_工业锅炉/03_通用工具调用型Agent/R2,a2bf579d7f1cc4e8a9c1dbc31506409cb5a50a55506b40036ca64b4327e62d4a,e51a21357815d3324d4459a79c9acd0642ff1a308616d4aac9786bf990b67e00,8c65826a98ac2e0fe4d1bf48d1380aa2287c63cf831b37e37167a1fe8fcdce4e,20260821_155250_e84c18
95,C,C-25-IND-DET-R2,deterministic_program,INDUSTRIAL,B0,25,2,deterministic,实验结果/04_实验C_规模与资源表现/025%规模/01_工业锅炉/02_确定性程序/R2,ccf1d862dbf2824540fbc77e43a7c794a134a96061772ec9773cab4f48c4cf84,892a9b1f9cb244e8aeb29878e8f98cf44493168f62ae503e1edab015a796bc68,858b754cbd9b2f58b5f277a57e388ec3c2affac1ffec43da2957934d71fbaa74,
96,C,C-25-POW-DET-R2,deterministic_program,POWER,B0,25,2,deterministic,实验结果/04_实验C_规模与资源表现/025%规模/02_火电热力/02_确定性程序/R2,1027c65136c6ba2309571220c3d594f502ad86113f0fc4b9ecca38a43ff0fcc9,95a3e0036500acc1da377f2b275c91fa0557e2fa1700982bcc0685fefde96b04,3dcac5c5c8b22fd3b0b4fa25769cfe58f87e9d7a6fa87de9f9b5254981afb096,
97,C,C-25-POW-FULL-R2,full,POWER,B0,25,2,full_agent,实验结果/04_实验C_规模与资源表现/025%规模/02_火电热力/01_Full完整方法/R2,70fbb65b9e61052bac1cd6a6c688e333791c12e4c14a9220f81e62ce12d50fc2,ec3a1bfb10ad5caeb3a38c98e506d535ef7d0c86eddad741060c7ac078d8e4da,83188034a4737bd876f632bc024a37c7679470964eb085f1f0e16cdc0e87bc14,20260821_160817_25f67a
98,C,C-25-POW-GEN-R2,generic_tool_agent,POWER,B0,25,2,generic_agent,实验结果/04_实验C_规模与资源表现/025%规模/02_火电热力/03_通用工具调用型Agent/R2,ab478cbf8ed2c0ea88cae3173363b46e0c6372212b2d798c049cff57fb517cf2,0166a6fe11fe3270b256a119351dd7454a51b2068dddd5153b362226343fb29b,5e6740a80b22f215fb213101b52b613110116f3b0b41a622eb5c4e3aa6c6fdb0,20260821_160916_f1ed3d
99,C,C-50-IND-DET-R2,deterministic_program,INDUSTRIAL,B0,50,2,deterministic,实验结果/04_实验C_规模与资源表现/050%规模/01_工业锅炉/02_确定性程序/R2,456e29700e4ccc52dd3e62672238836009218a051eda13f76e03e3bd827156b8,493bbd44d200c27077f9c4b353312caf363a4730c45e290efef93b3b500fc1e9,09fce64cebe4d5c352f3def5cf1ef0253221661ca4c4609a013bcdbf1b7685cd,
100,C,C-50-IND-FULL-R2,full,INDUSTRIAL,B0,50,2,full_agent,实验结果/04_实验C_规模与资源表现/050%规模/01_工业锅炉/01_Full完整方法/R2,e0c6719923577208eef4cf70679669ad9a8f6964135958fe1b045abba24b7166,50cac60f5c72d44e5e53493454f0bed040ed04942e6fe6684dbf1a07e41c562b,399ec90c6747431273913d291494c12a43c67f60c6389c67984191f7b06252e8,20260821_162458_848bd3
101,C,C-50-IND-GEN-R2,generic_tool_agent,INDUSTRIAL,B0,50,2,generic_agent,实验结果/04_实验C_规模与资源表现/050%规模/01_工业锅炉/03_通用工具调用型Agent/R2,2dec10cfde4bbbb4eb952ccc3071243654e1827d00f9227ea8ec50e7e8fbdde0,7fb8011a7741aa8a8803f182fd7e258dc4e7675fefd17e2b31c4d7b97e462d3a,6046dd657cee62dd878e31c37242b826874f673309656e0fce330abe5efcb930,20260821_162614_556293
102,C,C-50-POW-FULL-R2,full,POWER,B0,50,2,full_agent,实验结果/04_实验C_规模与资源表现/050%规模/02_火电热力/01_Full完整方法/R2,2c17093f42ed3544f5e9c9911e70ea8b3b7ca78336d4c41df661e069fa9d5203,a57d995c7d260c4d926a5674d92e0c1db43420e95a60962ec82bec988f3eba03,f25bd61edd3978f38941e1ffc7977c7a635ea73f17c87d0a7d357201163191c8,20260821_164601_dfeed4
103,C,C-50-POW-DET-R2,deterministic_program,POWER,B0,50,2,deterministic,实验结果/04_实验C_规模与资源表现/050%规模/02_火电热力/02_确定性程序/R2,1d25911f134eb1ecf80a753c3d746bd55c5aba01ac5da423b63d70a774844763,d46d02c51e99f33a2a257980dee80b55c36a655f29705cbe21df83cda7a09d2e,198ef33a0365c080e2555877742429d9c1c810615064c5d4c9ecf4288c957da5,
104,C,C-50-POW-GEN-R2,generic_tool_agent,POWER,B0,50,2,generic_agent,实验结果/04_实验C_规模与资源表现/050%规模/02_火电热力/03_通用工具调用型Agent/R2,dcc7841a6a5a2e77fc5f6cb2380002cb38c9d1a9036231864b7066e6eb2aa0ff,b6789e694eeaa1960dfc680a1109c16aa22bd759e613304ecf081fcf352e51d9,12a6ef98fcdaedd68b85cc992035accd6548317ed95f628ded45654ad2406516,20260821_164658_2e4dc7
105,C,C-75-IND-DET-R2,deterministic_program,INDUSTRIAL,B0,75,2,deterministic,实验结果/04_实验C_规模与资源表现/075%规模/01_工业锅炉/02_确定性程序/R2,547a36b58a558bba4978afe74c49f16d7e098492789dcbb5fcf3371c5b87a5fd,aa789e05784298bef7e07661eb3bb30012b69de44ba658cdb8c3da88aadf0a5c,4bc505f1c816d81bd6c3df6303d69873b56c79bf824b1674c6dafc1b88ccb3b6,
106,C,C-75-IND-FULL-R2,full,INDUSTRIAL,B0,75,2,full_agent,实验结果/04_实验C_规模与资源表现/075%规模/01_工业锅炉/01_Full完整方法/R2,6a1e3d81a9ee49b5e1ed258d55f263e1bb199b1330d3e50e8d777ab6d5ddb30f,902c86f119c0a1fdedac573f821750bc2680f7d9382c69359429970cbfb08a79,dcb4485495d901498ce342daf9700d33675a6de2eec3db8f22b9201d1a65b277,20260821_170829_8bda78
107,C,C-75-IND-GEN-R2,generic_tool_agent,INDUSTRIAL,B0,75,2,generic_agent,实验结果/04_实验C_规模与资源表现/075%规模/01_工业锅炉/03_通用工具调用型Agent/R2,ce178f034798730447dc3f0ea328716852ea4f16fd7de84c313d312484dc79dc,cc0652bb1600cc11e54baf1fff128a88292d370e502948ccc28a3aa36248e172,7aa4536275521fbd2fce44ed03bc337cea0c97abbe552a57b9cc4457c1a47327,20260821_170948_8c11fc
108,C,C-75-POW-GEN-R2,generic_tool_agent,POWER,B0,75,2,generic_agent,实验结果/04_实验C_规模与资源表现/075%规模/02_火电热力/03_通用工具调用型Agent/R2,1404789a3bd77c7f7f11c246c900a2d6370f995fdcdf9a3eb3f27a6fb0c6af72,bb4c6144606a2878f62d4f3feefbed1873b21466abbd027a3de6231780d03f03,b1836ced52e75ab988c28a09daebbb4b71ba15b9ff59c9d0b21b301736396619,20260821_173347_8f2b00
109,C,C-75-POW-FULL-R2,full,POWER,B0,75,2,full_agent,实验结果/04_实验C_规模与资源表现/075%规模/02_火电热力/01_Full完整方法/R2,b54b3b9a7753ad6ac8166a097fe3962ec07c83fa23edced248be4a0c214dd85a,39dcdc021bb236b4379340d923022163b489951620aa319ac80f06bb68ef91f4,4c2cdbd51e8b4adca23643074b4b093108c90372d1d1da31bbaa22d3a0d92cd9,20260821_175145_01c98b
110,C,C-75-POW-DET-R2,deterministic_program,POWER,B0,75,2,deterministic,实验结果/04_实验C_规模与资源表现/075%规模/02_火电热力/02_确定性程序/R2,9076b1c155b51092bd585b2ced2431979ef4ab39619c165591887fd89db52b23,3ba13ee18bf779c125c67c4b08f4e208062cca1718fa873de1f4a6cfe5a437cd,6514ef4f50538f08e7a33ec6eb8482d3e8e3efa70c574e6d95759f4cf91802d2,
111,C,C-100-IND-GEN-R2,generic_tool_agent,INDUSTRIAL,B0,100,2,generic_agent,实验结果/04_实验C_规模与资源表现/100%规模/01_工业锅炉/03_通用工具调用型Agent/R2,bf65cd5b5ef11a0558506014753208094c71b331eac92cfa9fb6d37d638e5eb0,9ef470658dde974d903b880c96b3a65f7b7f2b8f5f690b6828b9855e3e95d019,1e9fb92c6b1bfaeba8ddfe518c75a9b43c3be45e2f3e61dbec9fa0c5f23fda95,20260821_175250_25ad14
112,C,C-100-IND-FULL-R2,full,INDUSTRIAL,B0,100,2,full_agent,实验结果/04_实验C_规模与资源表现/100%规模/01_工业锅炉/01_Full完整方法/R2,6c62888141700dc0156701d58296715318e3ad44f091fc456b6ae6f0e55673b4,af4509293556096fb489a3cfcc013f4563d3f66e87d393c370855635df7e4476,a653f3b72ad05d6b385344780b396299248c86d5d9fba1e37e40559fe81a7d7a,20260821_181701_ac88a8
113,C,C-100-IND-DET-R2,deterministic_program,INDUSTRIAL,B0,100,2,deterministic,实验结果/04_实验C_规模与资源表现/100%规模/01_工业锅炉/02_确定性程序/R2,85a2f4f4ac3ebadcb69ec8e78a34ccbf104dc98f49ab8e57a1c6ecd18c30804d,c81865710fae939feaf3e82645bcaa83f14d3fd1b19b67b7e2cdaa6328c3a8ae,d11ee3b4848d7dc497faf08c052700fc8848a46d3b298e62114aeaf1044271f8,
114,C,C-100-POW-FULL-R2,full,POWER,B0,100,2,full_agent,实验结果/04_实验C_规模与资源表现/100%规模/02_火电热力/01_Full完整方法/R2,4c214be66bea4b840a37e21b4369186b2767930acb72f4e9b88b57336b73f7fc,6cdd9d9dbc25bb510de9c60232fe6f1148d2e9381b559cc1b8a9a893f277d08f,5b0073dca3ad3e84ef4a10743d16c428f8d959b22eb3861aa20d303164387a91,20260821_181856_2453e1
115,C,C-100-POW-DET-R2,deterministic_program,POWER,B0,100,2,deterministic,实验结果/04_实验C_规模与资源表现/100%规模/02_火电热力/02_确定性程序/R2,105036f9f69e0946e46e90f878cce55d3b8317d57b1b3aca7d0a826cc4a0bedd,b7b529aa2941c883faa83fe6ba96fcb4fc8788321d7fb1c929a21860fa18cc1c,89502b6a11c0089478862a28f271e000c258549f7e41acf3ba33864ddcac11d9,
116,C,C-100-POW-GEN-R2,generic_tool_agent,POWER,B0,100,2,generic_agent,实验结果/04_实验C_规模与资源表现/100%规模/02_火电热力/03_通用工具调用型Agent/R2,925185291c27969da1b6aa6cc093c4709ba621cf1f75b908ad8aad268f05be38,0f9520b2b3c1c994bd31a4da0f5d94bc511c4cfaab6bc54f88c3952f7badfc83,98994cd10a51b0696c0dda2f46b06dd8725898ef03923c96958cc340a81b7173,20260821_182022_573b7f
117,C,C-25-IND-GEN-R3,generic_tool_agent,INDUSTRIAL,B0,25,3,generic_agent,实验结果/04_实验C_规模与资源表现/025%规模/01_工业锅炉/03_通用工具调用型Agent/R3,06205faeade7a5800310a6cf570ce105b20e3c1d71ce4b9776704f379d14b268,5ab73dbb991cb7370bf3db3ac7a24d6824b8ce6b1a0b0f83e56e21cbd4d9e60f,e7a2b5319dc83139b077dd21bc33bb9b80179691a1611f399806a7cf92df3283,20260821_183843_39a583
118,C,C-25-IND-DET-R3,deterministic_program,INDUSTRIAL,B0,25,3,deterministic,实验结果/04_实验C_规模与资源表现/025%规模/01_工业锅炉/02_确定性程序/R3,255d7af5b40fe505d58054ea7a9be2e714d6c4fd5f1b2e6bb26815c043e2bf7a,797f4ec732990cf1199a23ad0da5f756689497c1f6af7e40b9dfb829c7fa9880,49e54507352db1af8a99ef28e6cd1cd460b9842f9ebcdcba54d60e35caedc6bf,
119,C,C-25-IND-FULL-R3,full,INDUSTRIAL,B0,25,3,full_agent,实验结果/04_实验C_规模与资源表现/025%规模/01_工业锅炉/01_Full完整方法/R3,1aba65de517ec55afb40646aad6dcd0365b298a00c0de68161fca894005babfd,a8bee5b413a844f28998ff22dc72298ca8dfae9349f33e7bee7c0e2f47d48e83,0229adebb753caff15bc0d09a3e5d84287471aa820054751730ae0aa4872f1e0,20260821_185835_b369d5
120,C,C-25-POW-DET-R3,deterministic_program,POWER,B0,25,3,deterministic,实验结果/04_实验C_规模与资源表现/025%规模/02_火电热力/02_确定性程序/R3,d9b7726cfd9963e025670102be04b2a7cfc2d913fab7dea3f9d2d8f980adf17e,4b682ac45c7bb55415463fddd89bac38892094e87740535aebccde2014f49267,e60e769795e242ec9926099b589b15090a64dd6051961e3f8ca530dab7b263fe,
121,C,C-25-POW-FULL-R3,full,POWER,B0,25,3,full_agent,实验结果/04_实验C_规模与资源表现/025%规模/02_火电热力/01_Full完整方法/R3,fc13719665f31dd32aaa57332801b8ca1f69f89424c5a6fbcf537e01cddee4ce,4eba9aeef87887c14f6ba58ba81862de7139e11ce7234f04aee89ffc54f6ae80,709bf1e9857401d175a2d40ca2cb79988a0c8965f16a1c1f4d4df794cae27ad8,20260821_185947_f44009
122,C,C-25-POW-GEN-R3,generic_tool_agent,POWER,B0,25,3,generic_agent,实验结果/04_实验C_规模与资源表现/025%规模/02_火电热力/03_通用工具调用型Agent/R3,85523daa988527d47daff8243e62bfde61923f978405aa30a9deb53adfb2b2fb,8d5f92f9e960562bdb65a65cfa4b1b34d08daa34f8f68e9637f3992c6e4bf4b7,5634936a4f63cd9f55124a770db441d6a8c28c2cf5118a9274fa6701956193ac,20260821_190049_089c25
123,C,C-50-IND-FULL-R3,full,INDUSTRIAL,B0,50,3,full_agent,实验结果/04_实验C_规模与资源表现/050%规模/01_工业锅炉/01_Full完整方法/R3,ed3f97cf04bee4ce455d581e53b7932b157b6c1c62b809af0396c696492e61a3,23d714f273b68bbb6255c3aec7cf838bce6508d47e538eebe2dde3bcc42cfe5d,2b4faead12c154a01901591d390d7de462c3130b7967469e1a84e9f8f7ab0479,20260821_192028_908a78
124,C,C-50-IND-GEN-R3,generic_tool_agent,INDUSTRIAL,B0,50,3,generic_agent,实验结果/04_实验C_规模与资源表现/050%规模/01_工业锅炉/03_通用工具调用型Agent/R3,6a692b8b1a4d2b482ef67f8d94bcfe2294c9746cca69ff28aabb52f6267f6043,e6d2a812dfe86076b376666086c7d308671f64edf5c68edab6a53a88aa3c9dde,c955a05006e017c96eb4215102b89b5825f5bb69dad9ac3b2ee30cdbbcf4035d,20260821_192144_750cd2
125,C,C-50-IND-DET-R3,deterministic_program,INDUSTRIAL,B0,50,3,deterministic,实验结果/04_实验C_规模与资源表现/050%规模/01_工业锅炉/02_确定性程序/R3,b0edc52ded19438c1af836b4b3717c42f08b9ccaf878d304128bc563a0e7edd4,99b06101743b5e1291a4c75ecedaa8f8f77a6054c92ac6069bacc8bc01cdad28,7b440b6c44a5d02b699d11ad1c696109425cb26ed0339cec08d0a762dbe99353,
126,C,C-50-POW-FULL-R3,full,POWER,B0,50,3,full_agent,实验结果/04_实验C_规模与资源表现/050%规模/02_火电热力/01_Full完整方法/R3,cd84ca68890af8777f118a5f77458c1a36944b5b5b23256706e2082e46eed016,6a6cf83caf464efb7d38d3e728da2e655d6af7d4c6804fb6c8e51a38b313fc65,0e10a1f8871b05cde96ce8075658ceb5a618f6d63416b83ad62fbf62e826cf36,20260821_194118_74e668
127,C,C-50-POW-GEN-R3,generic_tool_agent,POWER,B0,50,3,generic_agent,实验结果/04_实验C_规模与资源表现/050%规模/02_火电热力/03_通用工具调用型Agent/R3,f8d13f4c3e50970ce7d258bebb51ee2f06c21a115b51c7ea314a3f8a0b3a7cb2,0897a9b71caa00df6181b83b5c2d2d4644a1aa10100616522aff46c7325946c8,2a4a978af3cd2af44e06d7801dee8cd10054b0519e60857056e0e676924c6410,20260821_194227_4a3705
128,C,C-50-POW-DET-R3,deterministic_program,POWER,B0,50,3,deterministic,实验结果/04_实验C_规模与资源表现/050%规模/02_火电热力/02_确定性程序/R3,65f48d0f163711d813dd95ee61b6f1af871b06af84ec5e85f5d663891e7a315d,41bfe80c1a4b9e73e407a4d6747c76d625749d4c8f1a1e830081d878462aad00,ca7610f489dfbc4ac97cd7291cd93ba8c511161aeb8c2b1896ca1394f9d2801a,
129,C,C-75-IND-DET-R3,deterministic_program,INDUSTRIAL,B0,75,3,deterministic,实验结果/04_实验C_规模与资源表现/075%规模/01_工业锅炉/02_确定性程序/R3,4407f3f24de9ab859f802efdf805d35c6062b16a0bd4cc1af6a4b6ba36c5266f,55c84acc4ae40c3c8eaa841ba672d17a0ac40d1b9ad542a13d122a990131e1fe,f8653439eb8f4ff02c173f516e2d829e08cfc699b8d0cc5c5f7a6daf31d7f4a7,
130,C,C-75-IND-GEN-R3,generic_tool_agent,INDUSTRIAL,B0,75,3,generic_agent,实验结果/04_实验C_规模与资源表现/075%规模/01_工业锅炉/03_通用工具调用型Agent/R3,2dfe6aa6c159ea4278efc323d4781bb0683e1dc19f0eb12832d7c2a8e98a4f83,ee5ac415ffb143824f2980478e6d3c9cbe96201f4ea4a04cea22d6e2fcd3f1be,4c6c558bc3a5fea053c3e6e9fbb26e1f4940e9eadecc0b3d5d2d19a10a71f191,20260821_200228_d5c11d
131,C,C-75-IND-FULL-R3,full,INDUSTRIAL,B0,75,3,full_agent,实验结果/04_实验C_规模与资源表现/075%规模/01_工业锅炉/01_Full完整方法/R3,be442987b33dc69510736d6f85d32c96495bc216f3f22a5dcb6e64b9570a1984,8262d8ed699e56bf2928e8533c61233cf046710deab8906f05da6d3281b52ac5,08c73170d7570e2da8d40052befdba8fc564f473fcd2cabb473f84323aab3f4f,20260821_204833_a25232
132,C,C-75-POW-GEN-R3,generic_tool_agent,POWER,B0,75,3,generic_agent,实验结果/04_实验C_规模与资源表现/075%规模/02_火电热力/03_通用工具调用型Agent/R3,5ecbd13fcd482ce30c037b40d46a7df843181bc6c131ad222b56f3265060f942,1df5213536503593b9ac80ba72bb7952c15202e9fc61a1c429f1af499f3ba032,fe499bd29e3be3b4412791b9ed613794f0a25b9a223ce826308a4ba8f3b6fa59,20260821_205001_a04059
133,C,C-75-POW-FULL-R3,full,POWER,B0,75,3,full_agent,实验结果/04_实验C_规模与资源表现/075%规模/02_火电热力/01_Full完整方法/R3,28a6a66bf9b1ccb8c5d740fe9eec1f9043e7f1992890d9f7aa767cf82185ba59,6cb3458ae51b193935090b4edd0d9f0187fa2debc729ffbb6d984c35a0e60382,e03a555fadb9c1065500e9215717dcf9e00374fb8d6fb92946510d0ab2de90b6,20260821_211135_f97c6c
134,C,C-75-POW-DET-R3,deterministic_program,POWER,B0,75,3,deterministic,实验结果/04_实验C_规模与资源表现/075%规模/02_火电热力/02_确定性程序/R3,6cdcfb48346737c61986976eaa1c71be4e3a2453f125536bfaaa88f66f2a033e,af6b11318c4ba0aa409799c76bdc2f938d777346473338d2f2a7fc2ce2a8f41b,797a1764baaac781bb7751f1726a7c15d84890732553621f97132e1c4cd334af,
135,C,C-100-IND-DET-R3,deterministic_program,INDUSTRIAL,B0,100,3,deterministic,实验结果/04_实验C_规模与资源表现/100%规模/01_工业锅炉/02_确定性程序/R3,4c5b49e23a4d8046e293a94aafd5c96b48d9944d27280e504f4f3584b5bf589c,b43ed08f3112aea7518524eae0031ba10b7a8975d18c9e8ff87c8b0c268022e1,b1e6a96a1a356d0ab6cb8141b7995d1f5eeaa8d8bae5c7c71d008080300f62ad,
136,C,C-100-IND-FULL-R3,full,INDUSTRIAL,B0,100,3,full_agent,实验结果/04_实验C_规模与资源表现/100%规模/01_工业锅炉/01_Full完整方法/R3,5c1a656c57ba06a67a9fb924da426046b0242ba147e858ad67860dd236477750,63d988f3470a6b2624106d2149c4816ea52bdab158974ce4cb6d2f6243ed48e0,5623cf538179a6c788a671da803ed33b1c6b98ab7b0831546383f03988d2209c,20260821_211250_4fff10
137,C,C-100-IND-GEN-R3,generic_tool_agent,INDUSTRIAL,B0,100,3,generic_agent,实验结果/04_实验C_规模与资源表现/100%规模/01_工业锅炉/03_通用工具调用型Agent/R3,11b71bee4fe13dc715822618bc9232043cffd7a3faf766dac15b7c5fe7b4ceb3,3c85800654084445335a3aaab5fec68ac57caaa0ba7bab151de8158c0301f2c1,be7277474f65d22301d607759e028ade5b2ab0cc78760f332250a779ea5422d6,20260821_211432_4f37a8
138,C,C-100-POW-FULL-R3,full,POWER,B0,100,3,full_agent,实验结果/04_实验C_规模与资源表现/100%规模/02_火电热力/01_Full完整方法/R3,16114a5d731bdf4ae3a9034e4bfbe1ffba4db5ec28d43b620c846be8f54679d6,663b564d7314d4341acc5cdd6ba42729392c8d4f378701ccd157189391cc3c8b,70b51fdf614afc2974cfd580f7491afefd439154077ac8fea3d55f47ec8f1a97,20260821_213132_f10d76
139,C,C-100-POW-GEN-R3,generic_tool_agent,POWER,B0,100,3,generic_agent,实验结果/04_实验C_规模与资源表现/100%规模/02_火电热力/03_通用工具调用型Agent/R3,595081774aa749b449fbc5cab3b5e518ca63eff585dfde8231c071632af5fdbb,0804c979aa552f8ba57bbc69c40411489b9931a6c77b4cbdaa71327dd46ace9a,e5c0a71ce64a13673e22c84044051eca4bcd799ba2cb4396adb9e3a39bd0c014,20260821_213257_02e827
140,C,C-100-POW-DET-R3,deterministic_program,POWER,B0,100,3,deterministic,实验结果/04_实验C_规模与资源表现/100%规模/02_火电热力/02_确定性程序/R3,408f2976d767cb17e81ae82d70a4e55c67b673b9f1862fb528cde884550856d4,6486af9e97d1a8a9fd0be021341cdf2d07d5239c0ecf23c2d513d12247385613,f736dea8afad1062faba473e498d3c079f63822ba54d766f6fd69aa20696d04d,
141,D,D-IND-W_O_COMPLETE_TRACE,w_o_complete_trace,INDUSTRIAL,B0,100,1,ablation_agent,实验结果/05_实验D_方法组成贡献/04_去掉完整核算过程记录/01_工业锅炉/R1,8070d7c9075c5a7d3030c4ccdf839b41bec6e675eac01166b91815dde8f961da,568dcbc6fad8b86827324a4e1e8ce40b0684aac13eb6a3fc6ccaadee20a9a875,1fcb9b545210bbebca6ee0cd82f310da09e3bf8fc009dd50a4ff65006ac1e4df,20260821_215643_a7d7ea
142,D,D-IND-AGENT_MANAGED_ADMISSION,agent_managed_admission,INDUSTRIAL,B0,100,1,ablation_agent,实验结果/05_实验D_方法组成贡献/03_Agent管理核算准入/01_工业锅炉/R1,cbfdefe28b863208bfcf9c86aabd18b364dc03127ae32658b4d575ba0e4199b5,db14a4cb3fb9467786326691871b51f5364c135d96118d2efffd32e63509fdda,ca68bf974fe05a68055a851e7b18d254678bccf3f79a4e13d42d9a0aae17604f,20260821_215841_3a0991
143,D,D-IND-W_O_EXECUTABLE_RULE_GATE,w_o_executable_rule_gate,INDUSTRIAL,B0,100,1,ablation_agent,实验结果/05_实验D_方法组成贡献/02_去掉可执行规则门控/01_工业锅炉/R1,0b91fc80372004bc362eb77d4a33858ffbf3be880b55fe0bf94d72ab58ab0ff4,3428030eea9cead9c9bf98e4e55b285aa3034a551295b976f19fc8b4461d17ee,88f3040cb1a120775689e9fcd6bee13d2ad8e5be72a1bfc3c192a5f1468ad8b7,20260821_220151_aa3936
144,D,D-IND-FULL,full,INDUSTRIAL,B0,100,1,full_agent,实验结果/05_实验D_方法组成贡献/00_Full参照/01_工业锅炉/R1,a3ecd09bf6f8020e7581433498a65db531f795e5aeea71a5648871e8a9077f6e,b5cb70b547adb45edf38a4aa02bbd81392c0c57eb77b14f22d3f86cebb6d9ee2,17d49359d63fa92e99408e31a9ee26929b1e00e052383756cfb47482fc4862a9,20260821_220815_c41b32
145,D,D-IND-W_O_CALCULATION_ITEM_STRUCTURE,w_o_calculation_item_structure,INDUSTRIAL,B0,100,1,ablation_agent,实验结果/05_实验D_方法组成贡献/01_去掉污染物核算项结构/01_工业锅炉/R1,5b74f23a3e6d694c2999bfc17fe792260491f042e9d50747463bd310616820f1,36bbe3fda015e747768335be32854f72f869e855fff50dcb88d7db9f92d4a1db,665806a4a0c5c3f1849f88897d7c7f51006ade47a1539a813933cfdcd10f23b6,20260821_220950_0ab7b5
146,D,D-POW-W_O_EXECUTABLE_RULE_GATE,w_o_executable_rule_gate,POWER,B0,100,1,ablation_agent,实验结果/05_实验D_方法组成贡献/02_去掉可执行规则门控/02_火电热力/R1,d206ff9e94369d09f56cdc51c48b20e468fb1e439070ff9ba3d087df46117b38,27f95140f1445db5902d4d94246b8bbb48f011bc8fc7dd1f710f1950fcd93348,36957036f168e6c59df3df20a762a0d1e72722f74d5d2cd7695084677c31bd7b,20260821_221131_85846d
147,D,D-POW-W_O_COMPLETE_TRACE,w_o_complete_trace,POWER,B0,100,1,ablation_agent,实验结果/05_实验D_方法组成贡献/04_去掉完整核算过程记录/02_火电热力/R1,1f9f974ebf13b3eb9956bd4e2488189dfc9cfd79f92c3d55b5caceafd18b119c,2d0589239d1b94fb4f1a5818871e5fc6d937c965ed1ff376639422fb79ab81db,f147d748b29adc04b6120ab19838a1bb9ab38a87421c5771eaec186e6d92b4df,20260821_221557_9b3359
148,D,D-POW-W_O_CALCULATION_ITEM_STRUCTURE,w_o_calculation_item_structure,POWER,B0,100,1,ablation_agent,实验结果/05_实验D_方法组成贡献/01_去掉污染物核算项结构/02_火电热力/R1,5bc909b384564d49f305cb51fa3ac04edbb4a4a398918a86fc8c7fb8c9c2d41a,d83006ed8e57c18d6086c39a492661a716857444c3ae54cb6859bd8181922f20,ed2cf602e6dfe4880ea0641787fd870c98ba1332dbd9cb8be4b40e6f41876186,20260821_221727_05e3f6
149,D,D-POW-AGENT_MANAGED_ADMISSION,agent_managed_admission,POWER,B0,100,1,ablation_agent,实验结果/05_实验D_方法组成贡献/03_Agent管理核算准入/02_火电热力/R1,b1e24ebf0d509309dff2b7ed2e61073a137686172c8458603edd8f67aae66e38,3eea778d8846867fa98ea42ae95078f2f1d7709f4b5f91b4ce489d509448922d,2b770fd1697b8a8de8ff3c2dcccc0624c87c97fcc4b3ea31e4c15d29884d737b,20260821_221848_0ee4b3
150,D,D-POW-FULL,full,POWER,B0,100,1,full_agent,实验结果/05_实验D_方法组成贡献/00_Full参照/02_火电热力/R1,0dbcddff350682909c028b8b55498c3e353497e982199a3716374dbdf987b140,c69aef9cf63a0b661887fafee9f7fc664b4081d32746ec582a9d86c9299dfcd7,0dca88efad5490075081ece9058d52c4134ae0a87a6046ae0fa20549ab10f352,20260821_222109_308337
