run_id,session_id,method,target,session_export,session_export_sha256
A-IND-FULL-R1,20260821_054820_cffeb0,full,INDUSTRIAL,实验结果/02_实验A_端到端清单编制/01_工业锅炉/01_Full完整方法/R1/session_export/session.jsonl,25a8735c7a14e089e657d60adeb3b18b77d374f9d8fecbb061e516eb8da167c3
A-IND-GEN-R1,20260821_055003_ade3bd,generic_tool_agent,INDUSTRIAL,实验结果/02_实验A_端到端清单编制/01_工业锅炉/03_通用工具调用型Agent/R1/session_export/session.jsonl,3d46d7fc6335a2e41950c527d474b8cb790d8e52c91817c6c9d657a53885d072
A-POW-FULL-R1,20260821_061518_ee80e8,full,POWER,实验结果/02_实验A_端到端清单编制/02_火电热力/01_Full完整方法/R1/session_export/session.jsonl,143ebc08364d051b251e9c7aa73fe990f14672ee520a48d9ea34434a0a408be5
A-POW-GEN-R1,20260821_061640_618331,generic_tool_agent,POWER,实验结果/02_实验A_端到端清单编制/02_火电热力/03_通用工具调用型Agent/R1/session_export/session.jsonl,89a77240d56a7862830a2c36799fa183ce94f2db5ec5ea727f9ddefb4b981038
A-IND-FULL-R2,20260821_063858_8d80b4,full,INDUSTRIAL,实验结果/02_实验A_端到端清单编制/01_工业锅炉/01_Full完整方法/R2/session_export/session.jsonl,e547722b079de4deae921ef739c3885d7c45bca891a7e3f2b491a7d571e7ad17
A-IND-GEN-R2,20260821_064037_5756ba,generic_tool_agent,INDUSTRIAL,实验结果/02_实验A_端到端清单编制/01_工业锅炉/03_通用工具调用型Agent/R2/session_export/session.jsonl,9137c6f21ebf9975daf58a80d18d8375354f2a49cdc621f3d54b98efb50c596d
A-POW-FULL-R2,20260821_070118_9db5b0,full,POWER,实验结果/02_实验A_端到端清单编制/02_火电热力/01_Full完整方法/R2/session_export/session.jsonl,86f2c6540351b58a7c6a464c5efe29f975b3787d5fd5713e0059ec4384050ed8
A-POW-GEN-R2,20260821_070237_6575a4,generic_tool_agent,POWER,实验结果/02_实验A_端到端清单编制/02_火电热力/03_通用工具调用型Agent/R2/session_export/session.jsonl,df079997c0e32a91a4fc8b07812a8efd24a435359ceb5af1a0fc9fb8844a5ed1
A-IND-FULL-R3,20260821_072446_282e7e,full,INDUSTRIAL,实验结果/02_实验A_端到端清单编制/01_工业锅炉/01_Full完整方法/R3/session_export/session.jsonl,e70bf16ab7affa1b522350d8e4935bbcb42c81aa28a405429f86c5970d7d1e4c
A-IND-GEN-R3,20260821_072626_8a43a3,generic_tool_agent,INDUSTRIAL,实验结果/02_实验A_端到端清单编制/01_工业锅炉/03_通用工具调用型Agent/R3/session_export/session.jsonl,540398043ddc0a60dd9dcd25625ca7ba8a7fb8abebf5fac08ee32985867bbcf1
A-POW-GEN-R3,20260821_075232_86dfc0,generic_tool_agent,POWER,实验结果/02_实验A_端到端清单编制/02_火电热力/03_通用工具调用型Agent/R3/session_export/session.jsonl,0d7e2ef01e389c2d4445b59ee0c25f6f569fd33d277b9695db209a7c9e7ce6cd
A-POW-FULL-R3,20260821_080751_40b723,full,POWER,实验结果/02_实验A_端到端清单编制/02_火电热力/01_Full完整方法/R3/session_export/session.jsonl,11881b307960d16d57a9dfca60ad82c15597e08b5c93ea6b4797685b3db5074f
B-B0-IND-GEN,20260821_080904_afc70a,generic_tool_agent,INDUSTRIAL,实验结果/03_实验B_输入不变性与异常处置/01_B1整体输入扰动/00_B0原始输入/01_工业锅炉/03_通用工具调用型Agent/R1/session_export/session.jsonl,de8741fdcea140961f210ca24f766e88fe82b3ce7ba00dbd06e88ae250e51839
B-B0-IND-FULL,20260821_082935_148956,full,INDUSTRIAL,实验结果/03_实验B_输入不变性与异常处置/01_B1整体输入扰动/00_B0原始输入/01_工业锅炉/01_Full完整方法/R1/session_export/session.jsonl,7f58fc5b2faa4a8daa04536673b64c5858efd01556341f1bf6394ee13757efdf
B-B0-POW-FULL,20260821_083137_68428b,full,POWER,实验结果/03_实验B_输入不变性与异常处置/01_B1整体输入扰动/00_B0原始输入/02_火电热力/01_Full完整方法/R1/session_export/session.jsonl,fb16d39195b470a2ea22f9955d8a554b3db8eaa1aa6be91dc749066c945e16f7
B-B0-POW-GEN,20260821_083302_0d04d0,generic_tool_agent,POWER,实验结果/03_实验B_输入不变性与异常处置/01_B1整体输入扰动/00_B0原始输入/02_火电热力/03_通用工具调用型Agent/R1/session_export/session.jsonl,31f20220eddf3f610eba2be6de04f295acfa28363612e452c21f5b89c2b3adb2
B-S1-IND-GEN,20260821_085230_5d748c,generic_tool_agent,INDUSTRIAL,实验结果/03_实验B_输入不变性与异常处置/01_B1整体输入扰动/01_S1表头形式扰动/01_工业锅炉/03_通用工具调用型Agent/R1/session_export/session.jsonl,f040579fea95a94b73efd0da121ffa09c793361b3df95cdbb4664b3df31e21f4
B-S1-IND-FULL,20260821_091402_5d69c8,full,INDUSTRIAL,实验结果/03_实验B_输入不变性与异常处置/01_B1整体输入扰动/01_S1表头形式扰动/01_工业锅炉/01_Full完整方法/R1/session_export/session.jsonl,056a4b2f49a10ce8c1c4f780677d595137d5f12732c92a8c0400f4625dd5893d
B-S1-POW-FULL,20260821_091609_2058af,full,POWER,实验结果/03_实验B_输入不变性与异常处置/01_B1整体输入扰动/01_S1表头形式扰动/02_火电热力/01_Full完整方法/R1/session_export/session.jsonl,ae47abd5a64082b6db1621f4934b9c7542e432abc99bbd914fadfc51f6d28ef2
B-S1-POW-GEN,20260821_091725_23a854,generic_tool_agent,POWER,实验结果/03_实验B_输入不变性与异常处置/01_B1整体输入扰动/01_S1表头形式扰动/02_火电热力/03_通用工具调用型Agent/R1/session_export/session.jsonl,b7b0a6cca43b39c4c004c9d8e8ebbd67cd7438d1ab86c16d5c06d79eaeff86f1
B-S2-IND-GEN,20260821_094159_021d09,generic_tool_agent,INDUSTRIAL,实验结果/03_实验B_输入不变性与异常处置/01_B1整体输入扰动/02_S2等价别名扰动/01_工业锅炉/03_通用工具调用型Agent/R1/session_export/session.jsonl,4017f79730ef106b8144828ec972b1e6a742b4e18dfad62a12272f8026d0d0b7
B-S2-IND-FULL,20260821_100630_bef5fb,full,INDUSTRIAL,实验结果/03_实验B_输入不变性与异常处置/01_B1整体输入扰动/02_S2等价别名扰动/01_工业锅炉/01_Full完整方法/R1/session_export/session.jsonl,623ac69d2a57a8f137002973100a30e62404d62e36f6a48e0ef44c7d2ca01dc4
B-S2-POW-GEN,20260821_100819_312ebf,generic_tool_agent,POWER,实验结果/03_实验B_输入不变性与异常处置/01_B1整体输入扰动/02_S2等价别名扰动/02_火电热力/03_通用工具调用型Agent/R1/session_export/session.jsonl,db8890ad16267f81a5794b6468ae268e8672d568ae42e5c07ae30f868d363e49
B-S2-POW-FULL,20260821_103058_854c92,full,POWER,实验结果/03_实验B_输入不变性与异常处置/01_B1整体输入扰动/02_S2等价别名扰动/02_火电热力/01_Full完整方法/R1/session_export/session.jsonl,7c594b063b312f4f3ad30e85c7053f2081dec5c7c87e0430847af1f29f40f2ff
B-S3-IND-FULL,20260821_103210_9630fa,full,INDUSTRIAL,实验结果/03_实验B_输入不变性与异常处置/01_B1整体输入扰动/03_S3列与工作表顺序扰动/01_工业锅炉/01_Full完整方法/R1/session_export/session.jsonl,ce32eedf67ed68e92e358469b8df41047d7c96293813a617896a6704a22f2ce9
B-S3-IND-GEN,20260821_103413_6b3cfa,generic_tool_agent,INDUSTRIAL,实验结果/03_实验B_输入不变性与异常处置/01_B1整体输入扰动/03_S3列与工作表顺序扰动/01_工业锅炉/03_通用工具调用型Agent/R1/session_export/session.jsonl,9a34740eb69dbcb42535a46a6810eaaaa6ae9445348b8a21cdc5d8ab2d0ac7fc
B-S3-POW-GEN,20260821_110133_2921e1,generic_tool_agent,POWER,实验结果/03_实验B_输入不变性与异常处置/01_B1整体输入扰动/03_S3列与工作表顺序扰动/02_火电热力/03_通用工具调用型Agent/R1/session_export/session.jsonl,9a383574ead6ba241032f3f01cedc9311534f71748676afc3d0c6f8bb5558981
B-S3-POW-FULL,20260821_112438_dbc429,full,POWER,实验结果/03_实验B_输入不变性与异常处置/01_B1整体输入扰动/03_S3列与工作表顺序扰动/02_火电热力/01_Full完整方法/R1/session_export/session.jsonl,659390253b7293f0beb14821d14ad3c8284d4fed87b8c9c905729cf758a35526
B-S4-IND-GEN,20260821_112554_2acb2f,generic_tool_agent,INDUSTRIAL,实验结果/03_实验B_输入不变性与异常处置/01_B1整体输入扰动/04_S4组合扰动/01_工业锅炉/03_通用工具调用型Agent/R1/session_export/session.jsonl,da6d911f3eb98619025cc788b94adb1b5262979b1a8806d1a1e5019df31c68d1
B-S4-IND-FULL,20260821_115151_86f907,full,INDUSTRIAL,实验结果/03_实验B_输入不变性与异常处置/01_B1整体输入扰动/04_S4组合扰动/01_工业锅炉/01_Full完整方法/R1/session_export/session.jsonl,1b8e8294f33a61792a22e39db29ed76525bbc1f04fa44a04a2e4de163263ebb7
B-S4-POW-GEN,20260821_115323_71313e,generic_tool_agent,POWER,实验结果/03_实验B_输入不变性与异常处置/01_B1整体输入扰动/04_S4组合扰动/02_火电热力/03_通用工具调用型Agent/R1/session_export/session.jsonl,01c36bb406f379c3284569949f6e6708204bb0773f4311ba581028ee5262d600
B-S4-POW-FULL,20260821_121907_a2efc0,full,POWER,实验结果/03_实验B_输入不变性与异常处置/01_B1整体输入扰动/04_S4组合扰动/02_火电热力/01_Full完整方法/R1/session_export/session.jsonl,c1a0f170e7f2c211d0e3fda31a42a2bd51204db5a18ae3045fd77171efebee12
B-B2-IND-GEN,20260821_122032_90004b,generic_tool_agent,INDUSTRIAL,实验结果/03_实验B_输入不变性与异常处置/02_B2受控缺失与冲突注入/01_工业锅炉/03_通用工具调用型Agent/R1/session_export/session.jsonl,fa14375f4c7131972b95c507c0a6f320581771323d3006737636d3356db90e77
B-B2-IND-FULL,20260821_124033_966656,full,INDUSTRIAL,实验结果/03_实验B_输入不变性与异常处置/02_B2受控缺失与冲突注入/01_工业锅炉/01_Full完整方法/R1/session_export/session.jsonl,810ae1053862736c1b2f6c105e745d94e0f52c67a102ab2b36b3f5a873c90528
B-B2-POW-GEN,20260821_124204_66058b,generic_tool_agent,POWER,实验结果/03_实验B_输入不变性与异常处置/02_B2受控缺失与冲突注入/02_火电热力/03_通用工具调用型Agent/R1/session_export/session.jsonl,60590dc2565a0da2023384705281c8c6b58ceb559f35668bd66c35a88c7c87d1
B-B2-POW-FULL,20260821_125901_25eff8,full,POWER,实验结果/03_实验B_输入不变性与异常处置/02_B2受控缺失与冲突注入/02_火电热力/01_Full完整方法/R1/session_export/session.jsonl,9108996c96a9a263fe3de614df9f7afead034ca7e9ff4fb8e42c74f11a9070d8
C-25-IND-GEN-R1,20260821_130015_2250a9,generic_tool_agent,INDUSTRIAL,实验结果/04_实验C_规模与资源表现/025%规模/01_工业锅炉/03_通用工具调用型Agent/R1/session_export/session.jsonl,d775201e5de8358f216478b509bb53604ef393f942b1197a6aeab3a2bbc72926
C-25-IND-FULL-R1,20260821_132238_df7663,full,INDUSTRIAL,实验结果/04_实验C_规模与资源表现/025%规模/01_工业锅炉/01_Full完整方法/R1/session_export/session.jsonl,927b46c0bb231da08da1553003452da62e96a4ea68e5ce83712d1811712a2a07
C-25-POW-FULL-R1,20260821_132336_c48e1a,full,POWER,实验结果/04_实验C_规模与资源表现/025%规模/02_火电热力/01_Full完整方法/R1/session_export/session.jsonl,f5d12deeaf8f3f82d59c047a8a0d97fde209be37f226c7798545df39d480ecf7
C-25-POW-GEN-R1,20260821_132438_a69b65,generic_tool_agent,POWER,实验结果/04_实验C_规模与资源表现/025%规模/02_火电热力/03_通用工具调用型Agent/R1/session_export/session.jsonl,14d0612d1d7610168b420a8a190340e308c1ca4bdafd9d89149376d9593ccbfb
C-50-IND-GEN-R1,20260821_134400_1af260,generic_tool_agent,INDUSTRIAL,实验结果/04_实验C_规模与资源表现/050%规模/01_工业锅炉/03_通用工具调用型Agent/R1/session_export/session.jsonl,90c7dab9b94cdabe04aa3eef8f65304bf8b4e7f51c6123807f2abe5223e4527d
C-50-IND-FULL-R1,20260821_140153_d301b1,full,INDUSTRIAL,实验结果/04_实验C_规模与资源表现/050%规模/01_工业锅炉/01_Full完整方法/R1/session_export/session.jsonl,84d871fda1617cf9625fac52523ef9dd7f7941c5b1cbee4f26caba1d05c75921
C-50-POW-FULL-R1,20260821_140258_431b64,full,POWER,实验结果/04_实验C_规模与资源表现/050%规模/02_火电热力/01_Full完整方法/R1/session_export/session.jsonl,5caff852e158e0a5ebf788693b5aacd7358179f0ac07b9468e871133baded369
C-50-POW-GEN-R1,20260821_140356_9e2665,generic_tool_agent,POWER,实验结果/04_实验C_规模与资源表现/050%规模/02_火电热力/03_通用工具调用型Agent/R1/session_export/session.jsonl,e5387bb3d5c412e3ba5531c9d3772c9264f81bf7c15b8401eb05e5b00bd494c2
C-75-IND-FULL-R1,20260821_142320_ef52b8,full,INDUSTRIAL,实验结果/04_实验C_规模与资源表现/075%规模/01_工业锅炉/01_Full完整方法/R1/session_export/session.jsonl,c7b0ebd801fc8655a2a71b902a91cadf18835f972afedf26721c5e37eb9cc5c6
C-75-IND-GEN-R1,20260821_142437_b6d3f2,generic_tool_agent,INDUSTRIAL,实验结果/04_实验C_规模与资源表现/075%规模/01_工业锅炉/03_通用工具调用型Agent/R1/session_export/session.jsonl,da31ba0e0e4dd8c6e6ebc2908e086a4bf6408ee89e9c1d9289ea40b961dd9bfe
C-75-POW-FULL-R1,20260821_144339_b4fec7,full,POWER,实验结果/04_实验C_规模与资源表现/075%规模/02_火电热力/01_Full完整方法/R1/session_export/session.jsonl,b6226424b197bf644e206c8d6c396862af97e1f7ebbf25235dddaf673da7d1d1
C-75-POW-GEN-R1,20260821_144442_f27f12,generic_tool_agent,POWER,实验结果/04_实验C_规模与资源表现/075%规模/02_火电热力/03_通用工具调用型Agent/R1/session_export/session.jsonl,41612358a08a5ef230aa0c6f0d90925c118220e9981697f1043d8dd7d93f894c
C-100-IND-GEN-R1,20260821_150345_3e1804,generic_tool_agent,INDUSTRIAL,实验结果/04_实验C_规模与资源表现/100%规模/01_工业锅炉/03_通用工具调用型Agent/R1/session_export/session.jsonl,bc048ab0f4ea4c69d781ecc85ba6c5150c4cdf5a5796c9d1a79d4ddb02199796
C-100-IND-FULL-R1,20260821_152247_c744b5,full,INDUSTRIAL,实验结果/04_实验C_规模与资源表现/100%规模/01_工业锅炉/01_Full完整方法/R1/session_export/session.jsonl,7d279710334b8eb05df530f7e84be879f2739ba000f3204b63f572d04ce9ef8b
C-100-POW-GEN-R1,20260821_152429_1f2084,generic_tool_agent,POWER,实验结果/04_实验C_规模与资源表现/100%规模/02_火电热力/03_通用工具调用型Agent/R1/session_export/session.jsonl,a99e525e6d6254c46e60db05aeb078d594435895ba13b911bf3e25278b195ae3
C-100-POW-FULL-R1,20260821_155042_477a75,full,POWER,实验结果/04_实验C_规模与资源表现/100%规模/02_火电热力/01_Full完整方法/R1/session_export/session.jsonl,b52a6f769d004d4bede39ad4ee5ba77a21422ac3f3972c0252206c6ae6a19cd8
C-25-IND-FULL-R2,20260821_155150_370f12,full,INDUSTRIAL,实验结果/04_实验C_规模与资源表现/025%规模/01_工业锅炉/01_Full完整方法/R2/session_export/session.jsonl,727268013bbdf394f6e8165ccdd9470ccec762bae2f1faf1068b9af6eb2dff83
C-25-IND-GEN-R2,20260821_155250_e84c18,generic_tool_agent,INDUSTRIAL,实验结果/04_实验C_规模与资源表现/025%规模/01_工业锅炉/03_通用工具调用型Agent/R2/session_export/session.jsonl,bb378d8b6c698d6ef448f85a695ddc55263c0400c5f48c84725241f7e78cfc5d
C-25-POW-FULL-R2,20260821_160817_25f67a,full,POWER,实验结果/04_实验C_规模与资源表现/025%规模/02_火电热力/01_Full完整方法/R2/session_export/session.jsonl,d7495c6cd526775085136456842b1c9586300ea38fd1b24162db574b48a82ba8
C-25-POW-GEN-R2,20260821_160916_f1ed3d,generic_tool_agent,POWER,实验结果/04_实验C_规模与资源表现/025%规模/02_火电热力/03_通用工具调用型Agent/R2/session_export/session.jsonl,165c45c57032ea3ca98f6bfc176d38ecd04bc96a4888136c61d92f9bf07396f4
C-50-IND-FULL-R2,20260821_162458_848bd3,full,INDUSTRIAL,实验结果/04_实验C_规模与资源表现/050%规模/01_工业锅炉/01_Full完整方法/R2/session_export/session.jsonl,05fa44b829aa2c39ff310dfd8cb477648fc990752f8d30252909824560f8ea65
C-50-IND-GEN-R2,20260821_162614_556293,generic_tool_agent,INDUSTRIAL,实验结果/04_实验C_规模与资源表现/050%规模/01_工业锅炉/03_通用工具调用型Agent/R2/session_export/session.jsonl,ac18d8fa3e0a8bd7faa2ba3684b7847397b2494c3d307fff7c9e3db3aefe2fda
C-50-POW-FULL-R2,20260821_164601_dfeed4,full,POWER,实验结果/04_实验C_规模与资源表现/050%规模/02_火电热力/01_Full完整方法/R2/session_export/session.jsonl,a4460df234de747fdda75c6eb426fc08c6f743743bee20a71690b1106a84e6af
C-50-POW-GEN-R2,20260821_164658_2e4dc7,generic_tool_agent,POWER,实验结果/04_实验C_规模与资源表现/050%规模/02_火电热力/03_通用工具调用型Agent/R2/session_export/session.jsonl,fa34d2cfcbaf0481347c2b37fecfddd2d42af253dd04019850b48ec870d2e6a5
C-75-IND-FULL-R2,20260821_170829_8bda78,full,INDUSTRIAL,实验结果/04_实验C_规模与资源表现/075%规模/01_工业锅炉/01_Full完整方法/R2/session_export/session.jsonl,5468ee68f7608fdd0d23153c816f19516d6e4a80b45643282124a4c77c34dcfc
C-75-IND-GEN-R2,20260821_170948_8c11fc,generic_tool_agent,INDUSTRIAL,实验结果/04_实验C_规模与资源表现/075%规模/01_工业锅炉/03_通用工具调用型Agent/R2/session_export/session.jsonl,df08ea80d07c65940f50f217104cf18252f1232a6243fe7c7f07b10d8470f362
C-75-POW-GEN-R2,20260821_173347_8f2b00,generic_tool_agent,POWER,实验结果/04_实验C_规模与资源表现/075%规模/02_火电热力/03_通用工具调用型Agent/R2/session_export/session.jsonl,68b266e7235d69932d03d04e9a0eaaa500d82d8a6c4a9a525744e19b7088ec77
C-75-POW-FULL-R2,20260821_175145_01c98b,full,POWER,实验结果/04_实验C_规模与资源表现/075%规模/02_火电热力/01_Full完整方法/R2/session_export/session.jsonl,a665f4e1e22c33e3f4665a1d9c906c80b4c658eea04763a351b4396d86210f05
C-100-IND-GEN-R2,20260821_175250_25ad14,generic_tool_agent,INDUSTRIAL,实验结果/04_实验C_规模与资源表现/100%规模/01_工业锅炉/03_通用工具调用型Agent/R2/session_export/session.jsonl,e2f1bfb855d137eadcdcdbf1172fb223e1276d0ec7177004c83e13f1b74e2399
C-100-IND-FULL-R2,20260821_181701_ac88a8,full,INDUSTRIAL,实验结果/04_实验C_规模与资源表现/100%规模/01_工业锅炉/01_Full完整方法/R2/session_export/session.jsonl,678c98ad6d48e0c7a77977f09ab40ae55dbca94f9ceea2ad57e76e8d2487c1fa
C-100-POW-FULL-R2,20260821_181856_2453e1,full,POWER,实验结果/04_实验C_规模与资源表现/100%规模/02_火电热力/01_Full完整方法/R2/session_export/session.jsonl,2d47545552ed3900155dd1d7133651e0bdfa29e1008de513c8caad8595ef3bd0
C-100-POW-GEN-R2,20260821_182022_573b7f,generic_tool_agent,POWER,实验结果/04_实验C_规模与资源表现/100%规模/02_火电热力/03_通用工具调用型Agent/R2/session_export/session.jsonl,ec438f2498e64a83bcc69e7822a5cfd0c87c47292a3dada3a479146785eeb00f
C-25-IND-GEN-R3,20260821_183843_39a583,generic_tool_agent,INDUSTRIAL,实验结果/04_实验C_规模与资源表现/025%规模/01_工业锅炉/03_通用工具调用型Agent/R3/session_export/session.jsonl,31904d440970ee8c252eb3259f89a04c90e91d1727da157d7c685396d3259c28
C-25-IND-FULL-R3,20260821_185835_b369d5,full,INDUSTRIAL,实验结果/04_实验C_规模与资源表现/025%规模/01_工业锅炉/01_Full完整方法/R3/session_export/session.jsonl,dc58d9a3fa83c83b47b3d1c2c7295c838240db0b2e107fc582764918531828fb
C-25-POW-FULL-R3,20260821_185947_f44009,full,POWER,实验结果/04_实验C_规模与资源表现/025%规模/02_火电热力/01_Full完整方法/R3/session_export/session.jsonl,c5b8cbb0b482eb39813471136576aa078e55b3b2d995ad658faaf2e63f9eff0d
C-25-POW-GEN-R3,20260821_190049_089c25,generic_tool_agent,POWER,实验结果/04_实验C_规模与资源表现/025%规模/02_火电热力/03_通用工具调用型Agent/R3/session_export/session.jsonl,f749c64994fa1e6f80f9cad42ecffffebf0fccfc4de4077a7bd6e6db8c241b6c
C-50-IND-FULL-R3,20260821_192028_908a78,full,INDUSTRIAL,实验结果/04_实验C_规模与资源表现/050%规模/01_工业锅炉/01_Full完整方法/R3/session_export/session.jsonl,85717f1a9d782556c9a8c2ae5f3d03fc71a35a744ab99f2c1b6db36eabc4e9da
C-50-IND-GEN-R3,20260821_192144_750cd2,generic_tool_agent,INDUSTRIAL,实验结果/04_实验C_规模与资源表现/050%规模/01_工业锅炉/03_通用工具调用型Agent/R3/session_export/session.jsonl,47ae57a6bca7a430c700323c92bf13c594e85f392aa65f7441f9e41c252dcf17
C-50-POW-FULL-R3,20260821_194118_74e668,full,POWER,实验结果/04_实验C_规模与资源表现/050%规模/02_火电热力/01_Full完整方法/R3/session_export/session.jsonl,adacc85722785311f5463afa43bd77fbd28323d95181f3f3998850db43a18383
C-50-POW-GEN-R3,20260821_194227_4a3705,generic_tool_agent,POWER,实验结果/04_实验C_规模与资源表现/050%规模/02_火电热力/03_通用工具调用型Agent/R3/session_export/session.jsonl,4db79651f19d585f6fde835c171cac5450572b08dae8178e7dc543f45316b4a8
C-75-IND-GEN-R3,20260821_200228_d5c11d,generic_tool_agent,INDUSTRIAL,实验结果/04_实验C_规模与资源表现/075%规模/01_工业锅炉/03_通用工具调用型Agent/R3/session_export/session.jsonl,31afbe0962997fb2e91312c90c031ddda287d249f9a93f5f979f7427ae51cdf8
C-75-IND-FULL-R3,20260821_204833_a25232,full,INDUSTRIAL,实验结果/04_实验C_规模与资源表现/075%规模/01_工业锅炉/01_Full完整方法/R3/session_export/session.jsonl,6a0e6f37326590435caf911b2e5b9964cd0b5302f716535730cfff953289678c
C-75-POW-GEN-R3,20260821_205001_a04059,generic_tool_agent,POWER,实验结果/04_实验C_规模与资源表现/075%规模/02_火电热力/03_通用工具调用型Agent/R3/session_export/session.jsonl,28d6383c83fcceb8c1811a077766c0a12f023ce8f29487f4fa4f15743558a736
C-75-POW-FULL-R3,20260821_211135_f97c6c,full,POWER,实验结果/04_实验C_规模与资源表现/075%规模/02_火电热力/01_Full完整方法/R3/session_export/session.jsonl,a018be4d102053fe8cc96736e3c6769b9da6a16880a5ea42e651367ff18622e3
C-100-IND-FULL-R3,20260821_211250_4fff10,full,INDUSTRIAL,实验结果/04_实验C_规模与资源表现/100%规模/01_工业锅炉/01_Full完整方法/R3/session_export/session.jsonl,3036da8964cc079dca18d1a6c12c0c5fdd19a6c5d0c5b4c3e3f95cd0c4cfbfdd
C-100-IND-GEN-R3,20260821_211432_4f37a8,generic_tool_agent,INDUSTRIAL,实验结果/04_实验C_规模与资源表现/100%规模/01_工业锅炉/03_通用工具调用型Agent/R3/session_export/session.jsonl,0d5a4ecf0d6930ea11d927babbff92496fee035ce01b1ad1c2fe734b1b1247a6
C-100-POW-FULL-R3,20260821_213132_f10d76,full,POWER,实验结果/04_实验C_规模与资源表现/100%规模/02_火电热力/01_Full完整方法/R3/session_export/session.jsonl,98696e212a5a8cd3e1997c0a7a9c2648c42b2ad48993a027ec82bdece61f0470
C-100-POW-GEN-R3,20260821_213257_02e827,generic_tool_agent,POWER,实验结果/04_实验C_规模与资源表现/100%规模/02_火电热力/03_通用工具调用型Agent/R3/session_export/session.jsonl,6b02bbc1987fe1497a25aa95f492b246f11d84d35ef6e935d4d9a75c52f6bac1
D-IND-W_O_COMPLETE_TRACE,20260821_215643_a7d7ea,w_o_complete_trace,INDUSTRIAL,实验结果/05_实验D_方法组成贡献/04_去掉完整核算过程记录/01_工业锅炉/R1/session_export/session.jsonl,038af7b56edf2b1b638694d422dfc9c6244a0138c37ff3532b763211a7636b63
D-IND-AGENT_MANAGED_ADMISSION,20260821_215841_3a0991,agent_managed_admission,INDUSTRIAL,实验结果/05_实验D_方法组成贡献/03_Agent管理核算准入/01_工业锅炉/R1/session_export/session.jsonl,92667fea3628fc64f3150cb9eff0fbdcc62d8f3b546109e14c9f1d7bf97467bb
D-IND-W_O_EXECUTABLE_RULE_GATE,20260821_220151_aa3936,w_o_executable_rule_gate,INDUSTRIAL,实验结果/05_实验D_方法组成贡献/02_去掉可执行规则门控/01_工业锅炉/R1/session_export/session.jsonl,e073ad2c033c012553b59c7dadfe47e74839c856652b713891fc88b78269299b
D-IND-FULL,20260821_220815_c41b32,full,INDUSTRIAL,实验结果/05_实验D_方法组成贡献/00_Full参照/01_工业锅炉/R1/session_export/session.jsonl,375a2d0f9a2d1a8d290eb5c072db77021f8ad53ac82c9a7120eab2d9aa8044db
D-IND-W_O_CALCULATION_ITEM_STRUCTURE,20260821_220950_0ab7b5,w_o_calculation_item_structure,INDUSTRIAL,实验结果/05_实验D_方法组成贡献/01_去掉污染物核算项结构/01_工业锅炉/R1/session_export/session.jsonl,3e54632d74a15ffafeec9531d35a6ebc0859debb199277ba16c19ccb5d965a3f
D-POW-W_O_EXECUTABLE_RULE_GATE,20260821_221131_85846d,w_o_executable_rule_gate,POWER,实验结果/05_实验D_方法组成贡献/02_去掉可执行规则门控/02_火电热力/R1/session_export/session.jsonl,bca5818be3f2d92cb2f836deddfb75561b3c8c9f61a31552520421e9d913c977
D-POW-W_O_COMPLETE_TRACE,20260821_221557_9b3359,w_o_complete_trace,POWER,实验结果/05_实验D_方法组成贡献/04_去掉完整核算过程记录/02_火电热力/R1/session_export/session.jsonl,21c283c209ccdd9e3cd0f323277ff82ae4e304ca9b9d54717d315e4c00ddde1f
D-POW-W_O_CALCULATION_ITEM_STRUCTURE,20260821_221727_05e3f6,w_o_calculation_item_structure,POWER,实验结果/05_实验D_方法组成贡献/01_去掉污染物核算项结构/02_火电热力/R1/session_export/session.jsonl,3808fb7cca1c81bf3dbb079b6eec006fe5e00c83b5fbadd9d69e42ef639fedaa
D-POW-AGENT_MANAGED_ADMISSION,20260821_221848_0ee4b3,agent_managed_admission,POWER,实验结果/05_实验D_方法组成贡献/03_Agent管理核算准入/02_火电热力/R1/session_export/session.jsonl,b3e6d385b9c9824d45415bd0c80d4e53707162bc9319fd93e63952ff327e783a
D-POW-FULL,20260821_222109_308337,full,POWER,实验结果/05_实验D_方法组成贡献/00_Full参照/02_火电热力/R1/session_export/session.jsonl,edbd69c4c5d68cb518a62863d2cfdd99ea47eee04bec1233ea8fafffb27a5812
