experiment,run_id,method,scenario,target,scale_percent,input_variant,repetition,order_group,method_bundle_hash,runner,status,sequence
A,A-IND-FULL-R1,full,full,INDUSTRIAL,100,B0,1,A-R1-INDUSTRIAL,c42349a958331f3834d13145a20f0d6c62eb2880683ec76fbf6223b4df74002b,full_agent,pending,1
A,A-IND-GEN-R1,generic_tool_agent,generic_tool_agent,INDUSTRIAL,100,B0,1,A-R1-INDUSTRIAL,99783b8867b213f4eb18c314c4dc28d91d1ea1da9a1c61601c71d4267d823ade,generic_agent,pending,2
A,A-IND-DET-R1,deterministic_program,simple_deterministic,INDUSTRIAL,100,B0,1,A-R1-INDUSTRIAL,09884351b6f2ad68657c8408072c272aafe88ddcee0bdcbe7805ff7d67d9441a,deterministic,pending,3
A,A-POW-FULL-R1,full,full,POWER,100,B0,1,A-R1-POWER,c42349a958331f3834d13145a20f0d6c62eb2880683ec76fbf6223b4df74002b,full_agent,pending,4
A,A-POW-GEN-R1,generic_tool_agent,generic_tool_agent,POWER,100,B0,1,A-R1-POWER,99783b8867b213f4eb18c314c4dc28d91d1ea1da9a1c61601c71d4267d823ade,generic_agent,pending,5
A,A-POW-DET-R1,deterministic_program,simple_deterministic,POWER,100,B0,1,A-R1-POWER,09884351b6f2ad68657c8408072c272aafe88ddcee0bdcbe7805ff7d67d9441a,deterministic,pending,6
A,A-IND-FULL-R2,full,full,INDUSTRIAL,100,B0,2,A-R2-INDUSTRIAL,c42349a958331f3834d13145a20f0d6c62eb2880683ec76fbf6223b4df74002b,full_agent,pending,7
A,A-IND-DET-R2,deterministic_program,simple_deterministic,INDUSTRIAL,100,B0,2,A-R2-INDUSTRIAL,09884351b6f2ad68657c8408072c272aafe88ddcee0bdcbe7805ff7d67d9441a,deterministic,pending,8
A,A-IND-GEN-R2,generic_tool_agent,generic_tool_agent,INDUSTRIAL,100,B0,2,A-R2-INDUSTRIAL,99783b8867b213f4eb18c314c4dc28d91d1ea1da9a1c61601c71d4267d823ade,generic_agent,pending,9
A,A-POW-DET-R2,deterministic_program,simple_deterministic,POWER,100,B0,2,A-R2-POWER,09884351b6f2ad68657c8408072c272aafe88ddcee0bdcbe7805ff7d67d9441a,deterministic,pending,10
A,A-POW-FULL-R2,full,full,POWER,100,B0,2,A-R2-POWER,c42349a958331f3834d13145a20f0d6c62eb2880683ec76fbf6223b4df74002b,full_agent,pending,11
A,A-POW-GEN-R2,generic_tool_agent,generic_tool_agent,POWER,100,B0,2,A-R2-POWER,99783b8867b213f4eb18c314c4dc28d91d1ea1da9a1c61601c71d4267d823ade,generic_agent,pending,12
A,A-IND-DET-R3,deterministic_program,simple_deterministic,INDUSTRIAL,100,B0,3,A-R3-INDUSTRIAL,09884351b6f2ad68657c8408072c272aafe88ddcee0bdcbe7805ff7d67d9441a,deterministic,pending,13
A,A-IND-FULL-R3,full,full,INDUSTRIAL,100,B0,3,A-R3-INDUSTRIAL,c42349a958331f3834d13145a20f0d6c62eb2880683ec76fbf6223b4df74002b,full_agent,pending,14
A,A-IND-GEN-R3,generic_tool_agent,generic_tool_agent,INDUSTRIAL,100,B0,3,A-R3-INDUSTRIAL,99783b8867b213f4eb18c314c4dc28d91d1ea1da9a1c61601c71d4267d823ade,generic_agent,pending,15
A,A-POW-GEN-R3,generic_tool_agent,generic_tool_agent,POWER,100,B0,3,A-R3-POWER,99783b8867b213f4eb18c314c4dc28d91d1ea1da9a1c61601c71d4267d823ade,generic_agent,pending,16
A,A-POW-DET-R3,deterministic_program,simple_deterministic,POWER,100,B0,3,A-R3-POWER,09884351b6f2ad68657c8408072c272aafe88ddcee0bdcbe7805ff7d67d9441a,deterministic,pending,17
A,A-POW-FULL-R3,full,full,POWER,100,B0,3,A-R3-POWER,c42349a958331f3834d13145a20f0d6c62eb2880683ec76fbf6223b4df74002b,full_agent,pending,18
A,A-IND-HUM,expert_led,expert_led,INDUSTRIAL,100,B0,,A-HUM,161a87caf8d321e02cbed43908a15eca07bec877dfb53ed8fc1d9723254e9813,user_supplied,provided,19
A,A-POW-HUM,expert_led,expert_led,POWER,100,B0,,A-HUM,161a87caf8d321e02cbed43908a15eca07bec877dfb53ed8fc1d9723254e9813,user_supplied,provided,20
B,B-B0-IND-GEN,generic_tool_agent,generic_tool_agent,INDUSTRIAL,100,B0,1,B-B0-INDUSTRIAL,99783b8867b213f4eb18c314c4dc28d91d1ea1da9a1c61601c71d4267d823ade,generic_agent,pending,21
B,B-B0-IND-FULL,full,full,INDUSTRIAL,100,B0,1,B-B0-INDUSTRIAL,c42349a958331f3834d13145a20f0d6c62eb2880683ec76fbf6223b4df74002b,full_agent,pending,22
B,B-B0-IND-DET,deterministic_program,simple_deterministic,INDUSTRIAL,100,B0,1,B-B0-INDUSTRIAL,09884351b6f2ad68657c8408072c272aafe88ddcee0bdcbe7805ff7d67d9441a,deterministic,pending,23
B,B-B0-IND-HUM,expert_led,expert_led,INDUSTRIAL,100,B0,,B-B0-INDUSTRIAL,161a87caf8d321e02cbed43908a15eca07bec877dfb53ed8fc1d9723254e9813,user_supplied,provided,24
B,B-B0-POW-DET,deterministic_program,simple_deterministic,POWER,100,B0,1,B-B0-POWER,09884351b6f2ad68657c8408072c272aafe88ddcee0bdcbe7805ff7d67d9441a,deterministic,pending,25
B,B-B0-POW-FULL,full,full,POWER,100,B0,1,B-B0-POWER,c42349a958331f3834d13145a20f0d6c62eb2880683ec76fbf6223b4df74002b,full_agent,pending,26
B,B-B0-POW-GEN,generic_tool_agent,generic_tool_agent,POWER,100,B0,1,B-B0-POWER,99783b8867b213f4eb18c314c4dc28d91d1ea1da9a1c61601c71d4267d823ade,generic_agent,pending,27
B,B-B0-POW-HUM,expert_led,expert_led,POWER,100,B0,,B-B0-POWER,161a87caf8d321e02cbed43908a15eca07bec877dfb53ed8fc1d9723254e9813,user_supplied,provided,28
B,B-S1-IND-GEN,generic_tool_agent,generic_tool_agent,INDUSTRIAL,100,S1,1,B-S1-INDUSTRIAL,99783b8867b213f4eb18c314c4dc28d91d1ea1da9a1c61601c71d4267d823ade,generic_agent,pending,29
B,B-S1-IND-FULL,full,full,INDUSTRIAL,100,S1,1,B-S1-INDUSTRIAL,c42349a958331f3834d13145a20f0d6c62eb2880683ec76fbf6223b4df74002b,full_agent,pending,30
B,B-S1-IND-DET,deterministic_program,simple_deterministic,INDUSTRIAL,100,S1,1,B-S1-INDUSTRIAL,09884351b6f2ad68657c8408072c272aafe88ddcee0bdcbe7805ff7d67d9441a,deterministic,pending,31
B,B-S1-IND-HUM,expert_led,expert_led,INDUSTRIAL,100,S1,,B-S1-INDUSTRIAL,161a87caf8d321e02cbed43908a15eca07bec877dfb53ed8fc1d9723254e9813,user_supplied,provided,32
B,B-S1-POW-FULL,full,full,POWER,100,S1,1,B-S1-POWER,c42349a958331f3834d13145a20f0d6c62eb2880683ec76fbf6223b4df74002b,full_agent,pending,33
B,B-S1-POW-GEN,generic_tool_agent,generic_tool_agent,POWER,100,S1,1,B-S1-POWER,99783b8867b213f4eb18c314c4dc28d91d1ea1da9a1c61601c71d4267d823ade,generic_agent,pending,34
B,B-S1-POW-DET,deterministic_program,simple_deterministic,POWER,100,S1,1,B-S1-POWER,09884351b6f2ad68657c8408072c272aafe88ddcee0bdcbe7805ff7d67d9441a,deterministic,pending,35
B,B-S1-POW-HUM,expert_led,expert_led,POWER,100,S1,,B-S1-POWER,161a87caf8d321e02cbed43908a15eca07bec877dfb53ed8fc1d9723254e9813,user_supplied,provided,36
B,B-S2-IND-GEN,generic_tool_agent,generic_tool_agent,INDUSTRIAL,100,S2,1,B-S2-INDUSTRIAL,99783b8867b213f4eb18c314c4dc28d91d1ea1da9a1c61601c71d4267d823ade,generic_agent,pending,37
B,B-S2-IND-DET,deterministic_program,simple_deterministic,INDUSTRIAL,100,S2,1,B-S2-INDUSTRIAL,09884351b6f2ad68657c8408072c272aafe88ddcee0bdcbe7805ff7d67d9441a,deterministic,pending,38
B,B-S2-IND-FULL,full,full,INDUSTRIAL,100,S2,1,B-S2-INDUSTRIAL,c42349a958331f3834d13145a20f0d6c62eb2880683ec76fbf6223b4df74002b,full_agent,pending,39
B,B-S2-IND-HUM,expert_led,expert_led,INDUSTRIAL,100,S2,,B-S2-INDUSTRIAL,161a87caf8d321e02cbed43908a15eca07bec877dfb53ed8fc1d9723254e9813,user_supplied,provided,40
B,B-S2-POW-GEN,generic_tool_agent,generic_tool_agent,POWER,100,S2,1,B-S2-POWER,99783b8867b213f4eb18c314c4dc28d91d1ea1da9a1c61601c71d4267d823ade,generic_agent,pending,41
B,B-S2-POW-DET,deterministic_program,simple_deterministic,POWER,100,S2,1,B-S2-POWER,09884351b6f2ad68657c8408072c272aafe88ddcee0bdcbe7805ff7d67d9441a,deterministic,pending,42
B,B-S2-POW-FULL,full,full,POWER,100,S2,1,B-S2-POWER,c42349a958331f3834d13145a20f0d6c62eb2880683ec76fbf6223b4df74002b,full_agent,pending,43
B,B-S2-POW-HUM,expert_led,expert_led,POWER,100,S2,,B-S2-POWER,161a87caf8d321e02cbed43908a15eca07bec877dfb53ed8fc1d9723254e9813,user_supplied,provided,44
B,B-S3-IND-FULL,full,full,INDUSTRIAL,100,S3,1,B-S3-INDUSTRIAL,c42349a958331f3834d13145a20f0d6c62eb2880683ec76fbf6223b4df74002b,full_agent,pending,45
B,B-S3-IND-GEN,generic_tool_agent,generic_tool_agent,INDUSTRIAL,100,S3,1,B-S3-INDUSTRIAL,99783b8867b213f4eb18c314c4dc28d91d1ea1da9a1c61601c71d4267d823ade,generic_agent,pending,46
B,B-S3-IND-DET,deterministic_program,simple_deterministic,INDUSTRIAL,100,S3,1,B-S3-INDUSTRIAL,09884351b6f2ad68657c8408072c272aafe88ddcee0bdcbe7805ff7d67d9441a,deterministic,pending,47
B,B-S3-IND-HUM,expert_led,expert_led,INDUSTRIAL,100,S3,,B-S3-INDUSTRIAL,161a87caf8d321e02cbed43908a15eca07bec877dfb53ed8fc1d9723254e9813,user_supplied,provided,48
B,B-S3-POW-GEN,generic_tool_agent,generic_tool_agent,POWER,100,S3,1,B-S3-POWER,99783b8867b213f4eb18c314c4dc28d91d1ea1da9a1c61601c71d4267d823ade,generic_agent,pending,49
B,B-S3-POW-DET,deterministic_program,simple_deterministic,POWER,100,S3,1,B-S3-POWER,09884351b6f2ad68657c8408072c272aafe88ddcee0bdcbe7805ff7d67d9441a,deterministic,pending,50
B,B-S3-POW-FULL,full,full,POWER,100,S3,1,B-S3-POWER,c42349a958331f3834d13145a20f0d6c62eb2880683ec76fbf6223b4df74002b,full_agent,pending,51
B,B-S3-POW-HUM,expert_led,expert_led,POWER,100,S3,,B-S3-POWER,161a87caf8d321e02cbed43908a15eca07bec877dfb53ed8fc1d9723254e9813,user_supplied,provided,52
B,B-S4-IND-GEN,generic_tool_agent,generic_tool_agent,INDUSTRIAL,100,S4,1,B-S4-INDUSTRIAL,99783b8867b213f4eb18c314c4dc28d91d1ea1da9a1c61601c71d4267d823ade,generic_agent,pending,53
B,B-S4-IND-FULL,full,full,INDUSTRIAL,100,S4,1,B-S4-INDUSTRIAL,c42349a958331f3834d13145a20f0d6c62eb2880683ec76fbf6223b4df74002b,full_agent,pending,54
B,B-S4-IND-DET,deterministic_program,simple_deterministic,INDUSTRIAL,100,S4,1,B-S4-INDUSTRIAL,09884351b6f2ad68657c8408072c272aafe88ddcee0bdcbe7805ff7d67d9441a,deterministic,pending,55
B,B-S4-IND-HUM,expert_led,expert_led,INDUSTRIAL,100,S4,,B-S4-INDUSTRIAL,161a87caf8d321e02cbed43908a15eca07bec877dfb53ed8fc1d9723254e9813,user_supplied,provided,56
B,B-S4-POW-GEN,generic_tool_agent,generic_tool_agent,POWER,100,S4,1,B-S4-POWER,99783b8867b213f4eb18c314c4dc28d91d1ea1da9a1c61601c71d4267d823ade,generic_agent,pending,57
B,B-S4-POW-DET,deterministic_program,simple_deterministic,POWER,100,S4,1,B-S4-POWER,09884351b6f2ad68657c8408072c272aafe88ddcee0bdcbe7805ff7d67d9441a,deterministic,pending,58
B,B-S4-POW-FULL,full,full,POWER,100,S4,1,B-S4-POWER,c42349a958331f3834d13145a20f0d6c62eb2880683ec76fbf6223b4df74002b,full_agent,pending,59
B,B-S4-POW-HUM,expert_led,expert_led,POWER,100,S4,,B-S4-POWER,161a87caf8d321e02cbed43908a15eca07bec877dfb53ed8fc1d9723254e9813,user_supplied,provided,60
B,B-B2-IND-DET,deterministic_program,simple_deterministic,INDUSTRIAL,100,B2,1,B-B2-INDUSTRIAL,09884351b6f2ad68657c8408072c272aafe88ddcee0bdcbe7805ff7d67d9441a,deterministic,pending,61
B,B-B2-IND-GEN,generic_tool_agent,generic_tool_agent,INDUSTRIAL,100,B2,1,B-B2-INDUSTRIAL,99783b8867b213f4eb18c314c4dc28d91d1ea1da9a1c61601c71d4267d823ade,generic_agent,pending,62
B,B-B2-IND-FULL,full,full,INDUSTRIAL,100,B2,1,B-B2-INDUSTRIAL,c42349a958331f3834d13145a20f0d6c62eb2880683ec76fbf6223b4df74002b,full_agent,pending,63
B,B-B2-IND-HUM,expert_led,expert_led,INDUSTRIAL,100,B2,,B-B2-INDUSTRIAL,161a87caf8d321e02cbed43908a15eca07bec877dfb53ed8fc1d9723254e9813,user_supplied,provided,64
B,B-B2-POW-GEN,generic_tool_agent,generic_tool_agent,POWER,100,B2,1,B-B2-POWER,99783b8867b213f4eb18c314c4dc28d91d1ea1da9a1c61601c71d4267d823ade,generic_agent,pending,65
B,B-B2-POW-FULL,full,full,POWER,100,B2,1,B-B2-POWER,c42349a958331f3834d13145a20f0d6c62eb2880683ec76fbf6223b4df74002b,full_agent,pending,66
B,B-B2-POW-DET,deterministic_program,simple_deterministic,POWER,100,B2,1,B-B2-POWER,09884351b6f2ad68657c8408072c272aafe88ddcee0bdcbe7805ff7d67d9441a,deterministic,pending,67
B,B-B2-POW-HUM,expert_led,expert_led,POWER,100,B2,,B-B2-POWER,161a87caf8d321e02cbed43908a15eca07bec877dfb53ed8fc1d9723254e9813,user_supplied,provided,68
C,C-25-IND-GEN-R1,generic_tool_agent,generic_tool_agent,INDUSTRIAL,25,B0,1,C-R1-25-INDUSTRIAL,99783b8867b213f4eb18c314c4dc28d91d1ea1da9a1c61601c71d4267d823ade,generic_agent,pending,69
C,C-25-IND-DET-R1,deterministic_program,simple_deterministic,INDUSTRIAL,25,B0,1,C-R1-25-INDUSTRIAL,09884351b6f2ad68657c8408072c272aafe88ddcee0bdcbe7805ff7d67d9441a,deterministic,pending,70
C,C-25-IND-FULL-R1,full,full,INDUSTRIAL,25,B0,1,C-R1-25-INDUSTRIAL,c42349a958331f3834d13145a20f0d6c62eb2880683ec76fbf6223b4df74002b,full_agent,pending,71
C,C-25-POW-FULL-R1,full,full,POWER,25,B0,1,C-R1-25-POWER,c42349a958331f3834d13145a20f0d6c62eb2880683ec76fbf6223b4df74002b,full_agent,pending,72
C,C-25-POW-DET-R1,deterministic_program,simple_deterministic,POWER,25,B0,1,C-R1-25-POWER,09884351b6f2ad68657c8408072c272aafe88ddcee0bdcbe7805ff7d67d9441a,deterministic,pending,73
C,C-25-POW-GEN-R1,generic_tool_agent,generic_tool_agent,POWER,25,B0,1,C-R1-25-POWER,99783b8867b213f4eb18c314c4dc28d91d1ea1da9a1c61601c71d4267d823ade,generic_agent,pending,74
C,C-50-IND-GEN-R1,generic_tool_agent,generic_tool_agent,INDUSTRIAL,50,B0,1,C-R1-50-INDUSTRIAL,99783b8867b213f4eb18c314c4dc28d91d1ea1da9a1c61601c71d4267d823ade,generic_agent,pending,75
C,C-50-IND-DET-R1,deterministic_program,simple_deterministic,INDUSTRIAL,50,B0,1,C-R1-50-INDUSTRIAL,09884351b6f2ad68657c8408072c272aafe88ddcee0bdcbe7805ff7d67d9441a,deterministic,pending,76
C,C-50-IND-FULL-R1,full,full,INDUSTRIAL,50,B0,1,C-R1-50-INDUSTRIAL,c42349a958331f3834d13145a20f0d6c62eb2880683ec76fbf6223b4df74002b,full_agent,pending,77
C,C-50-POW-DET-R1,deterministic_program,simple_deterministic,POWER,50,B0,1,C-R1-50-POWER,09884351b6f2ad68657c8408072c272aafe88ddcee0bdcbe7805ff7d67d9441a,deterministic,pending,78
C,C-50-POW-FULL-R1,full,full,POWER,50,B0,1,C-R1-50-POWER,c42349a958331f3834d13145a20f0d6c62eb2880683ec76fbf6223b4df74002b,full_agent,pending,79
C,C-50-POW-GEN-R1,generic_tool_agent,generic_tool_agent,POWER,50,B0,1,C-R1-50-POWER,99783b8867b213f4eb18c314c4dc28d91d1ea1da9a1c61601c71d4267d823ade,generic_agent,pending,80
C,C-75-IND-DET-R1,deterministic_program,simple_deterministic,INDUSTRIAL,75,B0,1,C-R1-75-INDUSTRIAL,09884351b6f2ad68657c8408072c272aafe88ddcee0bdcbe7805ff7d67d9441a,deterministic,pending,81
C,C-75-IND-FULL-R1,full,full,INDUSTRIAL,75,B0,1,C-R1-75-INDUSTRIAL,c42349a958331f3834d13145a20f0d6c62eb2880683ec76fbf6223b4df74002b,full_agent,pending,82
C,C-75-IND-GEN-R1,generic_tool_agent,generic_tool_agent,INDUSTRIAL,75,B0,1,C-R1-75-INDUSTRIAL,99783b8867b213f4eb18c314c4dc28d91d1ea1da9a1c61601c71d4267d823ade,generic_agent,pending,83
C,C-75-POW-DET-R1,deterministic_program,simple_deterministic,POWER,75,B0,1,C-R1-75-POWER,09884351b6f2ad68657c8408072c272aafe88ddcee0bdcbe7805ff7d67d9441a,deterministic,pending,84
C,C-75-POW-FULL-R1,full,full,POWER,75,B0,1,C-R1-75-POWER,c42349a958331f3834d13145a20f0d6c62eb2880683ec76fbf6223b4df74002b,full_agent,pending,85
C,C-75-POW-GEN-R1,generic_tool_agent,generic_tool_agent,POWER,75,B0,1,C-R1-75-POWER,99783b8867b213f4eb18c314c4dc28d91d1ea1da9a1c61601c71d4267d823ade,generic_agent,pending,86
C,C-100-IND-GEN-R1,generic_tool_agent,generic_tool_agent,INDUSTRIAL,100,B0,1,C-R1-100-INDUSTRIAL,99783b8867b213f4eb18c314c4dc28d91d1ea1da9a1c61601c71d4267d823ade,generic_agent,pending,87
C,C-100-IND-FULL-R1,full,full,INDUSTRIAL,100,B0,1,C-R1-100-INDUSTRIAL,c42349a958331f3834d13145a20f0d6c62eb2880683ec76fbf6223b4df74002b,full_agent,pending,88
C,C-100-IND-DET-R1,deterministic_program,simple_deterministic,INDUSTRIAL,100,B0,1,C-R1-100-INDUSTRIAL,09884351b6f2ad68657c8408072c272aafe88ddcee0bdcbe7805ff7d67d9441a,deterministic,pending,89
C,C-100-POW-GEN-R1,generic_tool_agent,generic_tool_agent,POWER,100,B0,1,C-R1-100-POWER,99783b8867b213f4eb18c314c4dc28d91d1ea1da9a1c61601c71d4267d823ade,generic_agent,pending,90
C,C-100-POW-FULL-R1,full,full,POWER,100,B0,1,C-R1-100-POWER,c42349a958331f3834d13145a20f0d6c62eb2880683ec76fbf6223b4df74002b,full_agent,pending,91
C,C-100-POW-DET-R1,deterministic_program,simple_deterministic,POWER,100,B0,1,C-R1-100-POWER,09884351b6f2ad68657c8408072c272aafe88ddcee0bdcbe7805ff7d67d9441a,deterministic,pending,92
C,C-25-IND-FULL-R2,full,full,INDUSTRIAL,25,B0,2,C-R2-25-INDUSTRIAL,c42349a958331f3834d13145a20f0d6c62eb2880683ec76fbf6223b4df74002b,full_agent,pending,93
C,C-25-IND-GEN-R2,generic_tool_agent,generic_tool_agent,INDUSTRIAL,25,B0,2,C-R2-25-INDUSTRIAL,99783b8867b213f4eb18c314c4dc28d91d1ea1da9a1c61601c71d4267d823ade,generic_agent,pending,94
C,C-25-IND-DET-R2,deterministic_program,simple_deterministic,INDUSTRIAL,25,B0,2,C-R2-25-INDUSTRIAL,09884351b6f2ad68657c8408072c272aafe88ddcee0bdcbe7805ff7d67d9441a,deterministic,pending,95
C,C-25-POW-DET-R2,deterministic_program,simple_deterministic,POWER,25,B0,2,C-R2-25-POWER,09884351b6f2ad68657c8408072c272aafe88ddcee0bdcbe7805ff7d67d9441a,deterministic,pending,96
C,C-25-POW-FULL-R2,full,full,POWER,25,B0,2,C-R2-25-POWER,c42349a958331f3834d13145a20f0d6c62eb2880683ec76fbf6223b4df74002b,full_agent,pending,97
C,C-25-POW-GEN-R2,generic_tool_agent,generic_tool_agent,POWER,25,B0,2,C-R2-25-POWER,99783b8867b213f4eb18c314c4dc28d91d1ea1da9a1c61601c71d4267d823ade,generic_agent,pending,98
C,C-50-IND-DET-R2,deterministic_program,simple_deterministic,INDUSTRIAL,50,B0,2,C-R2-50-INDUSTRIAL,09884351b6f2ad68657c8408072c272aafe88ddcee0bdcbe7805ff7d67d9441a,deterministic,pending,99
C,C-50-IND-FULL-R2,full,full,INDUSTRIAL,50,B0,2,C-R2-50-INDUSTRIAL,c42349a958331f3834d13145a20f0d6c62eb2880683ec76fbf6223b4df74002b,full_agent,pending,100
C,C-50-IND-GEN-R2,generic_tool_agent,generic_tool_agent,INDUSTRIAL,50,B0,2,C-R2-50-INDUSTRIAL,99783b8867b213f4eb18c314c4dc28d91d1ea1da9a1c61601c71d4267d823ade,generic_agent,pending,101
C,C-50-POW-FULL-R2,full,full,POWER,50,B0,2,C-R2-50-POWER,c42349a958331f3834d13145a20f0d6c62eb2880683ec76fbf6223b4df74002b,full_agent,pending,102
C,C-50-POW-DET-R2,deterministic_program,simple_deterministic,POWER,50,B0,2,C-R2-50-POWER,09884351b6f2ad68657c8408072c272aafe88ddcee0bdcbe7805ff7d67d9441a,deterministic,pending,103
C,C-50-POW-GEN-R2,generic_tool_agent,generic_tool_agent,POWER,50,B0,2,C-R2-50-POWER,99783b8867b213f4eb18c314c4dc28d91d1ea1da9a1c61601c71d4267d823ade,generic_agent,pending,104
C,C-75-IND-DET-R2,deterministic_program,simple_deterministic,INDUSTRIAL,75,B0,2,C-R2-75-INDUSTRIAL,09884351b6f2ad68657c8408072c272aafe88ddcee0bdcbe7805ff7d67d9441a,deterministic,pending,105
C,C-75-IND-FULL-R2,full,full,INDUSTRIAL,75,B0,2,C-R2-75-INDUSTRIAL,c42349a958331f3834d13145a20f0d6c62eb2880683ec76fbf6223b4df74002b,full_agent,pending,106
C,C-75-IND-GEN-R2,generic_tool_agent,generic_tool_agent,INDUSTRIAL,75,B0,2,C-R2-75-INDUSTRIAL,99783b8867b213f4eb18c314c4dc28d91d1ea1da9a1c61601c71d4267d823ade,generic_agent,pending,107
C,C-75-POW-GEN-R2,generic_tool_agent,generic_tool_agent,POWER,75,B0,2,C-R2-75-POWER,99783b8867b213f4eb18c314c4dc28d91d1ea1da9a1c61601c71d4267d823ade,generic_agent,pending,108
C,C-75-POW-FULL-R2,full,full,POWER,75,B0,2,C-R2-75-POWER,c42349a958331f3834d13145a20f0d6c62eb2880683ec76fbf6223b4df74002b,full_agent,pending,109
C,C-75-POW-DET-R2,deterministic_program,simple_deterministic,POWER,75,B0,2,C-R2-75-POWER,09884351b6f2ad68657c8408072c272aafe88ddcee0bdcbe7805ff7d67d9441a,deterministic,pending,110
C,C-100-IND-GEN-R2,generic_tool_agent,generic_tool_agent,INDUSTRIAL,100,B0,2,C-R2-100-INDUSTRIAL,99783b8867b213f4eb18c314c4dc28d91d1ea1da9a1c61601c71d4267d823ade,generic_agent,pending,111
C,C-100-IND-FULL-R2,full,full,INDUSTRIAL,100,B0,2,C-R2-100-INDUSTRIAL,c42349a958331f3834d13145a20f0d6c62eb2880683ec76fbf6223b4df74002b,full_agent,pending,112
C,C-100-IND-DET-R2,deterministic_program,simple_deterministic,INDUSTRIAL,100,B0,2,C-R2-100-INDUSTRIAL,09884351b6f2ad68657c8408072c272aafe88ddcee0bdcbe7805ff7d67d9441a,deterministic,pending,113
C,C-100-POW-FULL-R2,full,full,POWER,100,B0,2,C-R2-100-POWER,c42349a958331f3834d13145a20f0d6c62eb2880683ec76fbf6223b4df74002b,full_agent,pending,114
C,C-100-POW-DET-R2,deterministic_program,simple_deterministic,POWER,100,B0,2,C-R2-100-POWER,09884351b6f2ad68657c8408072c272aafe88ddcee0bdcbe7805ff7d67d9441a,deterministic,pending,115
C,C-100-POW-GEN-R2,generic_tool_agent,generic_tool_agent,POWER,100,B0,2,C-R2-100-POWER,99783b8867b213f4eb18c314c4dc28d91d1ea1da9a1c61601c71d4267d823ade,generic_agent,pending,116
C,C-25-IND-GEN-R3,generic_tool_agent,generic_tool_agent,INDUSTRIAL,25,B0,3,C-R3-25-INDUSTRIAL,99783b8867b213f4eb18c314c4dc28d91d1ea1da9a1c61601c71d4267d823ade,generic_agent,pending,117
C,C-25-IND-DET-R3,deterministic_program,simple_deterministic,INDUSTRIAL,25,B0,3,C-R3-25-INDUSTRIAL,09884351b6f2ad68657c8408072c272aafe88ddcee0bdcbe7805ff7d67d9441a,deterministic,pending,118
C,C-25-IND-FULL-R3,full,full,INDUSTRIAL,25,B0,3,C-R3-25-INDUSTRIAL,c42349a958331f3834d13145a20f0d6c62eb2880683ec76fbf6223b4df74002b,full_agent,pending,119
C,C-25-POW-DET-R3,deterministic_program,simple_deterministic,POWER,25,B0,3,C-R3-25-POWER,09884351b6f2ad68657c8408072c272aafe88ddcee0bdcbe7805ff7d67d9441a,deterministic,pending,120
C,C-25-POW-FULL-R3,full,full,POWER,25,B0,3,C-R3-25-POWER,c42349a958331f3834d13145a20f0d6c62eb2880683ec76fbf6223b4df74002b,full_agent,pending,121
C,C-25-POW-GEN-R3,generic_tool_agent,generic_tool_agent,POWER,25,B0,3,C-R3-25-POWER,99783b8867b213f4eb18c314c4dc28d91d1ea1da9a1c61601c71d4267d823ade,generic_agent,pending,122
C,C-50-IND-FULL-R3,full,full,INDUSTRIAL,50,B0,3,C-R3-50-INDUSTRIAL,c42349a958331f3834d13145a20f0d6c62eb2880683ec76fbf6223b4df74002b,full_agent,pending,123
C,C-50-IND-GEN-R3,generic_tool_agent,generic_tool_agent,INDUSTRIAL,50,B0,3,C-R3-50-INDUSTRIAL,99783b8867b213f4eb18c314c4dc28d91d1ea1da9a1c61601c71d4267d823ade,generic_agent,pending,124
C,C-50-IND-DET-R3,deterministic_program,simple_deterministic,INDUSTRIAL,50,B0,3,C-R3-50-INDUSTRIAL,09884351b6f2ad68657c8408072c272aafe88ddcee0bdcbe7805ff7d67d9441a,deterministic,pending,125
C,C-50-POW-FULL-R3,full,full,POWER,50,B0,3,C-R3-50-POWER,c42349a958331f3834d13145a20f0d6c62eb2880683ec76fbf6223b4df74002b,full_agent,pending,126
C,C-50-POW-GEN-R3,generic_tool_agent,generic_tool_agent,POWER,50,B0,3,C-R3-50-POWER,99783b8867b213f4eb18c314c4dc28d91d1ea1da9a1c61601c71d4267d823ade,generic_agent,pending,127
C,C-50-POW-DET-R3,deterministic_program,simple_deterministic,POWER,50,B0,3,C-R3-50-POWER,09884351b6f2ad68657c8408072c272aafe88ddcee0bdcbe7805ff7d67d9441a,deterministic,pending,128
C,C-75-IND-DET-R3,deterministic_program,simple_deterministic,INDUSTRIAL,75,B0,3,C-R3-75-INDUSTRIAL,09884351b6f2ad68657c8408072c272aafe88ddcee0bdcbe7805ff7d67d9441a,deterministic,pending,129
C,C-75-IND-GEN-R3,generic_tool_agent,generic_tool_agent,INDUSTRIAL,75,B0,3,C-R3-75-INDUSTRIAL,99783b8867b213f4eb18c314c4dc28d91d1ea1da9a1c61601c71d4267d823ade,generic_agent,pending,130
C,C-75-IND-FULL-R3,full,full,INDUSTRIAL,75,B0,3,C-R3-75-INDUSTRIAL,c42349a958331f3834d13145a20f0d6c62eb2880683ec76fbf6223b4df74002b,full_agent,pending,131
C,C-75-POW-GEN-R3,generic_tool_agent,generic_tool_agent,POWER,75,B0,3,C-R3-75-POWER,99783b8867b213f4eb18c314c4dc28d91d1ea1da9a1c61601c71d4267d823ade,generic_agent,pending,132
C,C-75-POW-FULL-R3,full,full,POWER,75,B0,3,C-R3-75-POWER,c42349a958331f3834d13145a20f0d6c62eb2880683ec76fbf6223b4df74002b,full_agent,pending,133
C,C-75-POW-DET-R3,deterministic_program,simple_deterministic,POWER,75,B0,3,C-R3-75-POWER,09884351b6f2ad68657c8408072c272aafe88ddcee0bdcbe7805ff7d67d9441a,deterministic,pending,134
C,C-100-IND-DET-R3,deterministic_program,simple_deterministic,INDUSTRIAL,100,B0,3,C-R3-100-INDUSTRIAL,09884351b6f2ad68657c8408072c272aafe88ddcee0bdcbe7805ff7d67d9441a,deterministic,pending,135
C,C-100-IND-FULL-R3,full,full,INDUSTRIAL,100,B0,3,C-R3-100-INDUSTRIAL,c42349a958331f3834d13145a20f0d6c62eb2880683ec76fbf6223b4df74002b,full_agent,pending,136
C,C-100-IND-GEN-R3,generic_tool_agent,generic_tool_agent,INDUSTRIAL,100,B0,3,C-R3-100-INDUSTRIAL,99783b8867b213f4eb18c314c4dc28d91d1ea1da9a1c61601c71d4267d823ade,generic_agent,pending,137
C,C-100-POW-FULL-R3,full,full,POWER,100,B0,3,C-R3-100-POWER,c42349a958331f3834d13145a20f0d6c62eb2880683ec76fbf6223b4df74002b,full_agent,pending,138
C,C-100-POW-GEN-R3,generic_tool_agent,generic_tool_agent,POWER,100,B0,3,C-R3-100-POWER,99783b8867b213f4eb18c314c4dc28d91d1ea1da9a1c61601c71d4267d823ade,generic_agent,pending,139
C,C-100-POW-DET-R3,deterministic_program,simple_deterministic,POWER,100,B0,3,C-R3-100-POWER,09884351b6f2ad68657c8408072c272aafe88ddcee0bdcbe7805ff7d67d9441a,deterministic,pending,140
D,D-IND-W_O_COMPLETE_TRACE,w_o_complete_trace,w_o_complete_trace,INDUSTRIAL,100,B0,1,D-INDUSTRIAL,c98ec7d7a5fcb72c2fdcdfd52fbfcd193e9076f4c57dfda860458005914b012f,ablation_agent,pending,141
D,D-IND-AGENT_MANAGED_ADMISSION,agent_managed_admission,agent_managed_admission,INDUSTRIAL,100,B0,1,D-INDUSTRIAL,ca6277b93923c02e66a19bbf7f66eb520b69439d367981b0cdee8d67d6ec3a3a,ablation_agent,pending,142
D,D-IND-W_O_EXECUTABLE_RULE_GATE,w_o_executable_rule_gate,w_o_executable_rule_gate,INDUSTRIAL,100,B0,1,D-INDUSTRIAL,5b9bee8c937c625d7f789f39242fd7db137a1c9f36726ac46fad2366d5178393,ablation_agent,pending,143
D,D-IND-FULL,full,full,INDUSTRIAL,100,B0,1,D-INDUSTRIAL,c42349a958331f3834d13145a20f0d6c62eb2880683ec76fbf6223b4df74002b,full_agent,pending,144
D,D-IND-W_O_CALCULATION_ITEM_STRUCTURE,w_o_calculation_item_structure,w_o_calculation_item_structure,INDUSTRIAL,100,B0,1,D-INDUSTRIAL,ddd36145d1800bd5ee44ebd493524d6adfda762fd8ea6b7817b0e25afd42d432,ablation_agent,pending,145
D,D-POW-W_O_EXECUTABLE_RULE_GATE,w_o_executable_rule_gate,w_o_executable_rule_gate,POWER,100,B0,1,D-POWER,5b9bee8c937c625d7f789f39242fd7db137a1c9f36726ac46fad2366d5178393,ablation_agent,pending,146
D,D-POW-W_O_COMPLETE_TRACE,w_o_complete_trace,w_o_complete_trace,POWER,100,B0,1,D-POWER,c98ec7d7a5fcb72c2fdcdfd52fbfcd193e9076f4c57dfda860458005914b012f,ablation_agent,pending,147
D,D-POW-W_O_CALCULATION_ITEM_STRUCTURE,w_o_calculation_item_structure,w_o_calculation_item_structure,POWER,100,B0,1,D-POWER,ddd36145d1800bd5ee44ebd493524d6adfda762fd8ea6b7817b0e25afd42d432,ablation_agent,pending,148
D,D-POW-AGENT_MANAGED_ADMISSION,agent_managed_admission,agent_managed_admission,POWER,100,B0,1,D-POWER,ca6277b93923c02e66a19bbf7f66eb520b69439d367981b0cdee8d67d6ec3a3a,ablation_agent,pending,149
D,D-POW-FULL,full,full,POWER,100,B0,1,D-POWER,c42349a958331f3834d13145a20f0d6c62eb2880683ec76fbf6223b4df74002b,full_agent,pending,150
