方法,源类,扰动,原输入运行,扰动运行,比较项数,一致项数,差异项数,语义保持率,差异字段分布
简单确定性脚本,工业锅炉,S1,B-B0-IND-DET,B-S1-IND-DET,36414,0,36414,0,"{""row_presence"":36414}"
简单确定性脚本,工业锅炉,S2,B-B0-IND-DET,B-S2-IND-DET,36414,0,36414,0,"{""row_presence"":36414}"
简单确定性脚本,工业锅炉,S3,B-B0-IND-DET,B-S3-IND-DET,36414,36414,0,1,{}
简单确定性脚本,工业锅炉,S4,B-B0-IND-DET,B-S4-IND-DET,36414,0,36414,0,"{""row_presence"":36414}"
简单确定性脚本,火电热力,S1,B-B0-POW-DET,B-S1-POW-DET,5535,0,5535,0,"{""row_presence"":5535}"
简单确定性脚本,火电热力,S2,B-B0-POW-DET,B-S2-POW-DET,5535,0,5535,0,"{""row_presence"":5535}"
简单确定性脚本,火电热力,S3,B-B0-POW-DET,B-S3-POW-DET,5535,5535,0,1,{}
简单确定性脚本,火电热力,S4,B-B0-POW-DET,B-S4-POW-DET,5535,0,5535,0,"{""row_presence"":5535}"
Full完整方法,工业锅炉,S1,B-B0-IND-FULL,B-S1-IND-FULL,36414,36414,0,1,{}
Full完整方法,工业锅炉,S2,B-B0-IND-FULL,B-S2-IND-FULL,36414,36414,0,1,{}
Full完整方法,工业锅炉,S3,B-B0-IND-FULL,B-S3-IND-FULL,36414,36414,0,1,{}
Full完整方法,工业锅炉,S4,B-B0-IND-FULL,B-S4-IND-FULL,36414,36414,0,1,{}
Full完整方法,火电热力,S1,B-B0-POW-FULL,B-S1-POW-FULL,5535,5535,0,1,{}
Full完整方法,火电热力,S2,B-B0-POW-FULL,B-S2-POW-FULL,5535,5535,0,1,{}
Full完整方法,火电热力,S3,B-B0-POW-FULL,B-S3-POW-FULL,5535,5535,0,1,{}
Full完整方法,火电热力,S4,B-B0-POW-FULL,B-S4-POW-FULL,5535,5535,0,1,{}
通用工具Agent,工业锅炉,S1,B-B0-IND-GEN,B-S1-IND-GEN,53298,0,53298,0,"{""method"":46665,""parameter"":14689,""standard_reference"":46665,""reason_codes"":46512,""status"":5504,""activity"":5168,""control"":12710,""emission_t"":2842,""generation_t"":651,""row_presence"":6633}"
通用工具Agent,工业锅炉,S2,B-B0-IND-GEN,B-S2-IND-GEN,53298,0,53298,0,"{""method"":46665,""standard_reference"":46665,""reason_codes"":46665,""status"":6218,""parameter"":7275,""generation_t"":7035,""emission_t"":7463,""control"":4375,""row_presence"":6633,""activity"":792}"
通用工具Agent,工业锅炉,S3,B-B0-IND-GEN,B-S3-IND-GEN,47979,0,47979,0,"{""method"":45873,""parameter"":15456,""standard_reference"":45873,""reason_codes"":9209,""status"":5164,""control"":7730,""emission_t"":4280,""generation_t"":1109,""row_presence"":2106,""activity"":72}"
通用工具Agent,工业锅炉,S4,B-B0-IND-GEN,B-S4-IND-GEN,53298,0,53298,0,"{""method"":46512,""activity"":14853,""parameter"":15909,""control"":16278,""standard_reference"":46665,""reason_codes"":46665,""status"":5964,""generation_t"":1688,""emission_t"":2232,""row_presence"":6633}"
通用工具Agent,火电热力,S1,B-B0-POW-GEN,B-S1-POW-GEN,53298,0,53298,0,"{""row_presence"":46665,""method"":6633,""standard_reference"":6605,""reason_codes"":6633,""status"":997,""parameter"":1005,""control"":3537,""emission_t"":1174,""generation_t"":897,""activity"":81}"
通用工具Agent,火电热力,S2,B-B0-POW-GEN,B-S2-POW-GEN,53298,0,53298,0,"{""row_presence"":46665,""method"":6633,""activity"":4162,""parameter"":4691,""control"":4433,""standard_reference"":4663,""reason_codes"":6490,""status"":3221,""generation_t"":1351,""emission_t"":1425}"
通用工具Agent,火电热力,S3,B-B0-POW-GEN,B-S3-POW-GEN,7344,0,7344,0,"{""status"":1110,""method"":6633,""parameter"":1498,""control"":4010,""standard_reference"":6633,""reason_codes"":6633,""generation_t"":1856,""emission_t"":2092,""row_presence"":711}"
通用工具Agent,火电热力,S4,B-B0-POW-GEN,B-S4-POW-GEN,53298,0,53298,0,"{""row_presence"":46665,""status"":2322,""method"":6633,""parameter"":2618,""control"":4382,""standard_reference"":5799,""reason_codes"":6633,""generation_t"":1603,""emission_t"":1655,""activity"":1827}"
既有专家主导型清单编制流程,工业锅炉,S1,A-IND-HUM,EW-S1-IND,37791,待核定,待核定,待核定,"{""status"": 7175, ""method"": 36198, ""activity"": 32520, ""parameter"": 31697, ""standard_reference"": 36198, ""reason_codes"": 36198, ""emission_t"": 10964, ""control"": 24100, ""generation_t"": 8376, ""row_presence"": 1593}"
既有专家主导型清单编制流程,火电热力,S1,A-POW-HUM,EW-S1-POW,6705,待核定,待核定,待核定,"{""status"": 2298, ""method"": 2664, ""activity"": 2664, ""parameter"": 2664, ""control"": 1322, ""standard_reference"": 2664, ""reason_codes"": 2664, ""emission_t"": 2320, ""generation_t"": 1319, ""row_presence"": 4041}"
既有专家主导型清单编制流程,工业锅炉,S2,A-IND-HUM,EW-S2-IND,46773,待核定,待核定,待核定,"{""row_presence"": 10233, ""method"": 36540, ""activity"": 32803, ""parameter"": 32803, ""control"": 26241, ""standard_reference"": 36540, ""reason_codes"": 36540, ""emission_t"": 11348, ""status"": 7135, ""generation_t"": 8690}"
既有专家主导型清单编制流程,火电热力,S2,A-POW-HUM,EW-S2-POW,6705,待核定,待核定,待核定,"{""status"": 2176, ""method"": 2664, ""activity"": 2664, ""parameter"": 2368, ""control"": 1690, ""standard_reference"": 2664, ""reason_codes"": 2664, ""emission_t"": 2254, ""generation_t"": 1495, ""row_presence"": 4041}"
既有专家主导型清单编制流程,工业锅炉,S3,A-IND-HUM,EW-S3-IND,48006,待核定,待核定,待核定,"{""row_presence"": 11799, ""status"": 8541, ""method"": 36207, ""activity"": 32184, ""parameter"": 31604, ""standard_reference"": 36207, ""reason_codes"": 4922, ""emission_t"": 8713, ""control"": 31285, ""generation_t"": 4726}"
既有专家主导型清单编制流程,火电热力,S3,A-POW-HUM,EW-S3-POW,6705,待核定,待核定,待核定,"{""status"": 2143, ""method"": 2664, ""activity"": 2368, ""parameter"": 2664, ""control"": 1854, ""standard_reference"": 2664, ""reason_codes"": 2664, ""emission_t"": 2208, ""generation_t"": 1500, ""row_presence"": 4041}"
既有专家主导型清单编制流程,工业锅炉,S4,A-IND-HUM,EW-S4-IND,47844,待核定,待核定,待核定,"{""row_presence"": 12375, ""method"": 35469, ""activity"": 35469, ""parameter"": 35469, ""control"": 29181, ""standard_reference"": 35469, ""status"": 7670, ""reason_codes"": 7670, ""generation_t"": 8254, ""emission_t"": 11321}"
既有专家主导型清单编制流程,火电热力,S4,A-POW-HUM,EW-S4-POW,6705,待核定,待核定,待核定,"{""status"": 2307, ""method"": 2664, ""activity"": 2664, ""parameter"": 2345, ""control"": 1206, ""standard_reference"": 2664, ""reason_codes"": 2664, ""emission_t"": 2328, ""generation_t"": 1523, ""row_presence"": 4041}"
