source_class,method,run,metric,estimate,ci95_lower,ci95_upper,n_sources,n_runs,missing_source_outputs
INDUSTRIAL,deterministic_program,mean,macro_f1,0.0,0.0,0.0,150,1,0
INDUSTRIAL,deterministic_program,mean,root_recall,0.0,0,0.031019166418703486,120,1,0
INDUSTRIAL,deterministic_program,mean,targeted_success_rate,0.0,0,0.031019166418703486,120,1,0
INDUSTRIAL,deterministic_program,mean,false_alarm_rate,0.0,0,0.11351339317396876,30,1,0
INDUSTRIAL,full,mean,macro_f1,0.6666666666666666,0.6666666666666666,0.6666666666666666,150,3,0
INDUSTRIAL,full,mean,root_recall,0.75,0.75,0.75,120,3,0
INDUSTRIAL,full,mean,targeted_success_rate,0.75,0.75,0.75,120,3,0
INDUSTRIAL,full,mean,false_alarm_rate,0.0,0.0,0.0,30,3,0
INDUSTRIAL,generic_tool_agent,mean,macro_f1,0.5177946854417442,0.5061440677966101,0.525,150,3,4
INDUSTRIAL,generic_tool_agent,mean,root_recall,0.4083333333333333,0.39444444444444443,0.4166666666666667,120,3,4
INDUSTRIAL,generic_tool_agent,mean,targeted_success_rate,0.07777777777777778,0.06944444444444445,0.08333333333333333,120,3,4
INDUSTRIAL,generic_tool_agent,mean,false_alarm_rate,0.0,0.0,0.0,30,3,4
POWER,deterministic_program,mean,macro_f1,0.0,0.0,0.0,150,1,0
POWER,deterministic_program,mean,root_recall,0.0,0,0.031019166418703486,120,1,0
POWER,deterministic_program,mean,targeted_success_rate,0.0,0,0.031019166418703486,120,1,0
POWER,deterministic_program,mean,false_alarm_rate,0.0,0,0.11351339317396876,30,1,0
POWER,full,mean,macro_f1,0.6666666666666666,0.6666666666666666,0.6666666666666666,150,3,0
POWER,full,mean,root_recall,0.75,0.75,0.75,120,3,0
POWER,full,mean,targeted_success_rate,0.75,0.75,0.75,120,3,0
POWER,full,mean,false_alarm_rate,0.0,0.0,0.0,30,3,0
POWER,generic_tool_agent,mean,macro_f1,0.6164156626506024,0.5942268600081312,0.6346910112359551,150,3,0
POWER,generic_tool_agent,mean,root_recall,0.5277777777777778,0.49444444444444446,0.5583333333333333,120,3,0
POWER,generic_tool_agent,mean,targeted_success_rate,0.25833333333333336,0.21666666666666667,0.3,120,3,0
POWER,generic_tool_agent,mean,false_alarm_rate,0.011111111111111112,0.0,0.03333333333333333,30,3,0
INDUSTRIAL,expert_led,mean,macro_f1,0.899240972733972,0.8684848484848485,0.9296532045654082,150,1,4
INDUSTRIAL,expert_led,mean,root_recall,0.975,0.9290699666721339,0.9914618252300978,120,1,4
INDUSTRIAL,expert_led,mean,targeted_success_rate,0.008333333333333333,0.0014725557333420923,0.045696291245049675,120,1,4
INDUSTRIAL,expert_led,mean,false_alarm_rate,0.1,0.03459988874733419,0.25621082579184085,30,1,4
POWER,expert_led,mean,macro_f1,0.8556338028169014,0.8513513513513513,0.8611111111111112,150,1,0
POWER,expert_led,mean,root_recall,1.0,0.9689808335812966,1,120,1,0
POWER,expert_led,mean,targeted_success_rate,0.0,0,0.031019166418703486,120,1,0
POWER,expert_led,mean,false_alarm_rate,1.0,0.8864866068260312,0.9999999999999999,30,1,0
