源类,方法,运行,对象类别,对象数,根因正确数,定向处置成功数,标记异常对象数,输出缺失对象数
工业锅炉,确定性脚本,B2-300-IND-DET-R1,ACTIVITY_MISSING,30,0,0,0,0
工业锅炉,确定性脚本,B2-300-IND-DET-R1,HARD_CONSTRAINT_CONFLICT,30,0,0,30,0
工业锅炉,确定性脚本,B2-300-IND-DET-R1,NO_ANOMALY,30,0,0,0,0
工业锅炉,确定性脚本,B2-300-IND-DET-R1,SOURCE_RELATION_MISSING,30,0,0,0,0
工业锅炉,确定性脚本,B2-300-IND-DET-R1,POLLUTANT_PARAMETER_MISSING,30,0,0,30,0
工业锅炉,Full,B2-300-IND-FULL-R1,ACTIVITY_MISSING,30,30,30,30,0
工业锅炉,Full,B2-300-IND-FULL-R1,HARD_CONSTRAINT_CONFLICT,30,0,0,30,0
工业锅炉,Full,B2-300-IND-FULL-R1,NO_ANOMALY,30,0,0,0,0
工业锅炉,Full,B2-300-IND-FULL-R1,SOURCE_RELATION_MISSING,30,30,30,30,0
工业锅炉,Full,B2-300-IND-FULL-R1,POLLUTANT_PARAMETER_MISSING,30,30,30,30,0
工业锅炉,Full,B2-300-IND-FULL-R2,ACTIVITY_MISSING,30,30,30,30,0
工业锅炉,Full,B2-300-IND-FULL-R2,HARD_CONSTRAINT_CONFLICT,30,0,0,30,0
工业锅炉,Full,B2-300-IND-FULL-R2,NO_ANOMALY,30,0,0,0,0
工业锅炉,Full,B2-300-IND-FULL-R2,SOURCE_RELATION_MISSING,30,30,30,30,0
工业锅炉,Full,B2-300-IND-FULL-R2,POLLUTANT_PARAMETER_MISSING,30,30,30,30,0
工业锅炉,Full,B2-300-IND-FULL-R3,ACTIVITY_MISSING,30,30,30,30,0
工业锅炉,Full,B2-300-IND-FULL-R3,HARD_CONSTRAINT_CONFLICT,30,0,0,30,0
工业锅炉,Full,B2-300-IND-FULL-R3,NO_ANOMALY,30,0,0,0,0
工业锅炉,Full,B2-300-IND-FULL-R3,SOURCE_RELATION_MISSING,30,30,30,30,0
工业锅炉,Full,B2-300-IND-FULL-R3,POLLUTANT_PARAMETER_MISSING,30,30,30,30,0
工业锅炉,通用Agent,B2-300-IND-GEN-R1,ACTIVITY_MISSING,30,29,0,29,0
工业锅炉,通用Agent,B2-300-IND-GEN-R1,HARD_CONSTRAINT_CONFLICT,30,30,0,30,0
工业锅炉,通用Agent,B2-300-IND-GEN-R1,NO_ANOMALY,30,0,0,0,0
工业锅炉,通用Agent,B2-300-IND-GEN-R1,SOURCE_RELATION_MISSING,30,0,0,0,0
工业锅炉,通用Agent,B2-300-IND-GEN-R1,POLLUTANT_PARAMETER_MISSING,30,0,0,0,0
工业锅炉,通用Agent,B2-300-IND-GEN-R2,ACTIVITY_MISSING,30,29,0,29,0
工业锅炉,通用Agent,B2-300-IND-GEN-R2,HARD_CONSTRAINT_CONFLICT,30,30,0,30,0
工业锅炉,通用Agent,B2-300-IND-GEN-R2,NO_ANOMALY,30,0,0,0,0
工业锅炉,通用Agent,B2-300-IND-GEN-R2,SOURCE_RELATION_MISSING,30,0,0,1,0
工业锅炉,通用Agent,B2-300-IND-GEN-R2,POLLUTANT_PARAMETER_MISSING,30,0,0,29,0
工业锅炉,通用Agent,B2-300-IND-GEN-R3,ACTIVITY_MISSING,30,0,0,29,1
工业锅炉,通用Agent,B2-300-IND-GEN-R3,HARD_CONSTRAINT_CONFLICT,30,0,0,30,0
工业锅炉,通用Agent,B2-300-IND-GEN-R3,NO_ANOMALY,30,0,0,0,1
工业锅炉,通用Agent,B2-300-IND-GEN-R3,SOURCE_RELATION_MISSING,30,0,0,0,1
工业锅炉,通用Agent,B2-300-IND-GEN-R3,POLLUTANT_PARAMETER_MISSING,30,29,28,29,1
火电热力,确定性脚本,B2-300-POW-DET-R1,SOURCE_RELATION_MISSING,30,0,0,0,0
火电热力,确定性脚本,B2-300-POW-DET-R1,NO_ANOMALY,30,0,0,0,0
火电热力,确定性脚本,B2-300-POW-DET-R1,HARD_CONSTRAINT_CONFLICT,30,0,0,30,0
火电热力,确定性脚本,B2-300-POW-DET-R1,ACTIVITY_MISSING,30,0,0,0,0
火电热力,确定性脚本,B2-300-POW-DET-R1,POLLUTANT_PARAMETER_MISSING,30,0,0,30,0
火电热力,Full,B2-300-POW-FULL-R1,SOURCE_RELATION_MISSING,30,30,30,30,0
火电热力,Full,B2-300-POW-FULL-R1,NO_ANOMALY,30,0,0,0,0
火电热力,Full,B2-300-POW-FULL-R1,HARD_CONSTRAINT_CONFLICT,30,0,0,30,0
火电热力,Full,B2-300-POW-FULL-R1,ACTIVITY_MISSING,30,30,30,30,0
火电热力,Full,B2-300-POW-FULL-R1,POLLUTANT_PARAMETER_MISSING,30,30,30,30,0
火电热力,Full,B2-300-POW-FULL-R2,SOURCE_RELATION_MISSING,30,30,30,30,0
火电热力,Full,B2-300-POW-FULL-R2,NO_ANOMALY,30,0,0,0,0
火电热力,Full,B2-300-POW-FULL-R2,HARD_CONSTRAINT_CONFLICT,30,0,0,30,0
火电热力,Full,B2-300-POW-FULL-R2,ACTIVITY_MISSING,30,30,30,30,0
火电热力,Full,B2-300-POW-FULL-R2,POLLUTANT_PARAMETER_MISSING,30,30,30,30,0
火电热力,Full,B2-300-POW-FULL-R3,SOURCE_RELATION_MISSING,30,30,30,30,0
火电热力,Full,B2-300-POW-FULL-R3,NO_ANOMALY,30,0,0,0,0
火电热力,Full,B2-300-POW-FULL-R3,HARD_CONSTRAINT_CONFLICT,30,0,0,30,0
火电热力,Full,B2-300-POW-FULL-R3,ACTIVITY_MISSING,30,30,30,30,0
火电热力,Full,B2-300-POW-FULL-R3,POLLUTANT_PARAMETER_MISSING,30,30,30,30,0
火电热力,通用Agent,B2-300-POW-GEN-R1,SOURCE_RELATION_MISSING,30,0,0,0,0
火电热力,通用Agent,B2-300-POW-GEN-R1,NO_ANOMALY,30,0,0,0,0
火电热力,通用Agent,B2-300-POW-GEN-R1,HARD_CONSTRAINT_CONFLICT,30,0,0,0,0
火电热力,通用Agent,B2-300-POW-GEN-R1,ACTIVITY_MISSING,30,24,0,24,0
火电热力,通用Agent,B2-300-POW-GEN-R1,POLLUTANT_PARAMETER_MISSING,30,0,0,0,0
火电热力,通用Agent,B2-300-POW-GEN-R2,SOURCE_RELATION_MISSING,30,0,0,2,0
火电热力,通用Agent,B2-300-POW-GEN-R2,NO_ANOMALY,30,0,0,1,0
火电热力,通用Agent,B2-300-POW-GEN-R2,HARD_CONSTRAINT_CONFLICT,30,26,16,26,0
火电热力,通用Agent,B2-300-POW-GEN-R2,ACTIVITY_MISSING,30,28,14,30,0
火电热力,通用Agent,B2-300-POW-GEN-R2,POLLUTANT_PARAMETER_MISSING,30,30,0,30,0
火电热力,通用Agent,B2-300-POW-GEN-R3,SOURCE_RELATION_MISSING,30,0,0,0,0
火电热力,通用Agent,B2-300-POW-GEN-R3,NO_ANOMALY,30,0,0,0,0
火电热力,通用Agent,B2-300-POW-GEN-R3,HARD_CONSTRAINT_CONFLICT,30,28,19,28,0
火电热力,通用Agent,B2-300-POW-GEN-R3,ACTIVITY_MISSING,30,24,14,24,0
火电热力,通用Agent,B2-300-POW-GEN-R3,POLLUTANT_PARAMETER_MISSING,30,30,30,30,0
工业锅炉,既有专家主导型清单编制流程,EW-B2-IND,ACTIVITY_MISSING,30,29,1,29,1
工业锅炉,既有专家主导型清单编制流程,EW-B2-IND,HARD_CONSTRAINT_CONFLICT,30,30,0,30,0
工业锅炉,既有专家主导型清单编制流程,EW-B2-IND,NO_ANOMALY,30,0,0,3,1
工业锅炉,既有专家主导型清单编制流程,EW-B2-IND,SOURCE_RELATION_MISSING,30,29,0,29,1
工业锅炉,既有专家主导型清单编制流程,EW-B2-IND,POLLUTANT_PARAMETER_MISSING,30,29,0,29,1
火电热力,既有专家主导型清单编制流程,EW-B2-POW,SOURCE_RELATION_MISSING,30,30,0,30,0
火电热力,既有专家主导型清单编制流程,EW-B2-POW,NO_ANOMALY,30,0,0,30,0
火电热力,既有专家主导型清单编制流程,EW-B2-POW,HARD_CONSTRAINT_CONFLICT,30,30,0,30,0
火电热力,既有专家主导型清单编制流程,EW-B2-POW,ACTIVITY_MISSING,30,30,0,30,0
火电热力,既有专家主导型清单编制流程,EW-B2-POW,POLLUTANT_PARAMETER_MISSING,30,30,0,30,0
