source_id,pollutant,root_cause,action_required
SRC-RAW-35208EA8F9C5B0CA67BD,SO2,ACTIVITY_MISSING: 燃料一消耗量为空；供热分项不自动替代总量,补齐该燃料年度消耗总量及单位
SRC-RAW-35208EA8F9C5B0CA67BD,NOx,ACTIVITY_MISSING: 燃料一消耗量为空；供热分项不自动替代总量,补齐该燃料年度消耗总量及单位
SRC-RAW-35208EA8F9C5B0CA67BD,CO,ACTIVITY_MISSING: 燃料一消耗量为空；供热分项不自动替代总量,补齐该燃料年度消耗总量及单位
SRC-RAW-35208EA8F9C5B0CA67BD,VOC,ACTIVITY_MISSING: 燃料一消耗量为空；供热分项不自动替代总量,补齐该燃料年度消耗总量及单位
SRC-RAW-35208EA8F9C5B0CA67BD,PM10,ACTIVITY_MISSING: 燃料一消耗量为空；供热分项不自动替代总量,补齐该燃料年度消耗总量及单位
SRC-RAW-35208EA8F9C5B0CA67BD,PM2.5,ACTIVITY_MISSING: 燃料一消耗量为空；供热分项不自动替代总量,补齐该燃料年度消耗总量及单位
SRC-RAW-35208EA8F9C5B0CA67BD,BC,ACTIVITY_MISSING: 燃料一消耗量为空；供热分项不自动替代总量,补齐该燃料年度消耗总量及单位
SRC-RAW-35208EA8F9C5B0CA67BD,OC,ACTIVITY_MISSING: 燃料一消耗量为空；供热分项不自动替代总量,补齐该燃料年度消耗总量及单位
SRC-RAW-D72961D02D38D2C405BB,SO2,ACTIVITY_MISSING: 燃料一消耗量为空；供热分项不自动替代总量,补齐该燃料年度消耗总量及单位
SRC-RAW-D72961D02D38D2C405BB,NOx,ACTIVITY_MISSING: 燃料一消耗量为空；供热分项不自动替代总量,补齐该燃料年度消耗总量及单位
SRC-RAW-D72961D02D38D2C405BB,CO,ACTIVITY_MISSING: 燃料一消耗量为空；供热分项不自动替代总量,补齐该燃料年度消耗总量及单位
SRC-RAW-D72961D02D38D2C405BB,VOC,ACTIVITY_MISSING: 燃料一消耗量为空；供热分项不自动替代总量,补齐该燃料年度消耗总量及单位
SRC-RAW-D72961D02D38D2C405BB,PM10,ACTIVITY_MISSING: 燃料一消耗量为空；供热分项不自动替代总量,补齐该燃料年度消耗总量及单位
SRC-RAW-D72961D02D38D2C405BB,PM2.5,ACTIVITY_MISSING: 燃料一消耗量为空；供热分项不自动替代总量,补齐该燃料年度消耗总量及单位
SRC-RAW-D72961D02D38D2C405BB,BC,ACTIVITY_MISSING: 燃料一消耗量为空；供热分项不自动替代总量,补齐该燃料年度消耗总量及单位
SRC-RAW-D72961D02D38D2C405BB,OC,ACTIVITY_MISSING: 燃料一消耗量为空；供热分项不自动替代总量,补齐该燃料年度消耗总量及单位
SRC-RAW-7E2B91F4BB3B2C1B3958,SO2,HARD_CONSTRAINT_CONFLICT: 燃料一消耗量为负数,核实原始台账并更正负消耗量；不得取绝对值
SRC-RAW-7E2B91F4BB3B2C1B3958,NOx,HARD_CONSTRAINT_CONFLICT: 燃料一消耗量为负数,核实原始台账并更正负消耗量；不得取绝对值
SRC-RAW-7E2B91F4BB3B2C1B3958,CO,HARD_CONSTRAINT_CONFLICT: 燃料一消耗量为负数,核实原始台账并更正负消耗量；不得取绝对值
SRC-RAW-7E2B91F4BB3B2C1B3958,VOC,HARD_CONSTRAINT_CONFLICT: 燃料一消耗量为负数,核实原始台账并更正负消耗量；不得取绝对值
SRC-RAW-7E2B91F4BB3B2C1B3958,PM10,HARD_CONSTRAINT_CONFLICT: 燃料一消耗量为负数,核实原始台账并更正负消耗量；不得取绝对值
SRC-RAW-7E2B91F4BB3B2C1B3958,PM2.5,HARD_CONSTRAINT_CONFLICT: 燃料一消耗量为负数,核实原始台账并更正负消耗量；不得取绝对值
SRC-RAW-7E2B91F4BB3B2C1B3958,BC,HARD_CONSTRAINT_CONFLICT: 燃料一消耗量为负数,核实原始台账并更正负消耗量；不得取绝对值
SRC-RAW-7E2B91F4BB3B2C1B3958,OC,HARD_CONSTRAINT_CONFLICT: 燃料一消耗量为负数,核实原始台账并更正负消耗量；不得取绝对值
SRC-RAW-97675F7EB454C52FE916,SO2,ACTIVITY_MISSING: 燃料一消耗量为空；供热分项不自动替代总量,补齐该燃料年度消耗总量及单位
SRC-RAW-97675F7EB454C52FE916,NOx,ACTIVITY_MISSING: 燃料一消耗量为空；供热分项不自动替代总量,补齐该燃料年度消耗总量及单位
SRC-RAW-97675F7EB454C52FE916,CO,ACTIVITY_MISSING: 燃料一消耗量为空；供热分项不自动替代总量,补齐该燃料年度消耗总量及单位
SRC-RAW-97675F7EB454C52FE916,VOC,ACTIVITY_MISSING: 燃料一消耗量为空；供热分项不自动替代总量,补齐该燃料年度消耗总量及单位
SRC-RAW-97675F7EB454C52FE916,PM10,ACTIVITY_MISSING: 燃料一消耗量为空；供热分项不自动替代总量,补齐该燃料年度消耗总量及单位
SRC-RAW-97675F7EB454C52FE916,PM2.5,ACTIVITY_MISSING: 燃料一消耗量为空；供热分项不自动替代总量,补齐该燃料年度消耗总量及单位
SRC-RAW-97675F7EB454C52FE916,BC,ACTIVITY_MISSING: 燃料一消耗量为空；供热分项不自动替代总量,补齐该燃料年度消耗总量及单位
SRC-RAW-97675F7EB454C52FE916,OC,ACTIVITY_MISSING: 燃料一消耗量为空；供热分项不自动替代总量,补齐该燃料年度消耗总量及单位
SRC-RAW-E7AD12EAC6533209A11F,SO2,HARD_CONSTRAINT_CONFLICT: 燃料一消耗量为负数,核实原始台账并更正负消耗量；不得取绝对值
SRC-RAW-E7AD12EAC6533209A11F,NOx,HARD_CONSTRAINT_CONFLICT: 燃料一消耗量为负数,核实原始台账并更正负消耗量；不得取绝对值
SRC-RAW-E7AD12EAC6533209A11F,CO,HARD_CONSTRAINT_CONFLICT: 燃料一消耗量为负数,核实原始台账并更正负消耗量；不得取绝对值
SRC-RAW-E7AD12EAC6533209A11F,VOC,HARD_CONSTRAINT_CONFLICT: 燃料一消耗量为负数,核实原始台账并更正负消耗量；不得取绝对值
SRC-RAW-E7AD12EAC6533209A11F,PM10,HARD_CONSTRAINT_CONFLICT: 燃料一消耗量为负数,核实原始台账并更正负消耗量；不得取绝对值
SRC-RAW-E7AD12EAC6533209A11F,PM2.5,HARD_CONSTRAINT_CONFLICT: 燃料一消耗量为负数,核实原始台账并更正负消耗量；不得取绝对值
SRC-RAW-E7AD12EAC6533209A11F,BC,HARD_CONSTRAINT_CONFLICT: 燃料一消耗量为负数,核实原始台账并更正负消耗量；不得取绝对值
SRC-RAW-E7AD12EAC6533209A11F,OC,HARD_CONSTRAINT_CONFLICT: 燃料一消耗量为负数,核实原始台账并更正负消耗量；不得取绝对值
SRC-RAW-F89F40B64DF2F0AADAAE,NOx,SOURCE_RELATION_MISSING: 企业—锅炉—排放口关系缺失,补齐并核实企业标识、锅炉编号、排放口及治理设施对应关系
SRC-RAW-F89F40B64DF2F0AADAAE,PM10,SOURCE_RELATION_MISSING: 企业—锅炉—排放口关系缺失,补齐并核实企业标识、锅炉编号、排放口及治理设施对应关系
SRC-RAW-F89F40B64DF2F0AADAAE,PM2.5,SOURCE_RELATION_MISSING: 企业—锅炉—排放口关系缺失,补齐并核实企业标识、锅炉编号、排放口及治理设施对应关系
SRC-RAW-0D9DD3060792EFD6DCC9,SO2,ACTIVITY_MISSING: 燃料一消耗量为空；供热分项不自动替代总量,补齐该燃料年度消耗总量及单位
SRC-RAW-0D9DD3060792EFD6DCC9,NOx,ACTIVITY_MISSING: 燃料一消耗量为空；供热分项不自动替代总量,补齐该燃料年度消耗总量及单位
SRC-RAW-0D9DD3060792EFD6DCC9,CO,ACTIVITY_MISSING: 燃料一消耗量为空；供热分项不自动替代总量,补齐该燃料年度消耗总量及单位
SRC-RAW-0D9DD3060792EFD6DCC9,VOC,ACTIVITY_MISSING: 燃料一消耗量为空；供热分项不自动替代总量,补齐该燃料年度消耗总量及单位
SRC-RAW-0D9DD3060792EFD6DCC9,PM10,ACTIVITY_MISSING: 燃料一消耗量为空；供热分项不自动替代总量,补齐该燃料年度消耗总量及单位
SRC-RAW-0D9DD3060792EFD6DCC9,PM2.5,ACTIVITY_MISSING: 燃料一消耗量为空；供热分项不自动替代总量,补齐该燃料年度消耗总量及单位
SRC-RAW-0D9DD3060792EFD6DCC9,BC,ACTIVITY_MISSING: 燃料一消耗量为空；供热分项不自动替代总量,补齐该燃料年度消耗总量及单位
SRC-RAW-0D9DD3060792EFD6DCC9,OC,ACTIVITY_MISSING: 燃料一消耗量为空；供热分项不自动替代总量,补齐该燃料年度消耗总量及单位
SRC-RAW-82A69BFE33CB1705DF62,SO2,ACTIVITY_MISSING: 燃料一消耗量为空；供热分项不自动替代总量,补齐该燃料年度消耗总量及单位
SRC-RAW-82A69BFE33CB1705DF62,NOx,ACTIVITY_MISSING: 燃料一消耗量为空；供热分项不自动替代总量,补齐该燃料年度消耗总量及单位
SRC-RAW-82A69BFE33CB1705DF62,CO,ACTIVITY_MISSING: 燃料一消耗量为空；供热分项不自动替代总量,补齐该燃料年度消耗总量及单位
SRC-RAW-82A69BFE33CB1705DF62,VOC,ACTIVITY_MISSING: 燃料一消耗量为空；供热分项不自动替代总量,补齐该燃料年度消耗总量及单位
SRC-RAW-82A69BFE33CB1705DF62,PM10,ACTIVITY_MISSING: 燃料一消耗量为空；供热分项不自动替代总量,补齐该燃料年度消耗总量及单位
SRC-RAW-82A69BFE33CB1705DF62,PM2.5,ACTIVITY_MISSING: 燃料一消耗量为空；供热分项不自动替代总量,补齐该燃料年度消耗总量及单位
SRC-RAW-82A69BFE33CB1705DF62,BC,ACTIVITY_MISSING: 燃料一消耗量为空；供热分项不自动替代总量,补齐该燃料年度消耗总量及单位
SRC-RAW-82A69BFE33CB1705DF62,OC,ACTIVITY_MISSING: 燃料一消耗量为空；供热分项不自动替代总量,补齐该燃料年度消耗总量及单位
SRC-RAW-C4E7E8F8DBFE20599C8A,NOx,SOURCE_RELATION_MISSING: 企业—锅炉—排放口关系缺失,补齐并核实企业标识、锅炉编号、排放口及治理设施对应关系
SRC-RAW-C4E7E8F8DBFE20599C8A,NOx,SOURCE_RELATION_MISSING: GYGL仅标识工业锅炉类别，企业有多台锅炉，设施归属未明确,提供逐锅炉对应治理设施，明确串并联关系
SRC-RAW-C4E7E8F8DBFE20599C8A,PM10,SOURCE_RELATION_MISSING: 企业—锅炉—排放口关系缺失,补齐并核实企业标识、锅炉编号、排放口及治理设施对应关系
SRC-RAW-C4E7E8F8DBFE20599C8A,PM2.5,SOURCE_RELATION_MISSING: 企业—锅炉—排放口关系缺失,补齐并核实企业标识、锅炉编号、排放口及治理设施对应关系
SRC-RAW-4F420B79A47B053BE6A6,SO2,HARD_CONSTRAINT_CONFLICT: 燃料一消耗量为负数,核实原始台账并更正负消耗量；不得取绝对值
SRC-RAW-4F420B79A47B053BE6A6,NOx,HARD_CONSTRAINT_CONFLICT: 燃料一消耗量为负数,核实原始台账并更正负消耗量；不得取绝对值
SRC-RAW-4F420B79A47B053BE6A6,CO,HARD_CONSTRAINT_CONFLICT: 燃料一消耗量为负数,核实原始台账并更正负消耗量；不得取绝对值
SRC-RAW-4F420B79A47B053BE6A6,VOC,HARD_CONSTRAINT_CONFLICT: 燃料一消耗量为负数,核实原始台账并更正负消耗量；不得取绝对值
SRC-RAW-4F420B79A47B053BE6A6,PM10,HARD_CONSTRAINT_CONFLICT: 燃料一消耗量为负数,核实原始台账并更正负消耗量；不得取绝对值
SRC-RAW-4F420B79A47B053BE6A6,PM2.5,HARD_CONSTRAINT_CONFLICT: 燃料一消耗量为负数,核实原始台账并更正负消耗量；不得取绝对值
SRC-RAW-4F420B79A47B053BE6A6,BC,HARD_CONSTRAINT_CONFLICT: 燃料一消耗量为负数,核实原始台账并更正负消耗量；不得取绝对值
SRC-RAW-4F420B79A47B053BE6A6,OC,HARD_CONSTRAINT_CONFLICT: 燃料一消耗量为负数,核实原始台账并更正负消耗量；不得取绝对值
SRC-RAW-CCE518507FE244F9AEB5,SO2,ACTIVITY_MISSING: 燃料一消耗量为空；供热分项不自动替代总量,补齐该燃料年度消耗总量及单位
SRC-RAW-CCE518507FE244F9AEB5,NOx,ACTIVITY_MISSING: 燃料一消耗量为空；供热分项不自动替代总量,补齐该燃料年度消耗总量及单位
SRC-RAW-CCE518507FE244F9AEB5,CO,ACTIVITY_MISSING: 燃料一消耗量为空；供热分项不自动替代总量,补齐该燃料年度消耗总量及单位
SRC-RAW-CCE518507FE244F9AEB5,VOC,ACTIVITY_MISSING: 燃料一消耗量为空；供热分项不自动替代总量,补齐该燃料年度消耗总量及单位
SRC-RAW-CCE518507FE244F9AEB5,PM10,ACTIVITY_MISSING: 燃料一消耗量为空；供热分项不自动替代总量,补齐该燃料年度消耗总量及单位
SRC-RAW-CCE518507FE244F9AEB5,PM2.5,ACTIVITY_MISSING: 燃料一消耗量为空；供热分项不自动替代总量,补齐该燃料年度消耗总量及单位
SRC-RAW-CCE518507FE244F9AEB5,BC,ACTIVITY_MISSING: 燃料一消耗量为空；供热分项不自动替代总量,补齐该燃料年度消耗总量及单位
SRC-RAW-CCE518507FE244F9AEB5,OC,ACTIVITY_MISSING: 燃料一消耗量为空；供热分项不自动替代总量,补齐该燃料年度消耗总量及单位
SRC-RAW-63F031CD40C62D3287CF,SO2,ACTIVITY_MISSING: 燃料一消耗量为空；供热分项不自动替代总量,补齐该燃料年度消耗总量及单位
SRC-RAW-63F031CD40C62D3287CF,NOx,ACTIVITY_MISSING: 燃料一消耗量为空；供热分项不自动替代总量,补齐该燃料年度消耗总量及单位
SRC-RAW-63F031CD40C62D3287CF,CO,ACTIVITY_MISSING: 燃料一消耗量为空；供热分项不自动替代总量,补齐该燃料年度消耗总量及单位
SRC-RAW-63F031CD40C62D3287CF,VOC,ACTIVITY_MISSING: 燃料一消耗量为空；供热分项不自动替代总量,补齐该燃料年度消耗总量及单位
SRC-RAW-63F031CD40C62D3287CF,PM10,ACTIVITY_MISSING: 燃料一消耗量为空；供热分项不自动替代总量,补齐该燃料年度消耗总量及单位
SRC-RAW-63F031CD40C62D3287CF,PM2.5,ACTIVITY_MISSING: 燃料一消耗量为空；供热分项不自动替代总量,补齐该燃料年度消耗总量及单位
SRC-RAW-63F031CD40C62D3287CF,BC,ACTIVITY_MISSING: 燃料一消耗量为空；供热分项不自动替代总量,补齐该燃料年度消耗总量及单位
SRC-RAW-63F031CD40C62D3287CF,OC,ACTIVITY_MISSING: 燃料一消耗量为空；供热分项不自动替代总量,补齐该燃料年度消耗总量及单位
SRC-RAW-B152217274B981D7682E,SO2,HARD_CONSTRAINT_CONFLICT: 燃料一消耗量为负数,核实原始台账并更正负消耗量；不得取绝对值
SRC-RAW-B152217274B981D7682E,NOx,HARD_CONSTRAINT_CONFLICT: 燃料一消耗量为负数,核实原始台账并更正负消耗量；不得取绝对值
SRC-RAW-B152217274B981D7682E,CO,HARD_CONSTRAINT_CONFLICT: 燃料一消耗量为负数,核实原始台账并更正负消耗量；不得取绝对值
SRC-RAW-B152217274B981D7682E,VOC,HARD_CONSTRAINT_CONFLICT: 燃料一消耗量为负数,核实原始台账并更正负消耗量；不得取绝对值
SRC-RAW-B152217274B981D7682E,PM10,HARD_CONSTRAINT_CONFLICT: 燃料一消耗量为负数,核实原始台账并更正负消耗量；不得取绝对值
SRC-RAW-B152217274B981D7682E,PM2.5,HARD_CONSTRAINT_CONFLICT: 燃料一消耗量为负数,核实原始台账并更正负消耗量；不得取绝对值
SRC-RAW-B152217274B981D7682E,BC,HARD_CONSTRAINT_CONFLICT: 燃料一消耗量为负数,核实原始台账并更正负消耗量；不得取绝对值
SRC-RAW-B152217274B981D7682E,OC,HARD_CONSTRAINT_CONFLICT: 燃料一消耗量为负数,核实原始台账并更正负消耗量；不得取绝对值
SRC-RAW-797DB6F7DB6C9B013B0A,NOx,SOURCE_RELATION_MISSING: 企业—锅炉—排放口关系缺失,补齐并核实企业标识、锅炉编号、排放口及治理设施对应关系
SRC-RAW-797DB6F7DB6C9B013B0A,PM10,SOURCE_RELATION_MISSING: 企业—锅炉—排放口关系缺失,补齐并核实企业标识、锅炉编号、排放口及治理设施对应关系
SRC-RAW-797DB6F7DB6C9B013B0A,PM2.5,SOURCE_RELATION_MISSING: 企业—锅炉—排放口关系缺失,补齐并核实企业标识、锅炉编号、排放口及治理设施对应关系
SRC-RAW-4880CD5B2EA2B603D99E,SO2,ACTIVITY_MISSING: 燃料一消耗量为空；供热分项不自动替代总量,补齐该燃料年度消耗总量及单位
SRC-RAW-4880CD5B2EA2B603D99E,NOx,ACTIVITY_MISSING: 燃料一消耗量为空；供热分项不自动替代总量,补齐该燃料年度消耗总量及单位
SRC-RAW-4880CD5B2EA2B603D99E,CO,ACTIVITY_MISSING: 燃料一消耗量为空；供热分项不自动替代总量,补齐该燃料年度消耗总量及单位
SRC-RAW-4880CD5B2EA2B603D99E,VOC,ACTIVITY_MISSING: 燃料一消耗量为空；供热分项不自动替代总量,补齐该燃料年度消耗总量及单位
SRC-RAW-4880CD5B2EA2B603D99E,PM10,ACTIVITY_MISSING: 燃料一消耗量为空；供热分项不自动替代总量,补齐该燃料年度消耗总量及单位
SRC-RAW-4880CD5B2EA2B603D99E,PM2.5,ACTIVITY_MISSING: 燃料一消耗量为空；供热分项不自动替代总量,补齐该燃料年度消耗总量及单位
SRC-RAW-4880CD5B2EA2B603D99E,BC,ACTIVITY_MISSING: 燃料一消耗量为空；供热分项不自动替代总量,补齐该燃料年度消耗总量及单位
SRC-RAW-4880CD5B2EA2B603D99E,OC,ACTIVITY_MISSING: 燃料一消耗量为空；供热分项不自动替代总量,补齐该燃料年度消耗总量及单位
SRC-RAW-4ABBE497E6EBE2A6F389,SO2,HARD_CONSTRAINT_CONFLICT: 燃料一消耗量为负数,核实原始台账并更正负消耗量；不得取绝对值
SRC-RAW-4ABBE497E6EBE2A6F389,NOx,HARD_CONSTRAINT_CONFLICT: 燃料一消耗量为负数,核实原始台账并更正负消耗量；不得取绝对值
SRC-RAW-4ABBE497E6EBE2A6F389,CO,HARD_CONSTRAINT_CONFLICT: 燃料一消耗量为负数,核实原始台账并更正负消耗量；不得取绝对值
SRC-RAW-4ABBE497E6EBE2A6F389,VOC,HARD_CONSTRAINT_CONFLICT: 燃料一消耗量为负数,核实原始台账并更正负消耗量；不得取绝对值
SRC-RAW-4ABBE497E6EBE2A6F389,PM10,HARD_CONSTRAINT_CONFLICT: 燃料一消耗量为负数,核实原始台账并更正负消耗量；不得取绝对值
SRC-RAW-4ABBE497E6EBE2A6F389,PM2.5,HARD_CONSTRAINT_CONFLICT: 燃料一消耗量为负数,核实原始台账并更正负消耗量；不得取绝对值
SRC-RAW-4ABBE497E6EBE2A6F389,BC,HARD_CONSTRAINT_CONFLICT: 燃料一消耗量为负数,核实原始台账并更正负消耗量；不得取绝对值
SRC-RAW-4ABBE497E6EBE2A6F389,OC,HARD_CONSTRAINT_CONFLICT: 燃料一消耗量为负数,核实原始台账并更正负消耗量；不得取绝对值
SRC-RAW-EA79F4213507545820A8,NOx,POLLUTANT_PARAMETER_MISSING: 相关治理工艺或效率为空,补齐治理工艺及对应污染物实际去除效率
SRC-RAW-EA79F4213507545820A8,NOx,SOURCE_RELATION_MISSING: GYGL仅标识工业锅炉类别，企业有多台锅炉，设施归属未明确,提供逐锅炉对应治理设施，明确串并联关系
SRC-RAW-EA79F4213507545820A8,PM10,POLLUTANT_PARAMETER_MISSING: 相关治理工艺或效率为空,补齐治理工艺及对应污染物实际去除效率
SRC-RAW-EA79F4213507545820A8,PM10,SOURCE_RELATION_MISSING: GYGL仅标识工业锅炉类别，企业有多台锅炉，设施归属未明确,提供逐锅炉对应治理设施，明确串并联关系
SRC-RAW-EA79F4213507545820A8,PM2.5,POLLUTANT_PARAMETER_MISSING: 相关治理工艺或效率为空,补齐治理工艺及对应污染物实际去除效率
SRC-RAW-EA79F4213507545820A8,PM2.5,SOURCE_RELATION_MISSING: GYGL仅标识工业锅炉类别，企业有多台锅炉，设施归属未明确,提供逐锅炉对应治理设施，明确串并联关系
SRC-RAW-9B0578EC7CE3DAB0320B,SO2,ACTIVITY_MISSING: 燃料一消耗量为空；供热分项不自动替代总量,补齐该燃料年度消耗总量及单位
SRC-RAW-9B0578EC7CE3DAB0320B,NOx,ACTIVITY_MISSING: 燃料一消耗量为空；供热分项不自动替代总量,补齐该燃料年度消耗总量及单位
SRC-RAW-9B0578EC7CE3DAB0320B,CO,ACTIVITY_MISSING: 燃料一消耗量为空；供热分项不自动替代总量,补齐该燃料年度消耗总量及单位
SRC-RAW-9B0578EC7CE3DAB0320B,VOC,ACTIVITY_MISSING: 燃料一消耗量为空；供热分项不自动替代总量,补齐该燃料年度消耗总量及单位
SRC-RAW-9B0578EC7CE3DAB0320B,PM10,ACTIVITY_MISSING: 燃料一消耗量为空；供热分项不自动替代总量,补齐该燃料年度消耗总量及单位
SRC-RAW-9B0578EC7CE3DAB0320B,PM2.5,ACTIVITY_MISSING: 燃料一消耗量为空；供热分项不自动替代总量,补齐该燃料年度消耗总量及单位
SRC-RAW-9B0578EC7CE3DAB0320B,BC,ACTIVITY_MISSING: 燃料一消耗量为空；供热分项不自动替代总量,补齐该燃料年度消耗总量及单位
SRC-RAW-9B0578EC7CE3DAB0320B,OC,ACTIVITY_MISSING: 燃料一消耗量为空；供热分项不自动替代总量,补齐该燃料年度消耗总量及单位
SRC-RAW-85EB7547404649F7F630,NOx,SOURCE_RELATION_MISSING: 企业—锅炉—排放口关系缺失,补齐并核实企业标识、锅炉编号、排放口及治理设施对应关系
SRC-RAW-85EB7547404649F7F630,PM10,SOURCE_RELATION_MISSING: 企业—锅炉—排放口关系缺失,补齐并核实企业标识、锅炉编号、排放口及治理设施对应关系
SRC-RAW-85EB7547404649F7F630,PM2.5,SOURCE_RELATION_MISSING: 企业—锅炉—排放口关系缺失,补齐并核实企业标识、锅炉编号、排放口及治理设施对应关系
SRC-RAW-4248A114C7924AE1380B,SO2,ACTIVITY_MISSING: 燃料一消耗量为空；供热分项不自动替代总量,补齐该燃料年度消耗总量及单位
SRC-RAW-4248A114C7924AE1380B,NOx,ACTIVITY_MISSING: 燃料一消耗量为空；供热分项不自动替代总量,补齐该燃料年度消耗总量及单位
SRC-RAW-4248A114C7924AE1380B,CO,ACTIVITY_MISSING: 燃料一消耗量为空；供热分项不自动替代总量,补齐该燃料年度消耗总量及单位
SRC-RAW-4248A114C7924AE1380B,VOC,ACTIVITY_MISSING: 燃料一消耗量为空；供热分项不自动替代总量,补齐该燃料年度消耗总量及单位
SRC-RAW-4248A114C7924AE1380B,PM10,ACTIVITY_MISSING: 燃料一消耗量为空；供热分项不自动替代总量,补齐该燃料年度消耗总量及单位
SRC-RAW-4248A114C7924AE1380B,PM2.5,ACTIVITY_MISSING: 燃料一消耗量为空；供热分项不自动替代总量,补齐该燃料年度消耗总量及单位
SRC-RAW-4248A114C7924AE1380B,BC,ACTIVITY_MISSING: 燃料一消耗量为空；供热分项不自动替代总量,补齐该燃料年度消耗总量及单位
SRC-RAW-4248A114C7924AE1380B,OC,ACTIVITY_MISSING: 燃料一消耗量为空；供热分项不自动替代总量,补齐该燃料年度消耗总量及单位
SRC-RAW-551B2BE709200BB5AE24,NOx,SOURCE_RELATION_MISSING: 企业—锅炉—排放口关系缺失,补齐并核实企业标识、锅炉编号、排放口及治理设施对应关系
SRC-RAW-551B2BE709200BB5AE24,PM10,SOURCE_RELATION_MISSING: 企业—锅炉—排放口关系缺失,补齐并核实企业标识、锅炉编号、排放口及治理设施对应关系
SRC-RAW-551B2BE709200BB5AE24,PM2.5,SOURCE_RELATION_MISSING: 企业—锅炉—排放口关系缺失,补齐并核实企业标识、锅炉编号、排放口及治理设施对应关系
SRC-RAW-E7FA2F2E4EE3BB4ACA6F,SO2,ACTIVITY_MISSING: 燃料一消耗量为空；供热分项不自动替代总量,补齐该燃料年度消耗总量及单位
SRC-RAW-E7FA2F2E4EE3BB4ACA6F,NOx,ACTIVITY_MISSING: 燃料一消耗量为空；供热分项不自动替代总量,补齐该燃料年度消耗总量及单位
SRC-RAW-E7FA2F2E4EE3BB4ACA6F,CO,ACTIVITY_MISSING: 燃料一消耗量为空；供热分项不自动替代总量,补齐该燃料年度消耗总量及单位
SRC-RAW-E7FA2F2E4EE3BB4ACA6F,VOC,ACTIVITY_MISSING: 燃料一消耗量为空；供热分项不自动替代总量,补齐该燃料年度消耗总量及单位
SRC-RAW-E7FA2F2E4EE3BB4ACA6F,PM10,ACTIVITY_MISSING: 燃料一消耗量为空；供热分项不自动替代总量,补齐该燃料年度消耗总量及单位
SRC-RAW-E7FA2F2E4EE3BB4ACA6F,PM2.5,ACTIVITY_MISSING: 燃料一消耗量为空；供热分项不自动替代总量,补齐该燃料年度消耗总量及单位
SRC-RAW-E7FA2F2E4EE3BB4ACA6F,BC,ACTIVITY_MISSING: 燃料一消耗量为空；供热分项不自动替代总量,补齐该燃料年度消耗总量及单位
SRC-RAW-E7FA2F2E4EE3BB4ACA6F,OC,ACTIVITY_MISSING: 燃料一消耗量为空；供热分项不自动替代总量,补齐该燃料年度消耗总量及单位
SRC-RAW-1C699A2B91620E9EC767,NOx,SOURCE_RELATION_MISSING: 企业—锅炉—排放口关系缺失,补齐并核实企业标识、锅炉编号、排放口及治理设施对应关系
SRC-RAW-1C699A2B91620E9EC767,PM10,SOURCE_RELATION_MISSING: 企业—锅炉—排放口关系缺失,补齐并核实企业标识、锅炉编号、排放口及治理设施对应关系
SRC-RAW-1C699A2B91620E9EC767,PM2.5,SOURCE_RELATION_MISSING: 企业—锅炉—排放口关系缺失,补齐并核实企业标识、锅炉编号、排放口及治理设施对应关系
SRC-RAW-5D4535C299E833FE4746,NOx,SOURCE_RELATION_MISSING: 企业—锅炉—排放口关系缺失,补齐并核实企业标识、锅炉编号、排放口及治理设施对应关系
SRC-RAW-5D4535C299E833FE4746,PM10,SOURCE_RELATION_MISSING: 企业—锅炉—排放口关系缺失,补齐并核实企业标识、锅炉编号、排放口及治理设施对应关系
SRC-RAW-5D4535C299E833FE4746,PM2.5,SOURCE_RELATION_MISSING: 企业—锅炉—排放口关系缺失,补齐并核实企业标识、锅炉编号、排放口及治理设施对应关系
SRC-RAW-004BFF7E05001898F508,SO2,POLLUTANT_PARAMETER_MISSING: 燃料一收到基硫分缺失,补齐同燃料入炉收到基硫分
SRC-RAW-004BFF7E05001898F508,SO2,POLLUTANT_PARAMETER_MISSING: 相关治理工艺或效率为空,补齐治理工艺及对应污染物实际去除效率
SRC-RAW-004BFF7E05001898F508,SO2,SOURCE_RELATION_MISSING: GYGL仅标识工业锅炉类别，企业有多台锅炉，设施归属未明确,提供逐锅炉对应治理设施，明确串并联关系
SRC-RAW-004BFF7E05001898F508,NOx,POLLUTANT_PARAMETER_MISSING: 相关治理工艺或效率为空,补齐治理工艺及对应污染物实际去除效率
SRC-RAW-004BFF7E05001898F508,NOx,SOURCE_RELATION_MISSING: GYGL仅标识工业锅炉类别，企业有多台锅炉，设施归属未明确,提供逐锅炉对应治理设施，明确串并联关系
SRC-RAW-004BFF7E05001898F508,PM10,POLLUTANT_PARAMETER_MISSING: 相关治理工艺或效率为空,补齐治理工艺及对应污染物实际去除效率
SRC-RAW-004BFF7E05001898F508,PM10,SOURCE_RELATION_MISSING: GYGL仅标识工业锅炉类别，企业有多台锅炉，设施归属未明确,提供逐锅炉对应治理设施，明确串并联关系
SRC-RAW-004BFF7E05001898F508,PM2.5,POLLUTANT_PARAMETER_MISSING: 相关治理工艺或效率为空,补齐治理工艺及对应污染物实际去除效率
SRC-RAW-004BFF7E05001898F508,PM2.5,SOURCE_RELATION_MISSING: GYGL仅标识工业锅炉类别，企业有多台锅炉，设施归属未明确,提供逐锅炉对应治理设施，明确串并联关系
SRC-RAW-004BFF7E05001898F508,BC,POLLUTANT_PARAMETER_MISSING: 相关治理工艺或效率为空,补齐治理工艺及对应污染物实际去除效率
SRC-RAW-004BFF7E05001898F508,BC,SOURCE_RELATION_MISSING: GYGL仅标识工业锅炉类别，企业有多台锅炉，设施归属未明确,提供逐锅炉对应治理设施，明确串并联关系
SRC-RAW-004BFF7E05001898F508,OC,POLLUTANT_PARAMETER_MISSING: 相关治理工艺或效率为空,补齐治理工艺及对应污染物实际去除效率
SRC-RAW-004BFF7E05001898F508,OC,SOURCE_RELATION_MISSING: GYGL仅标识工业锅炉类别，企业有多台锅炉，设施归属未明确,提供逐锅炉对应治理设施，明确串并联关系
SRC-RAW-FFC0B973A05AAD3E232F,SO2,POLLUTANT_PARAMETER_MISSING: 相关治理工艺或效率为空,补齐治理工艺及对应污染物实际去除效率
SRC-RAW-FFC0B973A05AAD3E232F,PM10,POLLUTANT_PARAMETER_MISSING: 燃料一收到基灰分缺失,补齐同燃料入炉收到基灰分
SRC-RAW-FFC0B973A05AAD3E232F,PM10,POLLUTANT_PARAMETER_MISSING: 相关治理工艺或效率为空,补齐治理工艺及对应污染物实际去除效率
SRC-RAW-FFC0B973A05AAD3E232F,PM2.5,POLLUTANT_PARAMETER_MISSING: 燃料一收到基灰分缺失,补齐同燃料入炉收到基灰分
SRC-RAW-FFC0B973A05AAD3E232F,PM2.5,POLLUTANT_PARAMETER_MISSING: 相关治理工艺或效率为空,补齐治理工艺及对应污染物实际去除效率
SRC-RAW-FFC0B973A05AAD3E232F,BC,POLLUTANT_PARAMETER_MISSING: 燃料一收到基灰分缺失,补齐同燃料入炉收到基灰分
SRC-RAW-FFC0B973A05AAD3E232F,BC,POLLUTANT_PARAMETER_MISSING: 相关治理工艺或效率为空,补齐治理工艺及对应污染物实际去除效率
SRC-RAW-FFC0B973A05AAD3E232F,OC,POLLUTANT_PARAMETER_MISSING: 燃料一收到基灰分缺失,补齐同燃料入炉收到基灰分
SRC-RAW-FFC0B973A05AAD3E232F,OC,POLLUTANT_PARAMETER_MISSING: 相关治理工艺或效率为空,补齐治理工艺及对应污染物实际去除效率
SRC-RAW-A18EB4EE4009D36F1387,SO2,HARD_CONSTRAINT_CONFLICT: 燃料一消耗量为负数,核实原始台账并更正负消耗量；不得取绝对值
SRC-RAW-A18EB4EE4009D36F1387,SO2,POLLUTANT_PARAMETER_MISSING: 相关治理工艺或效率为空,补齐治理工艺及对应污染物实际去除效率
SRC-RAW-A18EB4EE4009D36F1387,NOx,HARD_CONSTRAINT_CONFLICT: 燃料一消耗量为负数,核实原始台账并更正负消耗量；不得取绝对值
SRC-RAW-A18EB4EE4009D36F1387,NOx,POLLUTANT_PARAMETER_MISSING: 相关治理工艺或效率为空,补齐治理工艺及对应污染物实际去除效率
SRC-RAW-A18EB4EE4009D36F1387,CO,HARD_CONSTRAINT_CONFLICT: 燃料一消耗量为负数,核实原始台账并更正负消耗量；不得取绝对值
SRC-RAW-A18EB4EE4009D36F1387,VOC,HARD_CONSTRAINT_CONFLICT: 燃料一消耗量为负数,核实原始台账并更正负消耗量；不得取绝对值
SRC-RAW-A18EB4EE4009D36F1387,PM10,HARD_CONSTRAINT_CONFLICT: 燃料一消耗量为负数,核实原始台账并更正负消耗量；不得取绝对值
SRC-RAW-A18EB4EE4009D36F1387,PM10,POLLUTANT_PARAMETER_MISSING: 相关治理工艺或效率为空,补齐治理工艺及对应污染物实际去除效率
SRC-RAW-A18EB4EE4009D36F1387,PM2.5,HARD_CONSTRAINT_CONFLICT: 燃料一消耗量为负数,核实原始台账并更正负消耗量；不得取绝对值
SRC-RAW-A18EB4EE4009D36F1387,PM2.5,POLLUTANT_PARAMETER_MISSING: 相关治理工艺或效率为空,补齐治理工艺及对应污染物实际去除效率
SRC-RAW-A18EB4EE4009D36F1387,BC,HARD_CONSTRAINT_CONFLICT: 燃料一消耗量为负数,核实原始台账并更正负消耗量；不得取绝对值
SRC-RAW-A18EB4EE4009D36F1387,BC,POLLUTANT_PARAMETER_MISSING: 相关治理工艺或效率为空,补齐治理工艺及对应污染物实际去除效率
SRC-RAW-A18EB4EE4009D36F1387,OC,HARD_CONSTRAINT_CONFLICT: 燃料一消耗量为负数,核实原始台账并更正负消耗量；不得取绝对值
SRC-RAW-A18EB4EE4009D36F1387,OC,POLLUTANT_PARAMETER_MISSING: 相关治理工艺或效率为空,补齐治理工艺及对应污染物实际去除效率
SRC-RAW-CD15108C8EA51EEDE9C5,SO2,ACTIVITY_MISSING: 燃料一消耗量为空；供热分项不自动替代总量,补齐该燃料年度消耗总量及单位
SRC-RAW-CD15108C8EA51EEDE9C5,NOx,ACTIVITY_MISSING: 燃料一消耗量为空；供热分项不自动替代总量,补齐该燃料年度消耗总量及单位
SRC-RAW-CD15108C8EA51EEDE9C5,CO,ACTIVITY_MISSING: 燃料一消耗量为空；供热分项不自动替代总量,补齐该燃料年度消耗总量及单位
SRC-RAW-CD15108C8EA51EEDE9C5,VOC,ACTIVITY_MISSING: 燃料一消耗量为空；供热分项不自动替代总量,补齐该燃料年度消耗总量及单位
SRC-RAW-CD15108C8EA51EEDE9C5,PM10,ACTIVITY_MISSING: 燃料一消耗量为空；供热分项不自动替代总量,补齐该燃料年度消耗总量及单位
SRC-RAW-CD15108C8EA51EEDE9C5,PM2.5,ACTIVITY_MISSING: 燃料一消耗量为空；供热分项不自动替代总量,补齐该燃料年度消耗总量及单位
SRC-RAW-CD15108C8EA51EEDE9C5,BC,ACTIVITY_MISSING: 燃料一消耗量为空；供热分项不自动替代总量,补齐该燃料年度消耗总量及单位
SRC-RAW-CD15108C8EA51EEDE9C5,OC,ACTIVITY_MISSING: 燃料一消耗量为空；供热分项不自动替代总量,补齐该燃料年度消耗总量及单位
SRC-RAW-36EB95264EB3DBF868F1,NOx,POLLUTANT_PARAMETER_MISSING: 相关治理工艺或效率为空,补齐治理工艺及对应污染物实际去除效率
SRC-RAW-36EB95264EB3DBF868F1,NOx,SOURCE_RELATION_MISSING: GYGL仅标识工业锅炉类别，企业有多台锅炉，设施归属未明确,提供逐锅炉对应治理设施，明确串并联关系
SRC-RAW-36EB95264EB3DBF868F1,PM10,POLLUTANT_PARAMETER_MISSING: 相关治理工艺或效率为空,补齐治理工艺及对应污染物实际去除效率
SRC-RAW-36EB95264EB3DBF868F1,PM10,SOURCE_RELATION_MISSING: GYGL仅标识工业锅炉类别，企业有多台锅炉，设施归属未明确,提供逐锅炉对应治理设施，明确串并联关系
SRC-RAW-36EB95264EB3DBF868F1,PM2.5,POLLUTANT_PARAMETER_MISSING: 相关治理工艺或效率为空,补齐治理工艺及对应污染物实际去除效率
SRC-RAW-36EB95264EB3DBF868F1,PM2.5,SOURCE_RELATION_MISSING: GYGL仅标识工业锅炉类别，企业有多台锅炉，设施归属未明确,提供逐锅炉对应治理设施，明确串并联关系
SRC-RAW-563FE7E5683312E85594,NOx,SOURCE_RELATION_MISSING: 企业—锅炉—排放口关系缺失,补齐并核实企业标识、锅炉编号、排放口及治理设施对应关系
SRC-RAW-563FE7E5683312E85594,PM10,SOURCE_RELATION_MISSING: 企业—锅炉—排放口关系缺失,补齐并核实企业标识、锅炉编号、排放口及治理设施对应关系
SRC-RAW-563FE7E5683312E85594,PM2.5,SOURCE_RELATION_MISSING: 企业—锅炉—排放口关系缺失,补齐并核实企业标识、锅炉编号、排放口及治理设施对应关系
SRC-RAW-7C18C254776E7C627507,NOx,SOURCE_RELATION_MISSING: 企业—锅炉—排放口关系缺失,补齐并核实企业标识、锅炉编号、排放口及治理设施对应关系
SRC-RAW-7C18C254776E7C627507,PM10,SOURCE_RELATION_MISSING: 企业—锅炉—排放口关系缺失,补齐并核实企业标识、锅炉编号、排放口及治理设施对应关系
SRC-RAW-7C18C254776E7C627507,PM2.5,SOURCE_RELATION_MISSING: 企业—锅炉—排放口关系缺失,补齐并核实企业标识、锅炉编号、排放口及治理设施对应关系
SRC-RAW-06A0D517678266881D8A,SO2,HARD_CONSTRAINT_CONFLICT: 燃料一消耗量为负数,核实原始台账并更正负消耗量；不得取绝对值
SRC-RAW-06A0D517678266881D8A,NOx,HARD_CONSTRAINT_CONFLICT: 燃料一消耗量为负数,核实原始台账并更正负消耗量；不得取绝对值
SRC-RAW-06A0D517678266881D8A,CO,HARD_CONSTRAINT_CONFLICT: 燃料一消耗量为负数,核实原始台账并更正负消耗量；不得取绝对值
SRC-RAW-06A0D517678266881D8A,VOC,HARD_CONSTRAINT_CONFLICT: 燃料一消耗量为负数,核实原始台账并更正负消耗量；不得取绝对值
SRC-RAW-06A0D517678266881D8A,PM10,HARD_CONSTRAINT_CONFLICT: 燃料一消耗量为负数,核实原始台账并更正负消耗量；不得取绝对值
SRC-RAW-06A0D517678266881D8A,PM2.5,HARD_CONSTRAINT_CONFLICT: 燃料一消耗量为负数,核实原始台账并更正负消耗量；不得取绝对值
SRC-RAW-06A0D517678266881D8A,BC,HARD_CONSTRAINT_CONFLICT: 燃料一消耗量为负数,核实原始台账并更正负消耗量；不得取绝对值
SRC-RAW-06A0D517678266881D8A,OC,HARD_CONSTRAINT_CONFLICT: 燃料一消耗量为负数,核实原始台账并更正负消耗量；不得取绝对值
SRC-RAW-201725EEAC6A04980D8B,SO2,SOURCE_RELATION_MISSING: 企业—锅炉—排放口关系缺失,补齐并核实企业标识、锅炉编号、排放口及治理设施对应关系
SRC-RAW-201725EEAC6A04980D8B,NOx,SOURCE_RELATION_MISSING: 企业—锅炉—排放口关系缺失,补齐并核实企业标识、锅炉编号、排放口及治理设施对应关系
SRC-RAW-201725EEAC6A04980D8B,PM10,SOURCE_RELATION_MISSING: 企业—锅炉—排放口关系缺失,补齐并核实企业标识、锅炉编号、排放口及治理设施对应关系
SRC-RAW-201725EEAC6A04980D8B,PM2.5,SOURCE_RELATION_MISSING: 企业—锅炉—排放口关系缺失,补齐并核实企业标识、锅炉编号、排放口及治理设施对应关系
SRC-RAW-201725EEAC6A04980D8B,BC,SOURCE_RELATION_MISSING: 企业—锅炉—排放口关系缺失,补齐并核实企业标识、锅炉编号、排放口及治理设施对应关系
SRC-RAW-201725EEAC6A04980D8B,OC,SOURCE_RELATION_MISSING: 企业—锅炉—排放口关系缺失,补齐并核实企业标识、锅炉编号、排放口及治理设施对应关系
SRC-RAW-B518FF1EA69E2BCC20B6,NOx,SOURCE_RELATION_MISSING: 企业—锅炉—排放口关系缺失,补齐并核实企业标识、锅炉编号、排放口及治理设施对应关系
SRC-RAW-B518FF1EA69E2BCC20B6,PM10,SOURCE_RELATION_MISSING: 企业—锅炉—排放口关系缺失,补齐并核实企业标识、锅炉编号、排放口及治理设施对应关系
SRC-RAW-B518FF1EA69E2BCC20B6,PM2.5,SOURCE_RELATION_MISSING: 企业—锅炉—排放口关系缺失,补齐并核实企业标识、锅炉编号、排放口及治理设施对应关系
SRC-RAW-2A1617483E6B435AD365,NOx,SOURCE_RELATION_MISSING: 企业—锅炉—排放口关系缺失,补齐并核实企业标识、锅炉编号、排放口及治理设施对应关系
SRC-RAW-2A1617483E6B435AD365,PM10,SOURCE_RELATION_MISSING: 企业—锅炉—排放口关系缺失,补齐并核实企业标识、锅炉编号、排放口及治理设施对应关系
SRC-RAW-2A1617483E6B435AD365,PM2.5,SOURCE_RELATION_MISSING: 企业—锅炉—排放口关系缺失,补齐并核实企业标识、锅炉编号、排放口及治理设施对应关系
SRC-RAW-2EEB2C44E7BB0C062FD1,NOx,SOURCE_RELATION_MISSING: 企业—锅炉—排放口关系缺失,补齐并核实企业标识、锅炉编号、排放口及治理设施对应关系
SRC-RAW-2EEB2C44E7BB0C062FD1,PM10,SOURCE_RELATION_MISSING: 企业—锅炉—排放口关系缺失,补齐并核实企业标识、锅炉编号、排放口及治理设施对应关系
SRC-RAW-2EEB2C44E7BB0C062FD1,PM2.5,SOURCE_RELATION_MISSING: 企业—锅炉—排放口关系缺失,补齐并核实企业标识、锅炉编号、排放口及治理设施对应关系
SRC-RAW-DD5BF76F8B881D1D2AB7,SO2,HARD_CONSTRAINT_CONFLICT: 燃料一消耗量为负数,核实原始台账并更正负消耗量；不得取绝对值
SRC-RAW-DD5BF76F8B881D1D2AB7,NOx,HARD_CONSTRAINT_CONFLICT: 燃料一消耗量为负数,核实原始台账并更正负消耗量；不得取绝对值
SRC-RAW-DD5BF76F8B881D1D2AB7,CO,HARD_CONSTRAINT_CONFLICT: 燃料一消耗量为负数,核实原始台账并更正负消耗量；不得取绝对值
SRC-RAW-DD5BF76F8B881D1D2AB7,VOC,HARD_CONSTRAINT_CONFLICT: 燃料一消耗量为负数,核实原始台账并更正负消耗量；不得取绝对值
SRC-RAW-DD5BF76F8B881D1D2AB7,PM10,HARD_CONSTRAINT_CONFLICT: 燃料一消耗量为负数,核实原始台账并更正负消耗量；不得取绝对值
SRC-RAW-DD5BF76F8B881D1D2AB7,PM2.5,HARD_CONSTRAINT_CONFLICT: 燃料一消耗量为负数,核实原始台账并更正负消耗量；不得取绝对值
SRC-RAW-DD5BF76F8B881D1D2AB7,BC,HARD_CONSTRAINT_CONFLICT: 燃料一消耗量为负数,核实原始台账并更正负消耗量；不得取绝对值
SRC-RAW-DD5BF76F8B881D1D2AB7,OC,HARD_CONSTRAINT_CONFLICT: 燃料一消耗量为负数,核实原始台账并更正负消耗量；不得取绝对值
SRC-RAW-E8D8A4F112B9DBDBA700,SO2,POLLUTANT_PARAMETER_MISSING: 燃料一收到基硫分缺失,补齐同燃料入炉收到基硫分
SRC-RAW-E8D8A4F112B9DBDBA700,PM10,POLLUTANT_PARAMETER_MISSING: 除尘效率为总颗粒物口径，缺粒径实际效率及治理投运率；A.1仅平均效率,补齐粒径去除效率，或A.1技术匹配及设施投运率
SRC-RAW-E8D8A4F112B9DBDBA700,PM2.5,POLLUTANT_PARAMETER_MISSING: 除尘效率为总颗粒物口径，缺粒径实际效率及治理投运率；A.1仅平均效率,补齐粒径去除效率，或A.1技术匹配及设施投运率
SRC-RAW-E8D8A4F112B9DBDBA700,BC,POLLUTANT_PARAMETER_MISSING: 除尘效率为总颗粒物口径，缺粒径实际效率及治理投运率；A.1仅平均效率,补齐粒径去除效率，或A.1技术匹配及设施投运率
SRC-RAW-E8D8A4F112B9DBDBA700,OC,POLLUTANT_PARAMETER_MISSING: 除尘效率为总颗粒物口径，缺粒径实际效率及治理投运率；A.1仅平均效率,补齐粒径去除效率，或A.1技术匹配及设施投运率
SRC-RAW-4F35FA7A746C938FC50F,SO2,POLLUTANT_PARAMETER_MISSING: 燃料一收到基硫分缺失,补齐同燃料入炉收到基硫分
SRC-RAW-4F35FA7A746C938FC50F,SO2,SOURCE_RELATION_MISSING: GYGL仅标识工业锅炉类别，企业有多台锅炉，设施归属未明确,提供逐锅炉对应治理设施，明确串并联关系
SRC-RAW-4F35FA7A746C938FC50F,NOx,SOURCE_RELATION_MISSING: GYGL仅标识工业锅炉类别，企业有多台锅炉，设施归属未明确,提供逐锅炉对应治理设施，明确串并联关系
SRC-RAW-4F35FA7A746C938FC50F,PM10,SOURCE_RELATION_MISSING: GYGL仅标识工业锅炉类别，企业有多台锅炉，设施归属未明确,提供逐锅炉对应治理设施，明确串并联关系
SRC-RAW-4F35FA7A746C938FC50F,PM2.5,SOURCE_RELATION_MISSING: GYGL仅标识工业锅炉类别，企业有多台锅炉，设施归属未明确,提供逐锅炉对应治理设施，明确串并联关系
SRC-RAW-4F35FA7A746C938FC50F,BC,SOURCE_RELATION_MISSING: GYGL仅标识工业锅炉类别，企业有多台锅炉，设施归属未明确,提供逐锅炉对应治理设施，明确串并联关系
SRC-RAW-4F35FA7A746C938FC50F,OC,SOURCE_RELATION_MISSING: GYGL仅标识工业锅炉类别，企业有多台锅炉，设施归属未明确,提供逐锅炉对应治理设施，明确串并联关系
SRC-RAW-5A611CB426E8DD7E653A,SO2,POLLUTANT_PARAMETER_MISSING: 燃料一收到基硫分缺失,补齐同燃料入炉收到基硫分
SRC-RAW-5A611CB426E8DD7E653A,SO2,SOURCE_RELATION_MISSING: GYGL仅标识工业锅炉类别，企业有多台锅炉，设施归属未明确,提供逐锅炉对应治理设施，明确串并联关系
SRC-RAW-5A611CB426E8DD7E653A,NOx,SOURCE_RELATION_MISSING: GYGL仅标识工业锅炉类别，企业有多台锅炉，设施归属未明确,提供逐锅炉对应治理设施，明确串并联关系
SRC-RAW-5A611CB426E8DD7E653A,PM10,SOURCE_RELATION_MISSING: GYGL仅标识工业锅炉类别，企业有多台锅炉，设施归属未明确,提供逐锅炉对应治理设施，明确串并联关系
SRC-RAW-5A611CB426E8DD7E653A,PM2.5,SOURCE_RELATION_MISSING: GYGL仅标识工业锅炉类别，企业有多台锅炉，设施归属未明确,提供逐锅炉对应治理设施，明确串并联关系
SRC-RAW-5A611CB426E8DD7E653A,BC,SOURCE_RELATION_MISSING: GYGL仅标识工业锅炉类别，企业有多台锅炉，设施归属未明确,提供逐锅炉对应治理设施，明确串并联关系
SRC-RAW-E1CA90AF5B1138F2A52A,SO2,POLLUTANT_PARAMETER_MISSING: 燃料一收到基硫分缺失,补齐同燃料入炉收到基硫分
SRC-RAW-E1CA90AF5B1138F2A52A,PM10,POLLUTANT_PARAMETER_MISSING: 除尘效率为总颗粒物口径，缺粒径实际效率及治理投运率；A.1仅平均效率,补齐粒径去除效率，或A.1技术匹配及设施投运率
SRC-RAW-E1CA90AF5B1138F2A52A,PM2.5,POLLUTANT_PARAMETER_MISSING: 除尘效率为总颗粒物口径，缺粒径实际效率及治理投运率；A.1仅平均效率,补齐粒径去除效率，或A.1技术匹配及设施投运率
SRC-RAW-E1CA90AF5B1138F2A52A,BC,POLLUTANT_PARAMETER_MISSING: 除尘效率为总颗粒物口径，缺粒径实际效率及治理投运率；A.1仅平均效率,补齐粒径去除效率，或A.1技术匹配及设施投运率
SRC-RAW-D0E1D7D809221865179F,SO2,SOURCE_RELATION_MISSING: GYGL仅标识工业锅炉类别，企业有多台锅炉，设施归属未明确,提供逐锅炉对应治理设施，明确串并联关系
SRC-RAW-D0E1D7D809221865179F,NOx,SOURCE_RELATION_MISSING: GYGL仅标识工业锅炉类别，企业有多台锅炉，设施归属未明确,提供逐锅炉对应治理设施，明确串并联关系
SRC-RAW-D0E1D7D809221865179F,PM10,POLLUTANT_PARAMETER_MISSING: 燃料一收到基灰分缺失,补齐同燃料入炉收到基灰分
SRC-RAW-D0E1D7D809221865179F,PM10,SOURCE_RELATION_MISSING: GYGL仅标识工业锅炉类别，企业有多台锅炉，设施归属未明确,提供逐锅炉对应治理设施，明确串并联关系
SRC-RAW-D0E1D7D809221865179F,PM2.5,POLLUTANT_PARAMETER_MISSING: 燃料一收到基灰分缺失,补齐同燃料入炉收到基灰分
SRC-RAW-D0E1D7D809221865179F,PM2.5,SOURCE_RELATION_MISSING: GYGL仅标识工业锅炉类别，企业有多台锅炉，设施归属未明确,提供逐锅炉对应治理设施，明确串并联关系
SRC-RAW-D0E1D7D809221865179F,BC,POLLUTANT_PARAMETER_MISSING: 燃料一收到基灰分缺失,补齐同燃料入炉收到基灰分
SRC-RAW-D0E1D7D809221865179F,BC,SOURCE_RELATION_MISSING: GYGL仅标识工业锅炉类别，企业有多台锅炉，设施归属未明确,提供逐锅炉对应治理设施，明确串并联关系
SRC-RAW-D0E1D7D809221865179F,OC,POLLUTANT_PARAMETER_MISSING: 燃料一收到基灰分缺失,补齐同燃料入炉收到基灰分
SRC-RAW-D0E1D7D809221865179F,OC,SOURCE_RELATION_MISSING: GYGL仅标识工业锅炉类别，企业有多台锅炉，设施归属未明确,提供逐锅炉对应治理设施，明确串并联关系
SRC-RAW-319B59F0E3FA468CF32C,NOx,SOURCE_RELATION_MISSING: 企业—锅炉—排放口关系缺失,补齐并核实企业标识、锅炉编号、排放口及治理设施对应关系
SRC-RAW-319B59F0E3FA468CF32C,PM10,SOURCE_RELATION_MISSING: 企业—锅炉—排放口关系缺失,补齐并核实企业标识、锅炉编号、排放口及治理设施对应关系
SRC-RAW-319B59F0E3FA468CF32C,PM2.5,SOURCE_RELATION_MISSING: 企业—锅炉—排放口关系缺失,补齐并核实企业标识、锅炉编号、排放口及治理设施对应关系
SRC-RAW-D49A1A8E12625C6BC476,NOx,SOURCE_RELATION_MISSING: 企业—锅炉—排放口关系缺失,补齐并核实企业标识、锅炉编号、排放口及治理设施对应关系
SRC-RAW-D49A1A8E12625C6BC476,PM10,SOURCE_RELATION_MISSING: 企业—锅炉—排放口关系缺失,补齐并核实企业标识、锅炉编号、排放口及治理设施对应关系
SRC-RAW-D49A1A8E12625C6BC476,PM2.5,SOURCE_RELATION_MISSING: 企业—锅炉—排放口关系缺失,补齐并核实企业标识、锅炉编号、排放口及治理设施对应关系
SRC-RAW-1D5A2A9997909A9AC9A5,SO2,ACTIVITY_MISSING: 燃料一消耗量为空；供热分项不自动替代总量,补齐该燃料年度消耗总量及单位
SRC-RAW-1D5A2A9997909A9AC9A5,NOx,ACTIVITY_MISSING: 燃料一消耗量为空；供热分项不自动替代总量,补齐该燃料年度消耗总量及单位
SRC-RAW-1D5A2A9997909A9AC9A5,CO,ACTIVITY_MISSING: 燃料一消耗量为空；供热分项不自动替代总量,补齐该燃料年度消耗总量及单位
SRC-RAW-1D5A2A9997909A9AC9A5,VOC,ACTIVITY_MISSING: 燃料一消耗量为空；供热分项不自动替代总量,补齐该燃料年度消耗总量及单位
SRC-RAW-1D5A2A9997909A9AC9A5,PM10,ACTIVITY_MISSING: 燃料一消耗量为空；供热分项不自动替代总量,补齐该燃料年度消耗总量及单位
SRC-RAW-1D5A2A9997909A9AC9A5,PM2.5,ACTIVITY_MISSING: 燃料一消耗量为空；供热分项不自动替代总量,补齐该燃料年度消耗总量及单位
SRC-RAW-1D5A2A9997909A9AC9A5,BC,ACTIVITY_MISSING: 燃料一消耗量为空；供热分项不自动替代总量,补齐该燃料年度消耗总量及单位
SRC-RAW-1D5A2A9997909A9AC9A5,OC,ACTIVITY_MISSING: 燃料一消耗量为空；供热分项不自动替代总量,补齐该燃料年度消耗总量及单位
SRC-RAW-D8B4E7533B4C1AB139ED,NOx,SOURCE_RELATION_MISSING: 企业—锅炉—排放口关系缺失,补齐并核实企业标识、锅炉编号、排放口及治理设施对应关系
SRC-RAW-D8B4E7533B4C1AB139ED,PM10,SOURCE_RELATION_MISSING: 企业—锅炉—排放口关系缺失,补齐并核实企业标识、锅炉编号、排放口及治理设施对应关系
SRC-RAW-D8B4E7533B4C1AB139ED,PM2.5,SOURCE_RELATION_MISSING: 企业—锅炉—排放口关系缺失,补齐并核实企业标识、锅炉编号、排放口及治理设施对应关系
SRC-RAW-2D406E5AB95E077719F3,SO2,ACTIVITY_MISSING: 燃料一消耗量为空；供热分项不自动替代总量,补齐该燃料年度消耗总量及单位
SRC-RAW-2D406E5AB95E077719F3,NOx,ACTIVITY_MISSING: 燃料一消耗量为空；供热分项不自动替代总量,补齐该燃料年度消耗总量及单位
SRC-RAW-2D406E5AB95E077719F3,CO,ACTIVITY_MISSING: 燃料一消耗量为空；供热分项不自动替代总量,补齐该燃料年度消耗总量及单位
SRC-RAW-2D406E5AB95E077719F3,VOC,ACTIVITY_MISSING: 燃料一消耗量为空；供热分项不自动替代总量,补齐该燃料年度消耗总量及单位
SRC-RAW-2D406E5AB95E077719F3,PM10,ACTIVITY_MISSING: 燃料一消耗量为空；供热分项不自动替代总量,补齐该燃料年度消耗总量及单位
SRC-RAW-2D406E5AB95E077719F3,PM2.5,ACTIVITY_MISSING: 燃料一消耗量为空；供热分项不自动替代总量,补齐该燃料年度消耗总量及单位
SRC-RAW-2D406E5AB95E077719F3,BC,ACTIVITY_MISSING: 燃料一消耗量为空；供热分项不自动替代总量,补齐该燃料年度消耗总量及单位
SRC-RAW-2D406E5AB95E077719F3,OC,ACTIVITY_MISSING: 燃料一消耗量为空；供热分项不自动替代总量,补齐该燃料年度消耗总量及单位
SRC-RAW-92442C59C2F1C80173E1,SO2,HARD_CONSTRAINT_CONFLICT: 燃料一消耗量为负数,核实原始台账并更正负消耗量；不得取绝对值
SRC-RAW-92442C59C2F1C80173E1,NOx,HARD_CONSTRAINT_CONFLICT: 燃料一消耗量为负数,核实原始台账并更正负消耗量；不得取绝对值
SRC-RAW-92442C59C2F1C80173E1,CO,HARD_CONSTRAINT_CONFLICT: 燃料一消耗量为负数,核实原始台账并更正负消耗量；不得取绝对值
SRC-RAW-92442C59C2F1C80173E1,VOC,HARD_CONSTRAINT_CONFLICT: 燃料一消耗量为负数,核实原始台账并更正负消耗量；不得取绝对值
SRC-RAW-92442C59C2F1C80173E1,PM10,HARD_CONSTRAINT_CONFLICT: 燃料一消耗量为负数,核实原始台账并更正负消耗量；不得取绝对值
SRC-RAW-92442C59C2F1C80173E1,PM2.5,HARD_CONSTRAINT_CONFLICT: 燃料一消耗量为负数,核实原始台账并更正负消耗量；不得取绝对值
SRC-RAW-92442C59C2F1C80173E1,BC,HARD_CONSTRAINT_CONFLICT: 燃料一消耗量为负数,核实原始台账并更正负消耗量；不得取绝对值
SRC-RAW-92442C59C2F1C80173E1,OC,HARD_CONSTRAINT_CONFLICT: 燃料一消耗量为负数,核实原始台账并更正负消耗量；不得取绝对值
SRC-RAW-E439E31370E82A8C4479,NOx,SOURCE_RELATION_MISSING: 企业—锅炉—排放口关系缺失,补齐并核实企业标识、锅炉编号、排放口及治理设施对应关系
SRC-RAW-E439E31370E82A8C4479,PM10,SOURCE_RELATION_MISSING: 企业—锅炉—排放口关系缺失,补齐并核实企业标识、锅炉编号、排放口及治理设施对应关系
SRC-RAW-E439E31370E82A8C4479,PM2.5,SOURCE_RELATION_MISSING: 企业—锅炉—排放口关系缺失,补齐并核实企业标识、锅炉编号、排放口及治理设施对应关系
SRC-RAW-C4AEFE686257B0C11D20,SO2,ACTIVITY_MISSING: 燃料一消耗量为空；供热分项不自动替代总量,补齐该燃料年度消耗总量及单位
SRC-RAW-C4AEFE686257B0C11D20,NOx,ACTIVITY_MISSING: 燃料一消耗量为空；供热分项不自动替代总量,补齐该燃料年度消耗总量及单位
SRC-RAW-C4AEFE686257B0C11D20,CO,ACTIVITY_MISSING: 燃料一消耗量为空；供热分项不自动替代总量,补齐该燃料年度消耗总量及单位
SRC-RAW-C4AEFE686257B0C11D20,VOC,ACTIVITY_MISSING: 燃料一消耗量为空；供热分项不自动替代总量,补齐该燃料年度消耗总量及单位
SRC-RAW-C4AEFE686257B0C11D20,PM10,ACTIVITY_MISSING: 燃料一消耗量为空；供热分项不自动替代总量,补齐该燃料年度消耗总量及单位
SRC-RAW-C4AEFE686257B0C11D20,PM2.5,ACTIVITY_MISSING: 燃料一消耗量为空；供热分项不自动替代总量,补齐该燃料年度消耗总量及单位
SRC-RAW-C4AEFE686257B0C11D20,BC,ACTIVITY_MISSING: 燃料一消耗量为空；供热分项不自动替代总量,补齐该燃料年度消耗总量及单位
SRC-RAW-C4AEFE686257B0C11D20,OC,ACTIVITY_MISSING: 燃料一消耗量为空；供热分项不自动替代总量,补齐该燃料年度消耗总量及单位
SRC-RAW-82834F0C3BCA38A437C5,SO2,HARD_CONSTRAINT_CONFLICT: 燃料一消耗量为负数,核实原始台账并更正负消耗量；不得取绝对值
SRC-RAW-82834F0C3BCA38A437C5,NOx,HARD_CONSTRAINT_CONFLICT: 燃料一消耗量为负数,核实原始台账并更正负消耗量；不得取绝对值
SRC-RAW-82834F0C3BCA38A437C5,CO,HARD_CONSTRAINT_CONFLICT: 燃料一消耗量为负数,核实原始台账并更正负消耗量；不得取绝对值
SRC-RAW-82834F0C3BCA38A437C5,VOC,HARD_CONSTRAINT_CONFLICT: 燃料一消耗量为负数,核实原始台账并更正负消耗量；不得取绝对值
SRC-RAW-82834F0C3BCA38A437C5,PM10,HARD_CONSTRAINT_CONFLICT: 燃料一消耗量为负数,核实原始台账并更正负消耗量；不得取绝对值
SRC-RAW-82834F0C3BCA38A437C5,PM2.5,HARD_CONSTRAINT_CONFLICT: 燃料一消耗量为负数,核实原始台账并更正负消耗量；不得取绝对值
SRC-RAW-82834F0C3BCA38A437C5,BC,HARD_CONSTRAINT_CONFLICT: 燃料一消耗量为负数,核实原始台账并更正负消耗量；不得取绝对值
SRC-RAW-82834F0C3BCA38A437C5,OC,HARD_CONSTRAINT_CONFLICT: 燃料一消耗量为负数,核实原始台账并更正负消耗量；不得取绝对值
SRC-RAW-FF2CA474B2EBF11D59B5,SO2,ACTIVITY_MISSING: 燃料一消耗量为空；供热分项不自动替代总量,补齐该燃料年度消耗总量及单位
SRC-RAW-FF2CA474B2EBF11D59B5,NOx,ACTIVITY_MISSING: 燃料一消耗量为空；供热分项不自动替代总量,补齐该燃料年度消耗总量及单位
SRC-RAW-FF2CA474B2EBF11D59B5,CO,ACTIVITY_MISSING: 燃料一消耗量为空；供热分项不自动替代总量,补齐该燃料年度消耗总量及单位
SRC-RAW-FF2CA474B2EBF11D59B5,VOC,ACTIVITY_MISSING: 燃料一消耗量为空；供热分项不自动替代总量,补齐该燃料年度消耗总量及单位
SRC-RAW-FF2CA474B2EBF11D59B5,PM10,ACTIVITY_MISSING: 燃料一消耗量为空；供热分项不自动替代总量,补齐该燃料年度消耗总量及单位
SRC-RAW-FF2CA474B2EBF11D59B5,PM2.5,ACTIVITY_MISSING: 燃料一消耗量为空；供热分项不自动替代总量,补齐该燃料年度消耗总量及单位
SRC-RAW-FF2CA474B2EBF11D59B5,BC,ACTIVITY_MISSING: 燃料一消耗量为空；供热分项不自动替代总量,补齐该燃料年度消耗总量及单位
SRC-RAW-FF2CA474B2EBF11D59B5,OC,ACTIVITY_MISSING: 燃料一消耗量为空；供热分项不自动替代总量,补齐该燃料年度消耗总量及单位
SRC-RAW-6147EA62C936E92F312B,SO2,ACTIVITY_MISSING: 燃料一消耗量为空；供热分项不自动替代总量,补齐该燃料年度消耗总量及单位
SRC-RAW-6147EA62C936E92F312B,NOx,ACTIVITY_MISSING: 燃料一消耗量为空；供热分项不自动替代总量,补齐该燃料年度消耗总量及单位
SRC-RAW-6147EA62C936E92F312B,CO,ACTIVITY_MISSING: 燃料一消耗量为空；供热分项不自动替代总量,补齐该燃料年度消耗总量及单位
SRC-RAW-6147EA62C936E92F312B,VOC,ACTIVITY_MISSING: 燃料一消耗量为空；供热分项不自动替代总量,补齐该燃料年度消耗总量及单位
SRC-RAW-6147EA62C936E92F312B,PM10,ACTIVITY_MISSING: 燃料一消耗量为空；供热分项不自动替代总量,补齐该燃料年度消耗总量及单位
SRC-RAW-6147EA62C936E92F312B,PM2.5,ACTIVITY_MISSING: 燃料一消耗量为空；供热分项不自动替代总量,补齐该燃料年度消耗总量及单位
SRC-RAW-6147EA62C936E92F312B,BC,ACTIVITY_MISSING: 燃料一消耗量为空；供热分项不自动替代总量,补齐该燃料年度消耗总量及单位
SRC-RAW-6147EA62C936E92F312B,OC,ACTIVITY_MISSING: 燃料一消耗量为空；供热分项不自动替代总量,补齐该燃料年度消耗总量及单位
SRC-RAW-3C66CE171DD7B9908EA4,SO2,ACTIVITY_MISSING: 燃料一消耗量为空；供热分项不自动替代总量,补齐该燃料年度消耗总量及单位
SRC-RAW-3C66CE171DD7B9908EA4,NOx,ACTIVITY_MISSING: 燃料一消耗量为空；供热分项不自动替代总量,补齐该燃料年度消耗总量及单位
SRC-RAW-3C66CE171DD7B9908EA4,CO,ACTIVITY_MISSING: 燃料一消耗量为空；供热分项不自动替代总量,补齐该燃料年度消耗总量及单位
SRC-RAW-3C66CE171DD7B9908EA4,VOC,ACTIVITY_MISSING: 燃料一消耗量为空；供热分项不自动替代总量,补齐该燃料年度消耗总量及单位
SRC-RAW-3C66CE171DD7B9908EA4,PM10,ACTIVITY_MISSING: 燃料一消耗量为空；供热分项不自动替代总量,补齐该燃料年度消耗总量及单位
SRC-RAW-3C66CE171DD7B9908EA4,PM2.5,ACTIVITY_MISSING: 燃料一消耗量为空；供热分项不自动替代总量,补齐该燃料年度消耗总量及单位
SRC-RAW-3C66CE171DD7B9908EA4,BC,ACTIVITY_MISSING: 燃料一消耗量为空；供热分项不自动替代总量,补齐该燃料年度消耗总量及单位
SRC-RAW-3C66CE171DD7B9908EA4,OC,ACTIVITY_MISSING: 燃料一消耗量为空；供热分项不自动替代总量,补齐该燃料年度消耗总量及单位
SRC-RAW-3CCA598CC2D59E595061,PM10,POLLUTANT_PARAMETER_MISSING: 燃料一收到基灰分缺失,补齐同燃料入炉收到基灰分
SRC-RAW-3CCA598CC2D59E595061,PM10,POLLUTANT_PARAMETER_MISSING: 除尘效率为总颗粒物口径，缺粒径实际效率及治理投运率；A.1仅平均效率,补齐粒径去除效率，或A.1技术匹配及设施投运率
SRC-RAW-3CCA598CC2D59E595061,PM2.5,POLLUTANT_PARAMETER_MISSING: 燃料一收到基灰分缺失,补齐同燃料入炉收到基灰分
SRC-RAW-3CCA598CC2D59E595061,PM2.5,POLLUTANT_PARAMETER_MISSING: 除尘效率为总颗粒物口径，缺粒径实际效率及治理投运率；A.1仅平均效率,补齐粒径去除效率，或A.1技术匹配及设施投运率
SRC-RAW-3CCA598CC2D59E595061,BC,POLLUTANT_PARAMETER_MISSING: 燃料一收到基灰分缺失,补齐同燃料入炉收到基灰分
SRC-RAW-3CCA598CC2D59E595061,BC,POLLUTANT_PARAMETER_MISSING: 除尘效率为总颗粒物口径，缺粒径实际效率及治理投运率；A.1仅平均效率,补齐粒径去除效率，或A.1技术匹配及设施投运率
SRC-RAW-77D2B10D19D5DCC9A822,SO2,SOURCE_RELATION_MISSING: GYGL仅标识工业锅炉类别，企业有多台锅炉，设施归属未明确,提供逐锅炉对应治理设施，明确串并联关系
SRC-RAW-77D2B10D19D5DCC9A822,NOx,SOURCE_RELATION_MISSING: GYGL仅标识工业锅炉类别，企业有多台锅炉，设施归属未明确,提供逐锅炉对应治理设施，明确串并联关系
SRC-RAW-77D2B10D19D5DCC9A822,PM10,POLLUTANT_PARAMETER_MISSING: 燃料一收到基灰分缺失,补齐同燃料入炉收到基灰分
SRC-RAW-77D2B10D19D5DCC9A822,PM10,SOURCE_RELATION_MISSING: GYGL仅标识工业锅炉类别，企业有多台锅炉，设施归属未明确,提供逐锅炉对应治理设施，明确串并联关系
SRC-RAW-77D2B10D19D5DCC9A822,PM2.5,POLLUTANT_PARAMETER_MISSING: 燃料一收到基灰分缺失,补齐同燃料入炉收到基灰分
SRC-RAW-77D2B10D19D5DCC9A822,PM2.5,SOURCE_RELATION_MISSING: GYGL仅标识工业锅炉类别，企业有多台锅炉，设施归属未明确,提供逐锅炉对应治理设施，明确串并联关系
SRC-RAW-77D2B10D19D5DCC9A822,BC,POLLUTANT_PARAMETER_MISSING: 燃料一收到基灰分缺失,补齐同燃料入炉收到基灰分
SRC-RAW-77D2B10D19D5DCC9A822,BC,SOURCE_RELATION_MISSING: GYGL仅标识工业锅炉类别，企业有多台锅炉，设施归属未明确,提供逐锅炉对应治理设施，明确串并联关系
SRC-RAW-ADCE96FA518532E338E5,NOx,SOURCE_RELATION_MISSING: 企业—锅炉—排放口关系缺失,补齐并核实企业标识、锅炉编号、排放口及治理设施对应关系
SRC-RAW-ADCE96FA518532E338E5,PM10,SOURCE_RELATION_MISSING: 企业—锅炉—排放口关系缺失,补齐并核实企业标识、锅炉编号、排放口及治理设施对应关系
SRC-RAW-ADCE96FA518532E338E5,PM2.5,SOURCE_RELATION_MISSING: 企业—锅炉—排放口关系缺失,补齐并核实企业标识、锅炉编号、排放口及治理设施对应关系
SRC-RAW-8CE512C8B4FACD053782,SO2,SOURCE_RELATION_MISSING: 企业—锅炉—排放口关系缺失,补齐并核实企业标识、锅炉编号、排放口及治理设施对应关系
SRC-RAW-8CE512C8B4FACD053782,SO2,POLLUTANT_PARAMETER_MISSING: 相关治理工艺或效率为空,补齐治理工艺及对应污染物实际去除效率
SRC-RAW-8CE512C8B4FACD053782,SO2,POLLUTANT_PARAMETER_MISSING: 相关治理工艺或效率为空,补齐治理工艺及对应污染物实际去除效率
SRC-RAW-8CE512C8B4FACD053782,SO2,POLLUTANT_PARAMETER_MISSING: 相关治理工艺或效率为空,补齐治理工艺及对应污染物实际去除效率
SRC-RAW-8CE512C8B4FACD053782,SO2,SOURCE_RELATION_MISSING: GYGL仅标识工业锅炉类别，企业有多台锅炉，设施归属未明确,提供逐锅炉对应治理设施，明确串并联关系
SRC-RAW-8CE512C8B4FACD053782,NOx,SOURCE_RELATION_MISSING: 企业—锅炉—排放口关系缺失,补齐并核实企业标识、锅炉编号、排放口及治理设施对应关系
SRC-RAW-8CE512C8B4FACD053782,NOx,POLLUTANT_PARAMETER_MISSING: 相关治理工艺或效率为空,补齐治理工艺及对应污染物实际去除效率
SRC-RAW-8CE512C8B4FACD053782,NOx,POLLUTANT_PARAMETER_MISSING: 相关治理工艺或效率为空,补齐治理工艺及对应污染物实际去除效率
SRC-RAW-8CE512C8B4FACD053782,NOx,POLLUTANT_PARAMETER_MISSING: 相关治理工艺或效率为空,补齐治理工艺及对应污染物实际去除效率
SRC-RAW-8CE512C8B4FACD053782,NOx,SOURCE_RELATION_MISSING: GYGL仅标识工业锅炉类别，企业有多台锅炉，设施归属未明确,提供逐锅炉对应治理设施，明确串并联关系
SRC-RAW-8CE512C8B4FACD053782,PM10,SOURCE_RELATION_MISSING: 企业—锅炉—排放口关系缺失,补齐并核实企业标识、锅炉编号、排放口及治理设施对应关系
SRC-RAW-8CE512C8B4FACD053782,PM10,POLLUTANT_PARAMETER_MISSING: 相关治理工艺或效率为空,补齐治理工艺及对应污染物实际去除效率
SRC-RAW-8CE512C8B4FACD053782,PM10,POLLUTANT_PARAMETER_MISSING: 相关治理工艺或效率为空,补齐治理工艺及对应污染物实际去除效率
SRC-RAW-8CE512C8B4FACD053782,PM10,POLLUTANT_PARAMETER_MISSING: 相关治理工艺或效率为空,补齐治理工艺及对应污染物实际去除效率
SRC-RAW-8CE512C8B4FACD053782,PM10,SOURCE_RELATION_MISSING: GYGL仅标识工业锅炉类别，企业有多台锅炉，设施归属未明确,提供逐锅炉对应治理设施，明确串并联关系
SRC-RAW-8CE512C8B4FACD053782,PM2.5,SOURCE_RELATION_MISSING: 企业—锅炉—排放口关系缺失,补齐并核实企业标识、锅炉编号、排放口及治理设施对应关系
SRC-RAW-8CE512C8B4FACD053782,PM2.5,POLLUTANT_PARAMETER_MISSING: 相关治理工艺或效率为空,补齐治理工艺及对应污染物实际去除效率
SRC-RAW-8CE512C8B4FACD053782,PM2.5,POLLUTANT_PARAMETER_MISSING: 相关治理工艺或效率为空,补齐治理工艺及对应污染物实际去除效率
SRC-RAW-8CE512C8B4FACD053782,PM2.5,POLLUTANT_PARAMETER_MISSING: 相关治理工艺或效率为空,补齐治理工艺及对应污染物实际去除效率
SRC-RAW-8CE512C8B4FACD053782,PM2.5,SOURCE_RELATION_MISSING: GYGL仅标识工业锅炉类别，企业有多台锅炉，设施归属未明确,提供逐锅炉对应治理设施，明确串并联关系
SRC-RAW-8CE512C8B4FACD053782,BC,SOURCE_RELATION_MISSING: 企业—锅炉—排放口关系缺失,补齐并核实企业标识、锅炉编号、排放口及治理设施对应关系
SRC-RAW-8CE512C8B4FACD053782,BC,POLLUTANT_PARAMETER_MISSING: 相关治理工艺或效率为空,补齐治理工艺及对应污染物实际去除效率
SRC-RAW-8CE512C8B4FACD053782,BC,POLLUTANT_PARAMETER_MISSING: 相关治理工艺或效率为空,补齐治理工艺及对应污染物实际去除效率
SRC-RAW-8CE512C8B4FACD053782,BC,POLLUTANT_PARAMETER_MISSING: 相关治理工艺或效率为空,补齐治理工艺及对应污染物实际去除效率
SRC-RAW-8CE512C8B4FACD053782,BC,SOURCE_RELATION_MISSING: GYGL仅标识工业锅炉类别，企业有多台锅炉，设施归属未明确,提供逐锅炉对应治理设施，明确串并联关系
SRC-RAW-8CE512C8B4FACD053782,OC,SOURCE_RELATION_MISSING: 企业—锅炉—排放口关系缺失,补齐并核实企业标识、锅炉编号、排放口及治理设施对应关系
SRC-RAW-8CE512C8B4FACD053782,OC,POLLUTANT_PARAMETER_MISSING: 相关治理工艺或效率为空,补齐治理工艺及对应污染物实际去除效率
SRC-RAW-8CE512C8B4FACD053782,OC,POLLUTANT_PARAMETER_MISSING: 相关治理工艺或效率为空,补齐治理工艺及对应污染物实际去除效率
SRC-RAW-8CE512C8B4FACD053782,OC,POLLUTANT_PARAMETER_MISSING: 相关治理工艺或效率为空,补齐治理工艺及对应污染物实际去除效率
SRC-RAW-8CE512C8B4FACD053782,OC,SOURCE_RELATION_MISSING: GYGL仅标识工业锅炉类别，企业有多台锅炉，设施归属未明确,提供逐锅炉对应治理设施，明确串并联关系
SRC-RAW-E24365638847DEF91189,SO2,HARD_CONSTRAINT_CONFLICT: 燃料一消耗量为负数,核实原始台账并更正负消耗量；不得取绝对值
SRC-RAW-E24365638847DEF91189,NOx,HARD_CONSTRAINT_CONFLICT: 燃料一消耗量为负数,核实原始台账并更正负消耗量；不得取绝对值
SRC-RAW-E24365638847DEF91189,CO,HARD_CONSTRAINT_CONFLICT: 燃料一消耗量为负数,核实原始台账并更正负消耗量；不得取绝对值
SRC-RAW-E24365638847DEF91189,VOC,HARD_CONSTRAINT_CONFLICT: 燃料一消耗量为负数,核实原始台账并更正负消耗量；不得取绝对值
SRC-RAW-E24365638847DEF91189,PM10,HARD_CONSTRAINT_CONFLICT: 燃料一消耗量为负数,核实原始台账并更正负消耗量；不得取绝对值
SRC-RAW-E24365638847DEF91189,PM2.5,HARD_CONSTRAINT_CONFLICT: 燃料一消耗量为负数,核实原始台账并更正负消耗量；不得取绝对值
SRC-RAW-E24365638847DEF91189,BC,HARD_CONSTRAINT_CONFLICT: 燃料一消耗量为负数,核实原始台账并更正负消耗量；不得取绝对值
SRC-RAW-E24365638847DEF91189,OC,HARD_CONSTRAINT_CONFLICT: 燃料一消耗量为负数,核实原始台账并更正负消耗量；不得取绝对值
SRC-RAW-171B4F8B4253BBABBACF,SO2,ACTIVITY_MISSING: 燃料一消耗量为空；供热分项不自动替代总量,补齐该燃料年度消耗总量及单位
SRC-RAW-171B4F8B4253BBABBACF,NOx,ACTIVITY_MISSING: 燃料一消耗量为空；供热分项不自动替代总量,补齐该燃料年度消耗总量及单位
SRC-RAW-171B4F8B4253BBABBACF,CO,ACTIVITY_MISSING: 燃料一消耗量为空；供热分项不自动替代总量,补齐该燃料年度消耗总量及单位
SRC-RAW-171B4F8B4253BBABBACF,VOC,ACTIVITY_MISSING: 燃料一消耗量为空；供热分项不自动替代总量,补齐该燃料年度消耗总量及单位
SRC-RAW-171B4F8B4253BBABBACF,PM10,ACTIVITY_MISSING: 燃料一消耗量为空；供热分项不自动替代总量,补齐该燃料年度消耗总量及单位
SRC-RAW-171B4F8B4253BBABBACF,PM2.5,ACTIVITY_MISSING: 燃料一消耗量为空；供热分项不自动替代总量,补齐该燃料年度消耗总量及单位
SRC-RAW-171B4F8B4253BBABBACF,BC,ACTIVITY_MISSING: 燃料一消耗量为空；供热分项不自动替代总量,补齐该燃料年度消耗总量及单位
SRC-RAW-171B4F8B4253BBABBACF,OC,ACTIVITY_MISSING: 燃料一消耗量为空；供热分项不自动替代总量,补齐该燃料年度消耗总量及单位
SRC-RAW-FB0B53424CA4277ACE07,SO2,HARD_CONSTRAINT_CONFLICT: 燃料一消耗量为负数,核实原始台账并更正负消耗量；不得取绝对值
SRC-RAW-FB0B53424CA4277ACE07,NOx,HARD_CONSTRAINT_CONFLICT: 燃料一消耗量为负数,核实原始台账并更正负消耗量；不得取绝对值
SRC-RAW-FB0B53424CA4277ACE07,CO,HARD_CONSTRAINT_CONFLICT: 燃料一消耗量为负数,核实原始台账并更正负消耗量；不得取绝对值
SRC-RAW-FB0B53424CA4277ACE07,VOC,HARD_CONSTRAINT_CONFLICT: 燃料一消耗量为负数,核实原始台账并更正负消耗量；不得取绝对值
SRC-RAW-FB0B53424CA4277ACE07,PM10,HARD_CONSTRAINT_CONFLICT: 燃料一消耗量为负数,核实原始台账并更正负消耗量；不得取绝对值
SRC-RAW-FB0B53424CA4277ACE07,PM2.5,HARD_CONSTRAINT_CONFLICT: 燃料一消耗量为负数,核实原始台账并更正负消耗量；不得取绝对值
SRC-RAW-FB0B53424CA4277ACE07,BC,HARD_CONSTRAINT_CONFLICT: 燃料一消耗量为负数,核实原始台账并更正负消耗量；不得取绝对值
SRC-RAW-FB0B53424CA4277ACE07,OC,HARD_CONSTRAINT_CONFLICT: 燃料一消耗量为负数,核实原始台账并更正负消耗量；不得取绝对值
SRC-RAW-F3DCA78AB697EBC44263,NOx,SOURCE_RELATION_MISSING: 企业—锅炉—排放口关系缺失,补齐并核实企业标识、锅炉编号、排放口及治理设施对应关系
SRC-RAW-F3DCA78AB697EBC44263,PM10,SOURCE_RELATION_MISSING: 企业—锅炉—排放口关系缺失,补齐并核实企业标识、锅炉编号、排放口及治理设施对应关系
SRC-RAW-F3DCA78AB697EBC44263,PM2.5,SOURCE_RELATION_MISSING: 企业—锅炉—排放口关系缺失,补齐并核实企业标识、锅炉编号、排放口及治理设施对应关系
SRC-RAW-31C60B4B843403B97C6A,SO2,ACTIVITY_MISSING: 燃料一消耗量为空；供热分项不自动替代总量,补齐该燃料年度消耗总量及单位
SRC-RAW-31C60B4B843403B97C6A,NOx,ACTIVITY_MISSING: 燃料一消耗量为空；供热分项不自动替代总量,补齐该燃料年度消耗总量及单位
SRC-RAW-31C60B4B843403B97C6A,CO,ACTIVITY_MISSING: 燃料一消耗量为空；供热分项不自动替代总量,补齐该燃料年度消耗总量及单位
SRC-RAW-31C60B4B843403B97C6A,VOC,ACTIVITY_MISSING: 燃料一消耗量为空；供热分项不自动替代总量,补齐该燃料年度消耗总量及单位
SRC-RAW-31C60B4B843403B97C6A,PM10,ACTIVITY_MISSING: 燃料一消耗量为空；供热分项不自动替代总量,补齐该燃料年度消耗总量及单位
SRC-RAW-31C60B4B843403B97C6A,PM2.5,ACTIVITY_MISSING: 燃料一消耗量为空；供热分项不自动替代总量,补齐该燃料年度消耗总量及单位
SRC-RAW-31C60B4B843403B97C6A,BC,ACTIVITY_MISSING: 燃料一消耗量为空；供热分项不自动替代总量,补齐该燃料年度消耗总量及单位
SRC-RAW-31C60B4B843403B97C6A,OC,ACTIVITY_MISSING: 燃料一消耗量为空；供热分项不自动替代总量,补齐该燃料年度消耗总量及单位
SRC-RAW-6D3E3B7DED9374C6CCAF,PM10,POLLUTANT_PARAMETER_MISSING: 燃料一收到基灰分缺失,补齐同燃料入炉收到基灰分
SRC-RAW-6D3E3B7DED9374C6CCAF,PM10,POLLUTANT_PARAMETER_MISSING: 除尘效率为总颗粒物口径，缺粒径实际效率及治理投运率；A.1仅平均效率,补齐粒径去除效率，或A.1技术匹配及设施投运率
SRC-RAW-6D3E3B7DED9374C6CCAF,PM2.5,POLLUTANT_PARAMETER_MISSING: 燃料一收到基灰分缺失,补齐同燃料入炉收到基灰分
SRC-RAW-6D3E3B7DED9374C6CCAF,PM2.5,POLLUTANT_PARAMETER_MISSING: 除尘效率为总颗粒物口径，缺粒径实际效率及治理投运率；A.1仅平均效率,补齐粒径去除效率，或A.1技术匹配及设施投运率
SRC-RAW-6D3E3B7DED9374C6CCAF,BC,POLLUTANT_PARAMETER_MISSING: 燃料一收到基灰分缺失,补齐同燃料入炉收到基灰分
SRC-RAW-6D3E3B7DED9374C6CCAF,BC,POLLUTANT_PARAMETER_MISSING: 除尘效率为总颗粒物口径，缺粒径实际效率及治理投运率；A.1仅平均效率,补齐粒径去除效率，或A.1技术匹配及设施投运率
SRC-RAW-73AFD237AF021A9DBA1A,SO2,HARD_CONSTRAINT_CONFLICT: 燃料一消耗量为负数,核实原始台账并更正负消耗量；不得取绝对值
SRC-RAW-73AFD237AF021A9DBA1A,NOx,HARD_CONSTRAINT_CONFLICT: 燃料一消耗量为负数,核实原始台账并更正负消耗量；不得取绝对值
SRC-RAW-73AFD237AF021A9DBA1A,CO,HARD_CONSTRAINT_CONFLICT: 燃料一消耗量为负数,核实原始台账并更正负消耗量；不得取绝对值
SRC-RAW-73AFD237AF021A9DBA1A,VOC,HARD_CONSTRAINT_CONFLICT: 燃料一消耗量为负数,核实原始台账并更正负消耗量；不得取绝对值
SRC-RAW-73AFD237AF021A9DBA1A,PM10,HARD_CONSTRAINT_CONFLICT: 燃料一消耗量为负数,核实原始台账并更正负消耗量；不得取绝对值
SRC-RAW-73AFD237AF021A9DBA1A,PM2.5,HARD_CONSTRAINT_CONFLICT: 燃料一消耗量为负数,核实原始台账并更正负消耗量；不得取绝对值
SRC-RAW-73AFD237AF021A9DBA1A,BC,HARD_CONSTRAINT_CONFLICT: 燃料一消耗量为负数,核实原始台账并更正负消耗量；不得取绝对值
SRC-RAW-73AFD237AF021A9DBA1A,OC,HARD_CONSTRAINT_CONFLICT: 燃料一消耗量为负数,核实原始台账并更正负消耗量；不得取绝对值
SRC-RAW-02C3AD7C6A1E4CD731A5,SO2,SOURCE_RELATION_MISSING: GYGL仅标识工业锅炉类别，企业有多台锅炉，设施归属未明确,提供逐锅炉对应治理设施，明确串并联关系
SRC-RAW-02C3AD7C6A1E4CD731A5,NOx,SOURCE_RELATION_MISSING: GYGL仅标识工业锅炉类别，企业有多台锅炉，设施归属未明确,提供逐锅炉对应治理设施，明确串并联关系
SRC-RAW-02C3AD7C6A1E4CD731A5,PM10,POLLUTANT_PARAMETER_MISSING: 燃料一收到基灰分缺失,补齐同燃料入炉收到基灰分
SRC-RAW-02C3AD7C6A1E4CD731A5,PM10,SOURCE_RELATION_MISSING: GYGL仅标识工业锅炉类别，企业有多台锅炉，设施归属未明确,提供逐锅炉对应治理设施，明确串并联关系
SRC-RAW-02C3AD7C6A1E4CD731A5,PM2.5,POLLUTANT_PARAMETER_MISSING: 燃料一收到基灰分缺失,补齐同燃料入炉收到基灰分
SRC-RAW-02C3AD7C6A1E4CD731A5,PM2.5,SOURCE_RELATION_MISSING: GYGL仅标识工业锅炉类别，企业有多台锅炉，设施归属未明确,提供逐锅炉对应治理设施，明确串并联关系
SRC-RAW-02C3AD7C6A1E4CD731A5,BC,POLLUTANT_PARAMETER_MISSING: 燃料一收到基灰分缺失,补齐同燃料入炉收到基灰分
SRC-RAW-02C3AD7C6A1E4CD731A5,BC,SOURCE_RELATION_MISSING: GYGL仅标识工业锅炉类别，企业有多台锅炉，设施归属未明确,提供逐锅炉对应治理设施，明确串并联关系
SRC-RAW-94BE44414A86E0BA753A,SO2,POLLUTANT_PARAMETER_MISSING: 燃料一收到基硫分缺失,补齐同燃料入炉收到基硫分
SRC-RAW-94BE44414A86E0BA753A,SO2,SOURCE_RELATION_MISSING: GYGL仅标识工业锅炉类别，企业有多台锅炉，设施归属未明确,提供逐锅炉对应治理设施，明确串并联关系
SRC-RAW-94BE44414A86E0BA753A,NOx,SOURCE_RELATION_MISSING: GYGL仅标识工业锅炉类别，企业有多台锅炉，设施归属未明确,提供逐锅炉对应治理设施，明确串并联关系
SRC-RAW-94BE44414A86E0BA753A,PM10,SOURCE_RELATION_MISSING: GYGL仅标识工业锅炉类别，企业有多台锅炉，设施归属未明确,提供逐锅炉对应治理设施，明确串并联关系
SRC-RAW-94BE44414A86E0BA753A,PM2.5,SOURCE_RELATION_MISSING: GYGL仅标识工业锅炉类别，企业有多台锅炉，设施归属未明确,提供逐锅炉对应治理设施，明确串并联关系
SRC-RAW-94BE44414A86E0BA753A,BC,SOURCE_RELATION_MISSING: GYGL仅标识工业锅炉类别，企业有多台锅炉，设施归属未明确,提供逐锅炉对应治理设施，明确串并联关系
SRC-RAW-A4FDF150A128909BE0BD,SO2,SOURCE_RELATION_MISSING: GYGL仅标识工业锅炉类别，企业有多台锅炉，设施归属未明确,提供逐锅炉对应治理设施，明确串并联关系
SRC-RAW-A4FDF150A128909BE0BD,NOx,SOURCE_RELATION_MISSING: GYGL仅标识工业锅炉类别，企业有多台锅炉，设施归属未明确,提供逐锅炉对应治理设施，明确串并联关系
SRC-RAW-A4FDF150A128909BE0BD,PM10,POLLUTANT_PARAMETER_MISSING: 燃料一收到基灰分缺失,补齐同燃料入炉收到基灰分
SRC-RAW-A4FDF150A128909BE0BD,PM10,SOURCE_RELATION_MISSING: GYGL仅标识工业锅炉类别，企业有多台锅炉，设施归属未明确,提供逐锅炉对应治理设施，明确串并联关系
SRC-RAW-A4FDF150A128909BE0BD,PM2.5,POLLUTANT_PARAMETER_MISSING: 燃料一收到基灰分缺失,补齐同燃料入炉收到基灰分
SRC-RAW-A4FDF150A128909BE0BD,PM2.5,SOURCE_RELATION_MISSING: GYGL仅标识工业锅炉类别，企业有多台锅炉，设施归属未明确,提供逐锅炉对应治理设施，明确串并联关系
SRC-RAW-A4FDF150A128909BE0BD,BC,POLLUTANT_PARAMETER_MISSING: 燃料一收到基灰分缺失,补齐同燃料入炉收到基灰分
SRC-RAW-A4FDF150A128909BE0BD,BC,SOURCE_RELATION_MISSING: GYGL仅标识工业锅炉类别，企业有多台锅炉，设施归属未明确,提供逐锅炉对应治理设施，明确串并联关系
SRC-RAW-06769CDAB42CB73FDF17,SO2,POLLUTANT_PARAMETER_MISSING: 燃料一收到基硫分缺失,补齐同燃料入炉收到基硫分
SRC-RAW-B7015BF8E4E8C57DF23D,SO2,ACTIVITY_MISSING: 燃料一消耗量为空；供热分项不自动替代总量,补齐该燃料年度消耗总量及单位
SRC-RAW-B7015BF8E4E8C57DF23D,NOx,ACTIVITY_MISSING: 燃料一消耗量为空；供热分项不自动替代总量,补齐该燃料年度消耗总量及单位
SRC-RAW-B7015BF8E4E8C57DF23D,CO,ACTIVITY_MISSING: 燃料一消耗量为空；供热分项不自动替代总量,补齐该燃料年度消耗总量及单位
SRC-RAW-B7015BF8E4E8C57DF23D,VOC,ACTIVITY_MISSING: 燃料一消耗量为空；供热分项不自动替代总量,补齐该燃料年度消耗总量及单位
SRC-RAW-B7015BF8E4E8C57DF23D,PM10,ACTIVITY_MISSING: 燃料一消耗量为空；供热分项不自动替代总量,补齐该燃料年度消耗总量及单位
SRC-RAW-B7015BF8E4E8C57DF23D,PM2.5,ACTIVITY_MISSING: 燃料一消耗量为空；供热分项不自动替代总量,补齐该燃料年度消耗总量及单位
SRC-RAW-B7015BF8E4E8C57DF23D,BC,ACTIVITY_MISSING: 燃料一消耗量为空；供热分项不自动替代总量,补齐该燃料年度消耗总量及单位
SRC-RAW-B7015BF8E4E8C57DF23D,OC,ACTIVITY_MISSING: 燃料一消耗量为空；供热分项不自动替代总量,补齐该燃料年度消耗总量及单位
SRC-RAW-65C2D043B08F22E2A5E5,NOx,SOURCE_RELATION_MISSING: 企业—锅炉—排放口关系缺失,补齐并核实企业标识、锅炉编号、排放口及治理设施对应关系
SRC-RAW-65C2D043B08F22E2A5E5,PM10,SOURCE_RELATION_MISSING: 企业—锅炉—排放口关系缺失,补齐并核实企业标识、锅炉编号、排放口及治理设施对应关系
SRC-RAW-65C2D043B08F22E2A5E5,PM2.5,SOURCE_RELATION_MISSING: 企业—锅炉—排放口关系缺失,补齐并核实企业标识、锅炉编号、排放口及治理设施对应关系
SRC-RAW-65C2D043B08F22E2A5E5,BC,SOURCE_RELATION_MISSING: 企业—锅炉—排放口关系缺失,补齐并核实企业标识、锅炉编号、排放口及治理设施对应关系
SRC-RAW-65C2D043B08F22E2A5E5,OC,SOURCE_RELATION_MISSING: 企业—锅炉—排放口关系缺失,补齐并核实企业标识、锅炉编号、排放口及治理设施对应关系
SRC-RAW-656E666C8C582E479170,SO2,HARD_CONSTRAINT_CONFLICT: 燃料一消耗量为负数,核实原始台账并更正负消耗量；不得取绝对值
SRC-RAW-656E666C8C582E479170,NOx,HARD_CONSTRAINT_CONFLICT: 燃料一消耗量为负数,核实原始台账并更正负消耗量；不得取绝对值
SRC-RAW-656E666C8C582E479170,CO,HARD_CONSTRAINT_CONFLICT: 燃料一消耗量为负数,核实原始台账并更正负消耗量；不得取绝对值
SRC-RAW-656E666C8C582E479170,VOC,HARD_CONSTRAINT_CONFLICT: 燃料一消耗量为负数,核实原始台账并更正负消耗量；不得取绝对值
SRC-RAW-656E666C8C582E479170,PM10,HARD_CONSTRAINT_CONFLICT: 燃料一消耗量为负数,核实原始台账并更正负消耗量；不得取绝对值
SRC-RAW-656E666C8C582E479170,PM2.5,HARD_CONSTRAINT_CONFLICT: 燃料一消耗量为负数,核实原始台账并更正负消耗量；不得取绝对值
SRC-RAW-656E666C8C582E479170,BC,HARD_CONSTRAINT_CONFLICT: 燃料一消耗量为负数,核实原始台账并更正负消耗量；不得取绝对值
SRC-RAW-656E666C8C582E479170,OC,HARD_CONSTRAINT_CONFLICT: 燃料一消耗量为负数,核实原始台账并更正负消耗量；不得取绝对值
SRC-RAW-9EC1B6359222B8DC4E10,PM10,POLLUTANT_PARAMETER_MISSING: 除尘效率为总颗粒物口径，缺粒径实际效率及治理投运率；A.1仅平均效率,补齐粒径去除效率，或A.1技术匹配及设施投运率
SRC-RAW-9EC1B6359222B8DC4E10,PM2.5,POLLUTANT_PARAMETER_MISSING: 除尘效率为总颗粒物口径，缺粒径实际效率及治理投运率；A.1仅平均效率,补齐粒径去除效率，或A.1技术匹配及设施投运率
SRC-RAW-7F81904F368FD1C2F9F1,SO2,ACTIVITY_MISSING: 燃料一消耗量为空；供热分项不自动替代总量,补齐该燃料年度消耗总量及单位
SRC-RAW-7F81904F368FD1C2F9F1,NOx,ACTIVITY_MISSING: 燃料一消耗量为空；供热分项不自动替代总量,补齐该燃料年度消耗总量及单位
SRC-RAW-7F81904F368FD1C2F9F1,CO,ACTIVITY_MISSING: 燃料一消耗量为空；供热分项不自动替代总量,补齐该燃料年度消耗总量及单位
SRC-RAW-7F81904F368FD1C2F9F1,VOC,ACTIVITY_MISSING: 燃料一消耗量为空；供热分项不自动替代总量,补齐该燃料年度消耗总量及单位
SRC-RAW-7F81904F368FD1C2F9F1,PM10,ACTIVITY_MISSING: 燃料一消耗量为空；供热分项不自动替代总量,补齐该燃料年度消耗总量及单位
SRC-RAW-7F81904F368FD1C2F9F1,PM2.5,ACTIVITY_MISSING: 燃料一消耗量为空；供热分项不自动替代总量,补齐该燃料年度消耗总量及单位
SRC-RAW-7F81904F368FD1C2F9F1,BC,ACTIVITY_MISSING: 燃料一消耗量为空；供热分项不自动替代总量,补齐该燃料年度消耗总量及单位
SRC-RAW-7F81904F368FD1C2F9F1,OC,ACTIVITY_MISSING: 燃料一消耗量为空；供热分项不自动替代总量,补齐该燃料年度消耗总量及单位
SRC-RAW-C885B9F0BBEA30995969,SO2,ACTIVITY_MISSING: 燃料一消耗量为空；供热分项不自动替代总量,补齐该燃料年度消耗总量及单位
SRC-RAW-C885B9F0BBEA30995969,NOx,ACTIVITY_MISSING: 燃料一消耗量为空；供热分项不自动替代总量,补齐该燃料年度消耗总量及单位
SRC-RAW-C885B9F0BBEA30995969,CO,ACTIVITY_MISSING: 燃料一消耗量为空；供热分项不自动替代总量,补齐该燃料年度消耗总量及单位
SRC-RAW-C885B9F0BBEA30995969,VOC,ACTIVITY_MISSING: 燃料一消耗量为空；供热分项不自动替代总量,补齐该燃料年度消耗总量及单位
SRC-RAW-C885B9F0BBEA30995969,PM10,ACTIVITY_MISSING: 燃料一消耗量为空；供热分项不自动替代总量,补齐该燃料年度消耗总量及单位
SRC-RAW-C885B9F0BBEA30995969,PM2.5,ACTIVITY_MISSING: 燃料一消耗量为空；供热分项不自动替代总量,补齐该燃料年度消耗总量及单位
SRC-RAW-C885B9F0BBEA30995969,BC,ACTIVITY_MISSING: 燃料一消耗量为空；供热分项不自动替代总量,补齐该燃料年度消耗总量及单位
SRC-RAW-C885B9F0BBEA30995969,OC,ACTIVITY_MISSING: 燃料一消耗量为空；供热分项不自动替代总量,补齐该燃料年度消耗总量及单位
SRC-RAW-B470895EC043FDFFA8CD,SO2,HARD_CONSTRAINT_CONFLICT: 燃料一消耗量为负数,核实原始台账并更正负消耗量；不得取绝对值
SRC-RAW-B470895EC043FDFFA8CD,NOx,HARD_CONSTRAINT_CONFLICT: 燃料一消耗量为负数,核实原始台账并更正负消耗量；不得取绝对值
SRC-RAW-B470895EC043FDFFA8CD,CO,HARD_CONSTRAINT_CONFLICT: 燃料一消耗量为负数,核实原始台账并更正负消耗量；不得取绝对值
SRC-RAW-B470895EC043FDFFA8CD,VOC,HARD_CONSTRAINT_CONFLICT: 燃料一消耗量为负数,核实原始台账并更正负消耗量；不得取绝对值
SRC-RAW-B470895EC043FDFFA8CD,PM10,HARD_CONSTRAINT_CONFLICT: 燃料一消耗量为负数,核实原始台账并更正负消耗量；不得取绝对值
SRC-RAW-B470895EC043FDFFA8CD,PM2.5,HARD_CONSTRAINT_CONFLICT: 燃料一消耗量为负数,核实原始台账并更正负消耗量；不得取绝对值
SRC-RAW-B470895EC043FDFFA8CD,BC,HARD_CONSTRAINT_CONFLICT: 燃料一消耗量为负数,核实原始台账并更正负消耗量；不得取绝对值
SRC-RAW-B470895EC043FDFFA8CD,OC,HARD_CONSTRAINT_CONFLICT: 燃料一消耗量为负数,核实原始台账并更正负消耗量；不得取绝对值
SRC-RAW-0316307F0CE6EA792698,SO2,HARD_CONSTRAINT_CONFLICT: 燃料一消耗量为负数,核实原始台账并更正负消耗量；不得取绝对值
SRC-RAW-0316307F0CE6EA792698,NOx,HARD_CONSTRAINT_CONFLICT: 燃料一消耗量为负数,核实原始台账并更正负消耗量；不得取绝对值
SRC-RAW-0316307F0CE6EA792698,CO,HARD_CONSTRAINT_CONFLICT: 燃料一消耗量为负数,核实原始台账并更正负消耗量；不得取绝对值
SRC-RAW-0316307F0CE6EA792698,VOC,HARD_CONSTRAINT_CONFLICT: 燃料一消耗量为负数,核实原始台账并更正负消耗量；不得取绝对值
SRC-RAW-0316307F0CE6EA792698,PM10,HARD_CONSTRAINT_CONFLICT: 燃料一消耗量为负数,核实原始台账并更正负消耗量；不得取绝对值
SRC-RAW-0316307F0CE6EA792698,PM2.5,HARD_CONSTRAINT_CONFLICT: 燃料一消耗量为负数,核实原始台账并更正负消耗量；不得取绝对值
SRC-RAW-0316307F0CE6EA792698,BC,HARD_CONSTRAINT_CONFLICT: 燃料一消耗量为负数,核实原始台账并更正负消耗量；不得取绝对值
SRC-RAW-0316307F0CE6EA792698,OC,HARD_CONSTRAINT_CONFLICT: 燃料一消耗量为负数,核实原始台账并更正负消耗量；不得取绝对值
SRC-RAW-55EB92331A8A3C5CC243,NOx,SOURCE_RELATION_MISSING: 企业—锅炉—排放口关系缺失,补齐并核实企业标识、锅炉编号、排放口及治理设施对应关系
SRC-RAW-55EB92331A8A3C5CC243,PM10,SOURCE_RELATION_MISSING: 企业—锅炉—排放口关系缺失,补齐并核实企业标识、锅炉编号、排放口及治理设施对应关系
SRC-RAW-55EB92331A8A3C5CC243,PM2.5,SOURCE_RELATION_MISSING: 企业—锅炉—排放口关系缺失,补齐并核实企业标识、锅炉编号、排放口及治理设施对应关系
SRC-RAW-53939DA90DE9795ACF87,SO2,HARD_CONSTRAINT_CONFLICT: 燃料一消耗量为负数,核实原始台账并更正负消耗量；不得取绝对值
SRC-RAW-53939DA90DE9795ACF87,NOx,HARD_CONSTRAINT_CONFLICT: 燃料一消耗量为负数,核实原始台账并更正负消耗量；不得取绝对值
SRC-RAW-53939DA90DE9795ACF87,CO,HARD_CONSTRAINT_CONFLICT: 燃料一消耗量为负数,核实原始台账并更正负消耗量；不得取绝对值
SRC-RAW-53939DA90DE9795ACF87,VOC,HARD_CONSTRAINT_CONFLICT: 燃料一消耗量为负数,核实原始台账并更正负消耗量；不得取绝对值
SRC-RAW-53939DA90DE9795ACF87,PM10,HARD_CONSTRAINT_CONFLICT: 燃料一消耗量为负数,核实原始台账并更正负消耗量；不得取绝对值
SRC-RAW-53939DA90DE9795ACF87,PM2.5,HARD_CONSTRAINT_CONFLICT: 燃料一消耗量为负数,核实原始台账并更正负消耗量；不得取绝对值
SRC-RAW-53939DA90DE9795ACF87,BC,HARD_CONSTRAINT_CONFLICT: 燃料一消耗量为负数,核实原始台账并更正负消耗量；不得取绝对值
SRC-RAW-53939DA90DE9795ACF87,OC,HARD_CONSTRAINT_CONFLICT: 燃料一消耗量为负数,核实原始台账并更正负消耗量；不得取绝对值
SRC-RAW-F1E3277CC2B3CFF211F1,SO2,POLLUTANT_PARAMETER_MISSING: 相关治理工艺或效率为空,补齐治理工艺及对应污染物实际去除效率
SRC-RAW-F1E3277CC2B3CFF211F1,SO2,SOURCE_RELATION_MISSING: GYGL仅标识工业锅炉类别，企业有多台锅炉，设施归属未明确,提供逐锅炉对应治理设施，明确串并联关系
SRC-RAW-F1E3277CC2B3CFF211F1,NOx,POLLUTANT_PARAMETER_MISSING: 相关治理工艺或效率为空,补齐治理工艺及对应污染物实际去除效率
SRC-RAW-F1E3277CC2B3CFF211F1,NOx,SOURCE_RELATION_MISSING: GYGL仅标识工业锅炉类别，企业有多台锅炉，设施归属未明确,提供逐锅炉对应治理设施，明确串并联关系
SRC-RAW-F1E3277CC2B3CFF211F1,PM10,POLLUTANT_PARAMETER_MISSING: 燃料一收到基灰分缺失,补齐同燃料入炉收到基灰分
SRC-RAW-F1E3277CC2B3CFF211F1,PM10,POLLUTANT_PARAMETER_MISSING: 相关治理工艺或效率为空,补齐治理工艺及对应污染物实际去除效率
SRC-RAW-F1E3277CC2B3CFF211F1,PM10,SOURCE_RELATION_MISSING: GYGL仅标识工业锅炉类别，企业有多台锅炉，设施归属未明确,提供逐锅炉对应治理设施，明确串并联关系
SRC-RAW-F1E3277CC2B3CFF211F1,PM2.5,POLLUTANT_PARAMETER_MISSING: 燃料一收到基灰分缺失,补齐同燃料入炉收到基灰分
SRC-RAW-F1E3277CC2B3CFF211F1,PM2.5,POLLUTANT_PARAMETER_MISSING: 相关治理工艺或效率为空,补齐治理工艺及对应污染物实际去除效率
SRC-RAW-F1E3277CC2B3CFF211F1,PM2.5,SOURCE_RELATION_MISSING: GYGL仅标识工业锅炉类别，企业有多台锅炉，设施归属未明确,提供逐锅炉对应治理设施，明确串并联关系
SRC-RAW-F1E3277CC2B3CFF211F1,BC,POLLUTANT_PARAMETER_MISSING: 燃料一收到基灰分缺失,补齐同燃料入炉收到基灰分
SRC-RAW-F1E3277CC2B3CFF211F1,BC,POLLUTANT_PARAMETER_MISSING: 相关治理工艺或效率为空,补齐治理工艺及对应污染物实际去除效率
SRC-RAW-F1E3277CC2B3CFF211F1,BC,SOURCE_RELATION_MISSING: GYGL仅标识工业锅炉类别，企业有多台锅炉，设施归属未明确,提供逐锅炉对应治理设施，明确串并联关系
SRC-RAW-9D2D3CCEFBE2883FB563,SO2,HARD_CONSTRAINT_CONFLICT: 燃料一消耗量为负数,核实原始台账并更正负消耗量；不得取绝对值
SRC-RAW-9D2D3CCEFBE2883FB563,NOx,HARD_CONSTRAINT_CONFLICT: 燃料一消耗量为负数,核实原始台账并更正负消耗量；不得取绝对值
SRC-RAW-9D2D3CCEFBE2883FB563,CO,HARD_CONSTRAINT_CONFLICT: 燃料一消耗量为负数,核实原始台账并更正负消耗量；不得取绝对值
SRC-RAW-9D2D3CCEFBE2883FB563,VOC,HARD_CONSTRAINT_CONFLICT: 燃料一消耗量为负数,核实原始台账并更正负消耗量；不得取绝对值
SRC-RAW-9D2D3CCEFBE2883FB563,PM10,HARD_CONSTRAINT_CONFLICT: 燃料一消耗量为负数,核实原始台账并更正负消耗量；不得取绝对值
SRC-RAW-9D2D3CCEFBE2883FB563,PM2.5,HARD_CONSTRAINT_CONFLICT: 燃料一消耗量为负数,核实原始台账并更正负消耗量；不得取绝对值
SRC-RAW-9D2D3CCEFBE2883FB563,BC,HARD_CONSTRAINT_CONFLICT: 燃料一消耗量为负数,核实原始台账并更正负消耗量；不得取绝对值
SRC-RAW-9D2D3CCEFBE2883FB563,OC,HARD_CONSTRAINT_CONFLICT: 燃料一消耗量为负数,核实原始台账并更正负消耗量；不得取绝对值
SRC-RAW-54FCEBC1A0E7EFF2B073,SO2,HARD_CONSTRAINT_CONFLICT: 燃料一消耗量为负数,核实原始台账并更正负消耗量；不得取绝对值
SRC-RAW-54FCEBC1A0E7EFF2B073,NOx,HARD_CONSTRAINT_CONFLICT: 燃料一消耗量为负数,核实原始台账并更正负消耗量；不得取绝对值
SRC-RAW-54FCEBC1A0E7EFF2B073,CO,HARD_CONSTRAINT_CONFLICT: 燃料一消耗量为负数,核实原始台账并更正负消耗量；不得取绝对值
SRC-RAW-54FCEBC1A0E7EFF2B073,VOC,HARD_CONSTRAINT_CONFLICT: 燃料一消耗量为负数,核实原始台账并更正负消耗量；不得取绝对值
SRC-RAW-54FCEBC1A0E7EFF2B073,PM10,HARD_CONSTRAINT_CONFLICT: 燃料一消耗量为负数,核实原始台账并更正负消耗量；不得取绝对值
SRC-RAW-54FCEBC1A0E7EFF2B073,PM2.5,HARD_CONSTRAINT_CONFLICT: 燃料一消耗量为负数,核实原始台账并更正负消耗量；不得取绝对值
SRC-RAW-54FCEBC1A0E7EFF2B073,BC,HARD_CONSTRAINT_CONFLICT: 燃料一消耗量为负数,核实原始台账并更正负消耗量；不得取绝对值
SRC-RAW-54FCEBC1A0E7EFF2B073,OC,HARD_CONSTRAINT_CONFLICT: 燃料一消耗量为负数,核实原始台账并更正负消耗量；不得取绝对值
SRC-RAW-FF35FCD5B7C97FCA5DA2,SO2,POLLUTANT_PARAMETER_MISSING: 相关治理工艺或效率为空,补齐治理工艺及对应污染物实际去除效率
SRC-RAW-FF35FCD5B7C97FCA5DA2,PM10,POLLUTANT_PARAMETER_MISSING: 燃料一收到基灰分缺失,补齐同燃料入炉收到基灰分
SRC-RAW-FF35FCD5B7C97FCA5DA2,PM2.5,POLLUTANT_PARAMETER_MISSING: 燃料一收到基灰分缺失,补齐同燃料入炉收到基灰分
SRC-RAW-FF35FCD5B7C97FCA5DA2,BC,POLLUTANT_PARAMETER_MISSING: 燃料一收到基灰分缺失,补齐同燃料入炉收到基灰分
SRC-RAW-06559C1528FD9583174C,SO2,POLLUTANT_PARAMETER_MISSING: 相关治理工艺或效率为空,补齐治理工艺及对应污染物实际去除效率
SRC-RAW-06559C1528FD9583174C,NOx,POLLUTANT_PARAMETER_MISSING: 相关治理工艺或效率为空,补齐治理工艺及对应污染物实际去除效率
SRC-RAW-06559C1528FD9583174C,PM10,POLLUTANT_PARAMETER_MISSING: 燃料一收到基灰分缺失,补齐同燃料入炉收到基灰分
SRC-RAW-06559C1528FD9583174C,PM10,POLLUTANT_PARAMETER_MISSING: 相关治理工艺或效率为空,补齐治理工艺及对应污染物实际去除效率
SRC-RAW-06559C1528FD9583174C,PM2.5,POLLUTANT_PARAMETER_MISSING: 燃料一收到基灰分缺失,补齐同燃料入炉收到基灰分
SRC-RAW-06559C1528FD9583174C,PM2.5,POLLUTANT_PARAMETER_MISSING: 相关治理工艺或效率为空,补齐治理工艺及对应污染物实际去除效率
SRC-RAW-06559C1528FD9583174C,BC,POLLUTANT_PARAMETER_MISSING: 燃料一收到基灰分缺失,补齐同燃料入炉收到基灰分
SRC-RAW-06559C1528FD9583174C,BC,POLLUTANT_PARAMETER_MISSING: 相关治理工艺或效率为空,补齐治理工艺及对应污染物实际去除效率
SRC-RAW-06559C1528FD9583174C,OC,POLLUTANT_PARAMETER_MISSING: 燃料一收到基灰分缺失,补齐同燃料入炉收到基灰分
SRC-RAW-06559C1528FD9583174C,OC,POLLUTANT_PARAMETER_MISSING: 相关治理工艺或效率为空,补齐治理工艺及对应污染物实际去除效率
SRC-RAW-B1F1C1E743C912A9F498,NOx,SOURCE_RELATION_MISSING: 企业—锅炉—排放口关系缺失,补齐并核实企业标识、锅炉编号、排放口及治理设施对应关系
SRC-RAW-B1F1C1E743C912A9F498,PM10,SOURCE_RELATION_MISSING: 企业—锅炉—排放口关系缺失,补齐并核实企业标识、锅炉编号、排放口及治理设施对应关系
SRC-RAW-B1F1C1E743C912A9F498,PM2.5,SOURCE_RELATION_MISSING: 企业—锅炉—排放口关系缺失,补齐并核实企业标识、锅炉编号、排放口及治理设施对应关系
SRC-RAW-B1F1C1E743C912A9F498,BC,SOURCE_RELATION_MISSING: 企业—锅炉—排放口关系缺失,补齐并核实企业标识、锅炉编号、排放口及治理设施对应关系
SRC-RAW-B1F1C1E743C912A9F498,OC,SOURCE_RELATION_MISSING: 企业—锅炉—排放口关系缺失,补齐并核实企业标识、锅炉编号、排放口及治理设施对应关系
SRC-RAW-AF828E9FE765DD8EDEB2,SO2,ACTIVITY_MISSING: 燃料一消耗量为空；供热分项不自动替代总量,补齐该燃料年度消耗总量及单位
SRC-RAW-AF828E9FE765DD8EDEB2,NOx,ACTIVITY_MISSING: 燃料一消耗量为空；供热分项不自动替代总量,补齐该燃料年度消耗总量及单位
SRC-RAW-AF828E9FE765DD8EDEB2,CO,ACTIVITY_MISSING: 燃料一消耗量为空；供热分项不自动替代总量,补齐该燃料年度消耗总量及单位
SRC-RAW-AF828E9FE765DD8EDEB2,VOC,ACTIVITY_MISSING: 燃料一消耗量为空；供热分项不自动替代总量,补齐该燃料年度消耗总量及单位
SRC-RAW-AF828E9FE765DD8EDEB2,PM10,ACTIVITY_MISSING: 燃料一消耗量为空；供热分项不自动替代总量,补齐该燃料年度消耗总量及单位
SRC-RAW-AF828E9FE765DD8EDEB2,PM2.5,ACTIVITY_MISSING: 燃料一消耗量为空；供热分项不自动替代总量,补齐该燃料年度消耗总量及单位
SRC-RAW-AF828E9FE765DD8EDEB2,BC,ACTIVITY_MISSING: 燃料一消耗量为空；供热分项不自动替代总量,补齐该燃料年度消耗总量及单位
SRC-RAW-AF828E9FE765DD8EDEB2,OC,ACTIVITY_MISSING: 燃料一消耗量为空；供热分项不自动替代总量,补齐该燃料年度消耗总量及单位
SRC-RAW-160282C53287E4BC8DD3,SO2,SOURCE_RELATION_MISSING: GYGL仅标识工业锅炉类别，企业有多台锅炉，设施归属未明确,提供逐锅炉对应治理设施，明确串并联关系
SRC-RAW-160282C53287E4BC8DD3,NOx,SOURCE_RELATION_MISSING: GYGL仅标识工业锅炉类别，企业有多台锅炉，设施归属未明确,提供逐锅炉对应治理设施，明确串并联关系
SRC-RAW-160282C53287E4BC8DD3,PM10,POLLUTANT_PARAMETER_MISSING: 燃料一收到基灰分缺失,补齐同燃料入炉收到基灰分
SRC-RAW-160282C53287E4BC8DD3,PM10,SOURCE_RELATION_MISSING: GYGL仅标识工业锅炉类别，企业有多台锅炉，设施归属未明确,提供逐锅炉对应治理设施，明确串并联关系
SRC-RAW-160282C53287E4BC8DD3,PM2.5,POLLUTANT_PARAMETER_MISSING: 燃料一收到基灰分缺失,补齐同燃料入炉收到基灰分
SRC-RAW-160282C53287E4BC8DD3,PM2.5,SOURCE_RELATION_MISSING: GYGL仅标识工业锅炉类别，企业有多台锅炉，设施归属未明确,提供逐锅炉对应治理设施，明确串并联关系
SRC-RAW-160282C53287E4BC8DD3,BC,POLLUTANT_PARAMETER_MISSING: 燃料一收到基灰分缺失,补齐同燃料入炉收到基灰分
SRC-RAW-160282C53287E4BC8DD3,BC,SOURCE_RELATION_MISSING: GYGL仅标识工业锅炉类别，企业有多台锅炉，设施归属未明确,提供逐锅炉对应治理设施，明确串并联关系
SRC-RAW-D7B908699C56CDB87422,NOx,SOURCE_RELATION_MISSING: 企业—锅炉—排放口关系缺失,补齐并核实企业标识、锅炉编号、排放口及治理设施对应关系
SRC-RAW-D7B908699C56CDB87422,PM10,SOURCE_RELATION_MISSING: 企业—锅炉—排放口关系缺失,补齐并核实企业标识、锅炉编号、排放口及治理设施对应关系
SRC-RAW-D7B908699C56CDB87422,PM2.5,SOURCE_RELATION_MISSING: 企业—锅炉—排放口关系缺失,补齐并核实企业标识、锅炉编号、排放口及治理设施对应关系
SRC-RAW-555AC0E83B21D681E350,SO2,POLLUTANT_PARAMETER_MISSING: 燃料一收到基硫分缺失,补齐同燃料入炉收到基硫分
SRC-RAW-555AC0E83B21D681E350,PM10,POLLUTANT_PARAMETER_MISSING: 除尘效率为总颗粒物口径，缺粒径实际效率及治理投运率；A.1仅平均效率,补齐粒径去除效率，或A.1技术匹配及设施投运率
SRC-RAW-555AC0E83B21D681E350,PM2.5,POLLUTANT_PARAMETER_MISSING: 除尘效率为总颗粒物口径，缺粒径实际效率及治理投运率；A.1仅平均效率,补齐粒径去除效率，或A.1技术匹配及设施投运率
SRC-RAW-555AC0E83B21D681E350,BC,POLLUTANT_PARAMETER_MISSING: 除尘效率为总颗粒物口径，缺粒径实际效率及治理投运率；A.1仅平均效率,补齐粒径去除效率，或A.1技术匹配及设施投运率
SRC-RAW-0490BAAC3E02B5F1FC22,SO2,HARD_CONSTRAINT_CONFLICT: 燃料一消耗量为负数,核实原始台账并更正负消耗量；不得取绝对值
SRC-RAW-0490BAAC3E02B5F1FC22,NOx,HARD_CONSTRAINT_CONFLICT: 燃料一消耗量为负数,核实原始台账并更正负消耗量；不得取绝对值
SRC-RAW-0490BAAC3E02B5F1FC22,CO,HARD_CONSTRAINT_CONFLICT: 燃料一消耗量为负数,核实原始台账并更正负消耗量；不得取绝对值
SRC-RAW-0490BAAC3E02B5F1FC22,VOC,HARD_CONSTRAINT_CONFLICT: 燃料一消耗量为负数,核实原始台账并更正负消耗量；不得取绝对值
SRC-RAW-0490BAAC3E02B5F1FC22,PM10,HARD_CONSTRAINT_CONFLICT: 燃料一消耗量为负数,核实原始台账并更正负消耗量；不得取绝对值
SRC-RAW-0490BAAC3E02B5F1FC22,PM2.5,HARD_CONSTRAINT_CONFLICT: 燃料一消耗量为负数,核实原始台账并更正负消耗量；不得取绝对值
SRC-RAW-0490BAAC3E02B5F1FC22,BC,HARD_CONSTRAINT_CONFLICT: 燃料一消耗量为负数,核实原始台账并更正负消耗量；不得取绝对值
SRC-RAW-0490BAAC3E02B5F1FC22,OC,HARD_CONSTRAINT_CONFLICT: 燃料一消耗量为负数,核实原始台账并更正负消耗量；不得取绝对值
SRC-RAW-566D22952252E2C6F352,SO2,POLLUTANT_PARAMETER_MISSING: 燃料一收到基硫分缺失,补齐同燃料入炉收到基硫分
SRC-RAW-566D22952252E2C6F352,PM10,POLLUTANT_PARAMETER_MISSING: 除尘效率为总颗粒物口径，缺粒径实际效率及治理投运率；A.1仅平均效率,补齐粒径去除效率，或A.1技术匹配及设施投运率
SRC-RAW-566D22952252E2C6F352,PM2.5,POLLUTANT_PARAMETER_MISSING: 除尘效率为总颗粒物口径，缺粒径实际效率及治理投运率；A.1仅平均效率,补齐粒径去除效率，或A.1技术匹配及设施投运率
SRC-RAW-566D22952252E2C6F352,BC,POLLUTANT_PARAMETER_MISSING: 除尘效率为总颗粒物口径，缺粒径实际效率及治理投运率；A.1仅平均效率,补齐粒径去除效率，或A.1技术匹配及设施投运率
SRC-RAW-91620BE2B44685C1C55F,PM10,POLLUTANT_PARAMETER_MISSING: 燃料一收到基灰分缺失,补齐同燃料入炉收到基灰分
SRC-RAW-91620BE2B44685C1C55F,PM2.5,POLLUTANT_PARAMETER_MISSING: 燃料一收到基灰分缺失,补齐同燃料入炉收到基灰分
SRC-RAW-91620BE2B44685C1C55F,BC,POLLUTANT_PARAMETER_MISSING: 燃料一收到基灰分缺失,补齐同燃料入炉收到基灰分
SRC-RAW-91620BE2B44685C1C55F,OC,POLLUTANT_PARAMETER_MISSING: 燃料一收到基灰分缺失,补齐同燃料入炉收到基灰分
SRC-RAW-F23D2AF8B938FF62D7A6,SO2,POLLUTANT_PARAMETER_MISSING: 燃料一收到基硫分缺失,补齐同燃料入炉收到基硫分
SRC-RAW-F23D2AF8B938FF62D7A6,SO2,SOURCE_RELATION_MISSING: GYGL仅标识工业锅炉类别，企业有多台锅炉，设施归属未明确,提供逐锅炉对应治理设施，明确串并联关系
SRC-RAW-F23D2AF8B938FF62D7A6,NOx,SOURCE_RELATION_MISSING: GYGL仅标识工业锅炉类别，企业有多台锅炉，设施归属未明确,提供逐锅炉对应治理设施，明确串并联关系
SRC-RAW-F23D2AF8B938FF62D7A6,PM10,SOURCE_RELATION_MISSING: GYGL仅标识工业锅炉类别，企业有多台锅炉，设施归属未明确,提供逐锅炉对应治理设施，明确串并联关系
SRC-RAW-F23D2AF8B938FF62D7A6,PM2.5,SOURCE_RELATION_MISSING: GYGL仅标识工业锅炉类别，企业有多台锅炉，设施归属未明确,提供逐锅炉对应治理设施，明确串并联关系
SRC-RAW-F23D2AF8B938FF62D7A6,BC,SOURCE_RELATION_MISSING: GYGL仅标识工业锅炉类别，企业有多台锅炉，设施归属未明确,提供逐锅炉对应治理设施，明确串并联关系
SRC-RAW-9E084D0AE14ED7F886A8,SO2,POLLUTANT_PARAMETER_MISSING: 燃料一收到基硫分缺失,补齐同燃料入炉收到基硫分
SRC-RAW-87578CAEC97445C564A8,NOx,SOURCE_RELATION_MISSING: 企业—锅炉—排放口关系缺失,补齐并核实企业标识、锅炉编号、排放口及治理设施对应关系
SRC-RAW-87578CAEC97445C564A8,PM10,SOURCE_RELATION_MISSING: 企业—锅炉—排放口关系缺失,补齐并核实企业标识、锅炉编号、排放口及治理设施对应关系
SRC-RAW-87578CAEC97445C564A8,PM2.5,SOURCE_RELATION_MISSING: 企业—锅炉—排放口关系缺失,补齐并核实企业标识、锅炉编号、排放口及治理设施对应关系
SRC-RAW-CEBAE2307CD4E4D7099A,SO2,HARD_CONSTRAINT_CONFLICT: 燃料一消耗量为负数,核实原始台账并更正负消耗量；不得取绝对值
SRC-RAW-CEBAE2307CD4E4D7099A,SO2,POLLUTANT_PARAMETER_MISSING: 相关治理工艺或效率为空,补齐治理工艺及对应污染物实际去除效率
SRC-RAW-CEBAE2307CD4E4D7099A,SO2,SOURCE_RELATION_MISSING: GYGL仅标识工业锅炉类别，企业有多台锅炉，设施归属未明确,提供逐锅炉对应治理设施，明确串并联关系
SRC-RAW-CEBAE2307CD4E4D7099A,NOx,HARD_CONSTRAINT_CONFLICT: 燃料一消耗量为负数,核实原始台账并更正负消耗量；不得取绝对值
SRC-RAW-CEBAE2307CD4E4D7099A,CO,HARD_CONSTRAINT_CONFLICT: 燃料一消耗量为负数,核实原始台账并更正负消耗量；不得取绝对值
SRC-RAW-CEBAE2307CD4E4D7099A,VOC,HARD_CONSTRAINT_CONFLICT: 燃料一消耗量为负数,核实原始台账并更正负消耗量；不得取绝对值
SRC-RAW-CEBAE2307CD4E4D7099A,PM10,HARD_CONSTRAINT_CONFLICT: 燃料一消耗量为负数,核实原始台账并更正负消耗量；不得取绝对值
SRC-RAW-CEBAE2307CD4E4D7099A,PM2.5,HARD_CONSTRAINT_CONFLICT: 燃料一消耗量为负数,核实原始台账并更正负消耗量；不得取绝对值
SRC-RAW-CEBAE2307CD4E4D7099A,BC,HARD_CONSTRAINT_CONFLICT: 燃料一消耗量为负数,核实原始台账并更正负消耗量；不得取绝对值
SRC-RAW-CEBAE2307CD4E4D7099A,OC,HARD_CONSTRAINT_CONFLICT: 燃料一消耗量为负数,核实原始台账并更正负消耗量；不得取绝对值
SRC-RAW-465280863FDBD33A756B,NOx,SOURCE_RELATION_MISSING: 企业—锅炉—排放口关系缺失,补齐并核实企业标识、锅炉编号、排放口及治理设施对应关系
SRC-RAW-465280863FDBD33A756B,PM10,SOURCE_RELATION_MISSING: 企业—锅炉—排放口关系缺失,补齐并核实企业标识、锅炉编号、排放口及治理设施对应关系
SRC-RAW-465280863FDBD33A756B,PM2.5,SOURCE_RELATION_MISSING: 企业—锅炉—排放口关系缺失,补齐并核实企业标识、锅炉编号、排放口及治理设施对应关系
SRC-RAW-99C17FAB24F58C7B2A71,NOx,SOURCE_RELATION_MISSING: 企业—锅炉—排放口关系缺失,补齐并核实企业标识、锅炉编号、排放口及治理设施对应关系
SRC-RAW-99C17FAB24F58C7B2A71,PM10,SOURCE_RELATION_MISSING: 企业—锅炉—排放口关系缺失,补齐并核实企业标识、锅炉编号、排放口及治理设施对应关系
SRC-RAW-99C17FAB24F58C7B2A71,PM2.5,SOURCE_RELATION_MISSING: 企业—锅炉—排放口关系缺失,补齐并核实企业标识、锅炉编号、排放口及治理设施对应关系
SRC-RAW-99C17FAB24F58C7B2A71,BC,SOURCE_RELATION_MISSING: 企业—锅炉—排放口关系缺失,补齐并核实企业标识、锅炉编号、排放口及治理设施对应关系
SRC-RAW-99C17FAB24F58C7B2A71,OC,SOURCE_RELATION_MISSING: 企业—锅炉—排放口关系缺失,补齐并核实企业标识、锅炉编号、排放口及治理设施对应关系
SRC-RAW-09AA23D362DAC9EF822E,NOx,SOURCE_RELATION_MISSING: 企业—锅炉—排放口关系缺失,补齐并核实企业标识、锅炉编号、排放口及治理设施对应关系
SRC-RAW-09AA23D362DAC9EF822E,PM10,SOURCE_RELATION_MISSING: 企业—锅炉—排放口关系缺失,补齐并核实企业标识、锅炉编号、排放口及治理设施对应关系
SRC-RAW-09AA23D362DAC9EF822E,PM2.5,SOURCE_RELATION_MISSING: 企业—锅炉—排放口关系缺失,补齐并核实企业标识、锅炉编号、排放口及治理设施对应关系
SRC-RAW-2C29C9AFF9161F262262,SO2,HARD_CONSTRAINT_CONFLICT: 燃料一消耗量为负数,核实原始台账并更正负消耗量；不得取绝对值
SRC-RAW-2C29C9AFF9161F262262,NOx,HARD_CONSTRAINT_CONFLICT: 燃料一消耗量为负数,核实原始台账并更正负消耗量；不得取绝对值
SRC-RAW-2C29C9AFF9161F262262,CO,HARD_CONSTRAINT_CONFLICT: 燃料一消耗量为负数,核实原始台账并更正负消耗量；不得取绝对值
SRC-RAW-2C29C9AFF9161F262262,VOC,HARD_CONSTRAINT_CONFLICT: 燃料一消耗量为负数,核实原始台账并更正负消耗量；不得取绝对值
SRC-RAW-2C29C9AFF9161F262262,PM10,HARD_CONSTRAINT_CONFLICT: 燃料一消耗量为负数,核实原始台账并更正负消耗量；不得取绝对值
SRC-RAW-2C29C9AFF9161F262262,PM2.5,HARD_CONSTRAINT_CONFLICT: 燃料一消耗量为负数,核实原始台账并更正负消耗量；不得取绝对值
SRC-RAW-2C29C9AFF9161F262262,BC,HARD_CONSTRAINT_CONFLICT: 燃料一消耗量为负数,核实原始台账并更正负消耗量；不得取绝对值
SRC-RAW-2C29C9AFF9161F262262,OC,HARD_CONSTRAINT_CONFLICT: 燃料一消耗量为负数,核实原始台账并更正负消耗量；不得取绝对值
SRC-RAW-C22CC8C49ECC35F50D9B,SO2,HARD_CONSTRAINT_CONFLICT: 燃料一消耗量为负数,核实原始台账并更正负消耗量；不得取绝对值
SRC-RAW-C22CC8C49ECC35F50D9B,SO2,POLLUTANT_PARAMETER_MISSING: 相关治理工艺或效率为空,补齐治理工艺及对应污染物实际去除效率
SRC-RAW-C22CC8C49ECC35F50D9B,NOx,HARD_CONSTRAINT_CONFLICT: 燃料一消耗量为负数,核实原始台账并更正负消耗量；不得取绝对值
SRC-RAW-C22CC8C49ECC35F50D9B,NOx,POLLUTANT_PARAMETER_MISSING: 相关治理工艺或效率为空,补齐治理工艺及对应污染物实际去除效率
SRC-RAW-C22CC8C49ECC35F50D9B,CO,HARD_CONSTRAINT_CONFLICT: 燃料一消耗量为负数,核实原始台账并更正负消耗量；不得取绝对值
SRC-RAW-C22CC8C49ECC35F50D9B,VOC,HARD_CONSTRAINT_CONFLICT: 燃料一消耗量为负数,核实原始台账并更正负消耗量；不得取绝对值
SRC-RAW-C22CC8C49ECC35F50D9B,PM10,HARD_CONSTRAINT_CONFLICT: 燃料一消耗量为负数,核实原始台账并更正负消耗量；不得取绝对值
SRC-RAW-C22CC8C49ECC35F50D9B,PM10,POLLUTANT_PARAMETER_MISSING: 相关治理工艺或效率为空,补齐治理工艺及对应污染物实际去除效率
SRC-RAW-C22CC8C49ECC35F50D9B,PM2.5,HARD_CONSTRAINT_CONFLICT: 燃料一消耗量为负数,核实原始台账并更正负消耗量；不得取绝对值
SRC-RAW-C22CC8C49ECC35F50D9B,PM2.5,POLLUTANT_PARAMETER_MISSING: 相关治理工艺或效率为空,补齐治理工艺及对应污染物实际去除效率
SRC-RAW-C22CC8C49ECC35F50D9B,BC,HARD_CONSTRAINT_CONFLICT: 燃料一消耗量为负数,核实原始台账并更正负消耗量；不得取绝对值
SRC-RAW-C22CC8C49ECC35F50D9B,BC,POLLUTANT_PARAMETER_MISSING: 相关治理工艺或效率为空,补齐治理工艺及对应污染物实际去除效率
SRC-RAW-C22CC8C49ECC35F50D9B,OC,HARD_CONSTRAINT_CONFLICT: 燃料一消耗量为负数,核实原始台账并更正负消耗量；不得取绝对值
SRC-RAW-C22CC8C49ECC35F50D9B,OC,POLLUTANT_PARAMETER_MISSING: 相关治理工艺或效率为空,补齐治理工艺及对应污染物实际去除效率
SRC-RAW-E906ED14C8B1A69F8B60,SO2,ACTIVITY_MISSING: 燃料一消耗量为空；供热分项不自动替代总量,补齐该燃料年度消耗总量及单位
SRC-RAW-E906ED14C8B1A69F8B60,NOx,ACTIVITY_MISSING: 燃料一消耗量为空；供热分项不自动替代总量,补齐该燃料年度消耗总量及单位
SRC-RAW-E906ED14C8B1A69F8B60,CO,ACTIVITY_MISSING: 燃料一消耗量为空；供热分项不自动替代总量,补齐该燃料年度消耗总量及单位
SRC-RAW-E906ED14C8B1A69F8B60,VOC,ACTIVITY_MISSING: 燃料一消耗量为空；供热分项不自动替代总量,补齐该燃料年度消耗总量及单位
SRC-RAW-E906ED14C8B1A69F8B60,PM10,ACTIVITY_MISSING: 燃料一消耗量为空；供热分项不自动替代总量,补齐该燃料年度消耗总量及单位
SRC-RAW-E906ED14C8B1A69F8B60,PM2.5,ACTIVITY_MISSING: 燃料一消耗量为空；供热分项不自动替代总量,补齐该燃料年度消耗总量及单位
SRC-RAW-E906ED14C8B1A69F8B60,BC,ACTIVITY_MISSING: 燃料一消耗量为空；供热分项不自动替代总量,补齐该燃料年度消耗总量及单位
SRC-RAW-E906ED14C8B1A69F8B60,OC,ACTIVITY_MISSING: 燃料一消耗量为空；供热分项不自动替代总量,补齐该燃料年度消耗总量及单位
SRC-RAW-60F1DEB6A65D322E09B3,NOx,SOURCE_RELATION_MISSING: 企业—锅炉—排放口关系缺失,补齐并核实企业标识、锅炉编号、排放口及治理设施对应关系
SRC-RAW-60F1DEB6A65D322E09B3,NOx,POLLUTANT_PARAMETER_MISSING: 相关治理工艺或效率为空,补齐治理工艺及对应污染物实际去除效率
SRC-RAW-60F1DEB6A65D322E09B3,NOx,SOURCE_RELATION_MISSING: GYGL仅标识工业锅炉类别，企业有多台锅炉，设施归属未明确,提供逐锅炉对应治理设施，明确串并联关系
SRC-RAW-60F1DEB6A65D322E09B3,PM10,SOURCE_RELATION_MISSING: 企业—锅炉—排放口关系缺失,补齐并核实企业标识、锅炉编号、排放口及治理设施对应关系
SRC-RAW-60F1DEB6A65D322E09B3,PM10,POLLUTANT_PARAMETER_MISSING: 相关治理工艺或效率为空,补齐治理工艺及对应污染物实际去除效率
SRC-RAW-60F1DEB6A65D322E09B3,PM10,SOURCE_RELATION_MISSING: GYGL仅标识工业锅炉类别，企业有多台锅炉，设施归属未明确,提供逐锅炉对应治理设施，明确串并联关系
SRC-RAW-60F1DEB6A65D322E09B3,PM2.5,SOURCE_RELATION_MISSING: 企业—锅炉—排放口关系缺失,补齐并核实企业标识、锅炉编号、排放口及治理设施对应关系
SRC-RAW-60F1DEB6A65D322E09B3,PM2.5,POLLUTANT_PARAMETER_MISSING: 相关治理工艺或效率为空,补齐治理工艺及对应污染物实际去除效率
SRC-RAW-60F1DEB6A65D322E09B3,PM2.5,SOURCE_RELATION_MISSING: GYGL仅标识工业锅炉类别，企业有多台锅炉，设施归属未明确,提供逐锅炉对应治理设施，明确串并联关系
SRC-RAW-AE278289897B14D872AE,SO2,HARD_CONSTRAINT_CONFLICT: 燃料一消耗量为负数,核实原始台账并更正负消耗量；不得取绝对值
SRC-RAW-AE278289897B14D872AE,NOx,HARD_CONSTRAINT_CONFLICT: 燃料一消耗量为负数,核实原始台账并更正负消耗量；不得取绝对值
SRC-RAW-AE278289897B14D872AE,CO,HARD_CONSTRAINT_CONFLICT: 燃料一消耗量为负数,核实原始台账并更正负消耗量；不得取绝对值
SRC-RAW-AE278289897B14D872AE,VOC,HARD_CONSTRAINT_CONFLICT: 燃料一消耗量为负数,核实原始台账并更正负消耗量；不得取绝对值
SRC-RAW-AE278289897B14D872AE,PM10,HARD_CONSTRAINT_CONFLICT: 燃料一消耗量为负数,核实原始台账并更正负消耗量；不得取绝对值
SRC-RAW-AE278289897B14D872AE,PM2.5,HARD_CONSTRAINT_CONFLICT: 燃料一消耗量为负数,核实原始台账并更正负消耗量；不得取绝对值
SRC-RAW-AE278289897B14D872AE,BC,HARD_CONSTRAINT_CONFLICT: 燃料一消耗量为负数,核实原始台账并更正负消耗量；不得取绝对值
SRC-RAW-AE278289897B14D872AE,OC,HARD_CONSTRAINT_CONFLICT: 燃料一消耗量为负数,核实原始台账并更正负消耗量；不得取绝对值
SRC-RAW-B2BEA554A6132020AB59,SO2,HARD_CONSTRAINT_CONFLICT: 燃料一消耗量为负数,核实原始台账并更正负消耗量；不得取绝对值
SRC-RAW-B2BEA554A6132020AB59,NOx,HARD_CONSTRAINT_CONFLICT: 燃料一消耗量为负数,核实原始台账并更正负消耗量；不得取绝对值
SRC-RAW-B2BEA554A6132020AB59,CO,HARD_CONSTRAINT_CONFLICT: 燃料一消耗量为负数,核实原始台账并更正负消耗量；不得取绝对值
SRC-RAW-B2BEA554A6132020AB59,VOC,HARD_CONSTRAINT_CONFLICT: 燃料一消耗量为负数,核实原始台账并更正负消耗量；不得取绝对值
SRC-RAW-B2BEA554A6132020AB59,PM10,HARD_CONSTRAINT_CONFLICT: 燃料一消耗量为负数,核实原始台账并更正负消耗量；不得取绝对值
SRC-RAW-B2BEA554A6132020AB59,PM2.5,HARD_CONSTRAINT_CONFLICT: 燃料一消耗量为负数,核实原始台账并更正负消耗量；不得取绝对值
SRC-RAW-B2BEA554A6132020AB59,BC,HARD_CONSTRAINT_CONFLICT: 燃料一消耗量为负数,核实原始台账并更正负消耗量；不得取绝对值
SRC-RAW-B2BEA554A6132020AB59,OC,HARD_CONSTRAINT_CONFLICT: 燃料一消耗量为负数,核实原始台账并更正负消耗量；不得取绝对值
SRC-RAW-897E2C2A87F6559F3523,SO2,ACTIVITY_MISSING: 燃料一消耗量为空；供热分项不自动替代总量,补齐该燃料年度消耗总量及单位
SRC-RAW-897E2C2A87F6559F3523,NOx,ACTIVITY_MISSING: 燃料一消耗量为空；供热分项不自动替代总量,补齐该燃料年度消耗总量及单位
SRC-RAW-897E2C2A87F6559F3523,CO,ACTIVITY_MISSING: 燃料一消耗量为空；供热分项不自动替代总量,补齐该燃料年度消耗总量及单位
SRC-RAW-897E2C2A87F6559F3523,VOC,ACTIVITY_MISSING: 燃料一消耗量为空；供热分项不自动替代总量,补齐该燃料年度消耗总量及单位
SRC-RAW-897E2C2A87F6559F3523,PM10,ACTIVITY_MISSING: 燃料一消耗量为空；供热分项不自动替代总量,补齐该燃料年度消耗总量及单位
SRC-RAW-897E2C2A87F6559F3523,PM2.5,ACTIVITY_MISSING: 燃料一消耗量为空；供热分项不自动替代总量,补齐该燃料年度消耗总量及单位
SRC-RAW-897E2C2A87F6559F3523,BC,ACTIVITY_MISSING: 燃料一消耗量为空；供热分项不自动替代总量,补齐该燃料年度消耗总量及单位
SRC-RAW-897E2C2A87F6559F3523,OC,ACTIVITY_MISSING: 燃料一消耗量为空；供热分项不自动替代总量,补齐该燃料年度消耗总量及单位
SRC-RAW-D69E3EB7F873ECF02B86,SO2,ACTIVITY_MISSING: 燃料一消耗量为空；供热分项不自动替代总量,补齐该燃料年度消耗总量及单位
SRC-RAW-D69E3EB7F873ECF02B86,NOx,ACTIVITY_MISSING: 燃料一消耗量为空；供热分项不自动替代总量,补齐该燃料年度消耗总量及单位
SRC-RAW-D69E3EB7F873ECF02B86,CO,ACTIVITY_MISSING: 燃料一消耗量为空；供热分项不自动替代总量,补齐该燃料年度消耗总量及单位
SRC-RAW-D69E3EB7F873ECF02B86,VOC,ACTIVITY_MISSING: 燃料一消耗量为空；供热分项不自动替代总量,补齐该燃料年度消耗总量及单位
SRC-RAW-D69E3EB7F873ECF02B86,PM10,ACTIVITY_MISSING: 燃料一消耗量为空；供热分项不自动替代总量,补齐该燃料年度消耗总量及单位
SRC-RAW-D69E3EB7F873ECF02B86,PM2.5,ACTIVITY_MISSING: 燃料一消耗量为空；供热分项不自动替代总量,补齐该燃料年度消耗总量及单位
SRC-RAW-D69E3EB7F873ECF02B86,BC,ACTIVITY_MISSING: 燃料一消耗量为空；供热分项不自动替代总量,补齐该燃料年度消耗总量及单位
SRC-RAW-D69E3EB7F873ECF02B86,OC,ACTIVITY_MISSING: 燃料一消耗量为空；供热分项不自动替代总量,补齐该燃料年度消耗总量及单位
SRC-RAW-012BAD168535854F2F44,SO2,HARD_CONSTRAINT_CONFLICT: 燃料一消耗量为负数,核实原始台账并更正负消耗量；不得取绝对值
SRC-RAW-012BAD168535854F2F44,SO2,POLLUTANT_PARAMETER_MISSING: 相关治理工艺或效率为空,补齐治理工艺及对应污染物实际去除效率
SRC-RAW-012BAD168535854F2F44,SO2,POLLUTANT_PARAMETER_MISSING: 相关治理工艺或效率为空,补齐治理工艺及对应污染物实际去除效率
SRC-RAW-012BAD168535854F2F44,SO2,SOURCE_RELATION_MISSING: GYGL仅标识工业锅炉类别，企业有多台锅炉，设施归属未明确,提供逐锅炉对应治理设施，明确串并联关系
SRC-RAW-012BAD168535854F2F44,NOx,HARD_CONSTRAINT_CONFLICT: 燃料一消耗量为负数,核实原始台账并更正负消耗量；不得取绝对值
SRC-RAW-012BAD168535854F2F44,NOx,POLLUTANT_PARAMETER_MISSING: 相关治理工艺或效率为空,补齐治理工艺及对应污染物实际去除效率
SRC-RAW-012BAD168535854F2F44,NOx,POLLUTANT_PARAMETER_MISSING: 相关治理工艺或效率为空,补齐治理工艺及对应污染物实际去除效率
SRC-RAW-012BAD168535854F2F44,NOx,SOURCE_RELATION_MISSING: GYGL仅标识工业锅炉类别，企业有多台锅炉，设施归属未明确,提供逐锅炉对应治理设施，明确串并联关系
SRC-RAW-012BAD168535854F2F44,CO,HARD_CONSTRAINT_CONFLICT: 燃料一消耗量为负数,核实原始台账并更正负消耗量；不得取绝对值
SRC-RAW-012BAD168535854F2F44,VOC,HARD_CONSTRAINT_CONFLICT: 燃料一消耗量为负数,核实原始台账并更正负消耗量；不得取绝对值
SRC-RAW-012BAD168535854F2F44,PM10,HARD_CONSTRAINT_CONFLICT: 燃料一消耗量为负数,核实原始台账并更正负消耗量；不得取绝对值
SRC-RAW-012BAD168535854F2F44,PM10,POLLUTANT_PARAMETER_MISSING: 相关治理工艺或效率为空,补齐治理工艺及对应污染物实际去除效率
SRC-RAW-012BAD168535854F2F44,PM10,POLLUTANT_PARAMETER_MISSING: 相关治理工艺或效率为空,补齐治理工艺及对应污染物实际去除效率
SRC-RAW-012BAD168535854F2F44,PM10,SOURCE_RELATION_MISSING: GYGL仅标识工业锅炉类别，企业有多台锅炉，设施归属未明确,提供逐锅炉对应治理设施，明确串并联关系
SRC-RAW-012BAD168535854F2F44,PM2.5,HARD_CONSTRAINT_CONFLICT: 燃料一消耗量为负数,核实原始台账并更正负消耗量；不得取绝对值
SRC-RAW-012BAD168535854F2F44,PM2.5,POLLUTANT_PARAMETER_MISSING: 相关治理工艺或效率为空,补齐治理工艺及对应污染物实际去除效率
SRC-RAW-012BAD168535854F2F44,PM2.5,POLLUTANT_PARAMETER_MISSING: 相关治理工艺或效率为空,补齐治理工艺及对应污染物实际去除效率
SRC-RAW-012BAD168535854F2F44,PM2.5,SOURCE_RELATION_MISSING: GYGL仅标识工业锅炉类别，企业有多台锅炉，设施归属未明确,提供逐锅炉对应治理设施，明确串并联关系
SRC-RAW-012BAD168535854F2F44,BC,HARD_CONSTRAINT_CONFLICT: 燃料一消耗量为负数,核实原始台账并更正负消耗量；不得取绝对值
SRC-RAW-012BAD168535854F2F44,BC,POLLUTANT_PARAMETER_MISSING: 相关治理工艺或效率为空,补齐治理工艺及对应污染物实际去除效率
SRC-RAW-012BAD168535854F2F44,BC,POLLUTANT_PARAMETER_MISSING: 相关治理工艺或效率为空,补齐治理工艺及对应污染物实际去除效率
SRC-RAW-012BAD168535854F2F44,BC,SOURCE_RELATION_MISSING: GYGL仅标识工业锅炉类别，企业有多台锅炉，设施归属未明确,提供逐锅炉对应治理设施，明确串并联关系
SRC-RAW-012BAD168535854F2F44,OC,HARD_CONSTRAINT_CONFLICT: 燃料一消耗量为负数,核实原始台账并更正负消耗量；不得取绝对值
SRC-RAW-012BAD168535854F2F44,OC,POLLUTANT_PARAMETER_MISSING: 相关治理工艺或效率为空,补齐治理工艺及对应污染物实际去除效率
SRC-RAW-012BAD168535854F2F44,OC,POLLUTANT_PARAMETER_MISSING: 相关治理工艺或效率为空,补齐治理工艺及对应污染物实际去除效率
SRC-RAW-012BAD168535854F2F44,OC,SOURCE_RELATION_MISSING: GYGL仅标识工业锅炉类别，企业有多台锅炉，设施归属未明确,提供逐锅炉对应治理设施，明确串并联关系
SRC-RAW-E5F10347A494C8E7973E,SO2,HARD_CONSTRAINT_CONFLICT: 燃料一消耗量为负数,核实原始台账并更正负消耗量；不得取绝对值
SRC-RAW-E5F10347A494C8E7973E,NOx,HARD_CONSTRAINT_CONFLICT: 燃料一消耗量为负数,核实原始台账并更正负消耗量；不得取绝对值
SRC-RAW-E5F10347A494C8E7973E,CO,HARD_CONSTRAINT_CONFLICT: 燃料一消耗量为负数,核实原始台账并更正负消耗量；不得取绝对值
SRC-RAW-E5F10347A494C8E7973E,VOC,HARD_CONSTRAINT_CONFLICT: 燃料一消耗量为负数,核实原始台账并更正负消耗量；不得取绝对值
SRC-RAW-E5F10347A494C8E7973E,PM10,HARD_CONSTRAINT_CONFLICT: 燃料一消耗量为负数,核实原始台账并更正负消耗量；不得取绝对值
SRC-RAW-E5F10347A494C8E7973E,PM2.5,HARD_CONSTRAINT_CONFLICT: 燃料一消耗量为负数,核实原始台账并更正负消耗量；不得取绝对值
SRC-RAW-E5F10347A494C8E7973E,BC,HARD_CONSTRAINT_CONFLICT: 燃料一消耗量为负数,核实原始台账并更正负消耗量；不得取绝对值
SRC-RAW-E5F10347A494C8E7973E,OC,HARD_CONSTRAINT_CONFLICT: 燃料一消耗量为负数,核实原始台账并更正负消耗量；不得取绝对值
SRC-RAW-68BC9DC70ED301210A11,SO2,ACTIVITY_MISSING: 燃料一消耗量为空；供热分项不自动替代总量,补齐该燃料年度消耗总量及单位
SRC-RAW-68BC9DC70ED301210A11,NOx,ACTIVITY_MISSING: 燃料一消耗量为空；供热分项不自动替代总量,补齐该燃料年度消耗总量及单位
SRC-RAW-68BC9DC70ED301210A11,CO,ACTIVITY_MISSING: 燃料一消耗量为空；供热分项不自动替代总量,补齐该燃料年度消耗总量及单位
SRC-RAW-68BC9DC70ED301210A11,VOC,ACTIVITY_MISSING: 燃料一消耗量为空；供热分项不自动替代总量,补齐该燃料年度消耗总量及单位
SRC-RAW-68BC9DC70ED301210A11,PM10,ACTIVITY_MISSING: 燃料一消耗量为空；供热分项不自动替代总量,补齐该燃料年度消耗总量及单位
SRC-RAW-68BC9DC70ED301210A11,PM2.5,ACTIVITY_MISSING: 燃料一消耗量为空；供热分项不自动替代总量,补齐该燃料年度消耗总量及单位
SRC-RAW-68BC9DC70ED301210A11,BC,ACTIVITY_MISSING: 燃料一消耗量为空；供热分项不自动替代总量,补齐该燃料年度消耗总量及单位
SRC-RAW-68BC9DC70ED301210A11,OC,ACTIVITY_MISSING: 燃料一消耗量为空；供热分项不自动替代总量,补齐该燃料年度消耗总量及单位
SRC-RAW-5FB091CB4CD8E0AD37D5,SO2,ACTIVITY_MISSING: 燃料一消耗量为空；供热分项不自动替代总量,补齐该燃料年度消耗总量及单位
SRC-RAW-5FB091CB4CD8E0AD37D5,NOx,ACTIVITY_MISSING: 燃料一消耗量为空；供热分项不自动替代总量,补齐该燃料年度消耗总量及单位
SRC-RAW-5FB091CB4CD8E0AD37D5,CO,ACTIVITY_MISSING: 燃料一消耗量为空；供热分项不自动替代总量,补齐该燃料年度消耗总量及单位
SRC-RAW-5FB091CB4CD8E0AD37D5,VOC,ACTIVITY_MISSING: 燃料一消耗量为空；供热分项不自动替代总量,补齐该燃料年度消耗总量及单位
SRC-RAW-5FB091CB4CD8E0AD37D5,PM10,ACTIVITY_MISSING: 燃料一消耗量为空；供热分项不自动替代总量,补齐该燃料年度消耗总量及单位
SRC-RAW-5FB091CB4CD8E0AD37D5,PM2.5,ACTIVITY_MISSING: 燃料一消耗量为空；供热分项不自动替代总量,补齐该燃料年度消耗总量及单位
SRC-RAW-5FB091CB4CD8E0AD37D5,BC,ACTIVITY_MISSING: 燃料一消耗量为空；供热分项不自动替代总量,补齐该燃料年度消耗总量及单位
SRC-RAW-5FB091CB4CD8E0AD37D5,OC,ACTIVITY_MISSING: 燃料一消耗量为空；供热分项不自动替代总量,补齐该燃料年度消耗总量及单位
SRC-RAW-B9EDA8106D491D9677A6,SO2,HARD_CONSTRAINT_CONFLICT: 燃料一消耗量为负数,核实原始台账并更正负消耗量；不得取绝对值
SRC-RAW-B9EDA8106D491D9677A6,NOx,HARD_CONSTRAINT_CONFLICT: 燃料一消耗量为负数,核实原始台账并更正负消耗量；不得取绝对值
SRC-RAW-B9EDA8106D491D9677A6,CO,HARD_CONSTRAINT_CONFLICT: 燃料一消耗量为负数,核实原始台账并更正负消耗量；不得取绝对值
SRC-RAW-B9EDA8106D491D9677A6,VOC,HARD_CONSTRAINT_CONFLICT: 燃料一消耗量为负数,核实原始台账并更正负消耗量；不得取绝对值
SRC-RAW-B9EDA8106D491D9677A6,PM10,HARD_CONSTRAINT_CONFLICT: 燃料一消耗量为负数,核实原始台账并更正负消耗量；不得取绝对值
SRC-RAW-B9EDA8106D491D9677A6,PM2.5,HARD_CONSTRAINT_CONFLICT: 燃料一消耗量为负数,核实原始台账并更正负消耗量；不得取绝对值
SRC-RAW-B9EDA8106D491D9677A6,BC,HARD_CONSTRAINT_CONFLICT: 燃料一消耗量为负数,核实原始台账并更正负消耗量；不得取绝对值
SRC-RAW-B9EDA8106D491D9677A6,OC,HARD_CONSTRAINT_CONFLICT: 燃料一消耗量为负数,核实原始台账并更正负消耗量；不得取绝对值
SRC-RAW-B58081700E78F56F242E,PM10,POLLUTANT_PARAMETER_MISSING: 燃料一收到基灰分缺失,补齐同燃料入炉收到基灰分
SRC-RAW-B58081700E78F56F242E,PM10,POLLUTANT_PARAMETER_MISSING: 除尘效率为总颗粒物口径，缺粒径实际效率及治理投运率；A.1仅平均效率,补齐粒径去除效率，或A.1技术匹配及设施投运率
SRC-RAW-B58081700E78F56F242E,PM2.5,POLLUTANT_PARAMETER_MISSING: 燃料一收到基灰分缺失,补齐同燃料入炉收到基灰分
SRC-RAW-B58081700E78F56F242E,PM2.5,POLLUTANT_PARAMETER_MISSING: 除尘效率为总颗粒物口径，缺粒径实际效率及治理投运率；A.1仅平均效率,补齐粒径去除效率，或A.1技术匹配及设施投运率
SRC-RAW-B58081700E78F56F242E,BC,POLLUTANT_PARAMETER_MISSING: 燃料一收到基灰分缺失,补齐同燃料入炉收到基灰分
SRC-RAW-B58081700E78F56F242E,BC,POLLUTANT_PARAMETER_MISSING: 除尘效率为总颗粒物口径，缺粒径实际效率及治理投运率；A.1仅平均效率,补齐粒径去除效率，或A.1技术匹配及设施投运率
SRC-RAW-B58081700E78F56F242E,OC,POLLUTANT_PARAMETER_MISSING: 燃料一收到基灰分缺失,补齐同燃料入炉收到基灰分
SRC-RAW-B58081700E78F56F242E,OC,POLLUTANT_PARAMETER_MISSING: 除尘效率为总颗粒物口径，缺粒径实际效率及治理投运率；A.1仅平均效率,补齐粒径去除效率，或A.1技术匹配及设施投运率
SRC-RAW-34C40F8886BE8F556BFB,SO2,HARD_CONSTRAINT_CONFLICT: 燃料一消耗量为负数,核实原始台账并更正负消耗量；不得取绝对值
SRC-RAW-34C40F8886BE8F556BFB,SO2,POLLUTANT_PARAMETER_MISSING: 相关治理工艺或效率为空,补齐治理工艺及对应污染物实际去除效率
SRC-RAW-34C40F8886BE8F556BFB,NOx,HARD_CONSTRAINT_CONFLICT: 燃料一消耗量为负数,核实原始台账并更正负消耗量；不得取绝对值
SRC-RAW-34C40F8886BE8F556BFB,CO,HARD_CONSTRAINT_CONFLICT: 燃料一消耗量为负数,核实原始台账并更正负消耗量；不得取绝对值
SRC-RAW-34C40F8886BE8F556BFB,VOC,HARD_CONSTRAINT_CONFLICT: 燃料一消耗量为负数,核实原始台账并更正负消耗量；不得取绝对值
SRC-RAW-34C40F8886BE8F556BFB,PM10,HARD_CONSTRAINT_CONFLICT: 燃料一消耗量为负数,核实原始台账并更正负消耗量；不得取绝对值
SRC-RAW-34C40F8886BE8F556BFB,PM10,POLLUTANT_PARAMETER_MISSING: 相关治理工艺或效率为空,补齐治理工艺及对应污染物实际去除效率
SRC-RAW-34C40F8886BE8F556BFB,PM2.5,HARD_CONSTRAINT_CONFLICT: 燃料一消耗量为负数,核实原始台账并更正负消耗量；不得取绝对值
SRC-RAW-34C40F8886BE8F556BFB,PM2.5,POLLUTANT_PARAMETER_MISSING: 相关治理工艺或效率为空,补齐治理工艺及对应污染物实际去除效率
SRC-RAW-34C40F8886BE8F556BFB,BC,HARD_CONSTRAINT_CONFLICT: 燃料一消耗量为负数,核实原始台账并更正负消耗量；不得取绝对值
SRC-RAW-34C40F8886BE8F556BFB,BC,POLLUTANT_PARAMETER_MISSING: 相关治理工艺或效率为空,补齐治理工艺及对应污染物实际去除效率
SRC-RAW-34C40F8886BE8F556BFB,OC,HARD_CONSTRAINT_CONFLICT: 燃料一消耗量为负数,核实原始台账并更正负消耗量；不得取绝对值
SRC-RAW-34C40F8886BE8F556BFB,OC,POLLUTANT_PARAMETER_MISSING: 相关治理工艺或效率为空,补齐治理工艺及对应污染物实际去除效率
SRC-RAW-5BB161330672CF0DD3E3,PM10,POLLUTANT_PARAMETER_MISSING: 燃料一收到基灰分缺失,补齐同燃料入炉收到基灰分
SRC-RAW-5BB161330672CF0DD3E3,PM10,POLLUTANT_PARAMETER_MISSING: 除尘效率为总颗粒物口径，缺粒径实际效率及治理投运率；A.1仅平均效率,补齐粒径去除效率，或A.1技术匹配及设施投运率
SRC-RAW-5BB161330672CF0DD3E3,PM2.5,POLLUTANT_PARAMETER_MISSING: 燃料一收到基灰分缺失,补齐同燃料入炉收到基灰分
SRC-RAW-5BB161330672CF0DD3E3,PM2.5,POLLUTANT_PARAMETER_MISSING: 除尘效率为总颗粒物口径，缺粒径实际效率及治理投运率；A.1仅平均效率,补齐粒径去除效率，或A.1技术匹配及设施投运率
SRC-RAW-5BB161330672CF0DD3E3,BC,POLLUTANT_PARAMETER_MISSING: 燃料一收到基灰分缺失,补齐同燃料入炉收到基灰分
SRC-RAW-5BB161330672CF0DD3E3,BC,POLLUTANT_PARAMETER_MISSING: 除尘效率为总颗粒物口径，缺粒径实际效率及治理投运率；A.1仅平均效率,补齐粒径去除效率，或A.1技术匹配及设施投运率
SRC-RAW-5BB161330672CF0DD3E3,OC,POLLUTANT_PARAMETER_MISSING: 燃料一收到基灰分缺失,补齐同燃料入炉收到基灰分
SRC-RAW-5BB161330672CF0DD3E3,OC,POLLUTANT_PARAMETER_MISSING: 除尘效率为总颗粒物口径，缺粒径实际效率及治理投运率；A.1仅平均效率,补齐粒径去除效率，或A.1技术匹配及设施投运率
SRC-RAW-735E97FF20D753ACA1D5,SO2,POLLUTANT_PARAMETER_MISSING: 燃料一收到基硫分缺失,补齐同燃料入炉收到基硫分
SRC-RAW-735E97FF20D753ACA1D5,PM10,POLLUTANT_PARAMETER_MISSING: 除尘效率为总颗粒物口径，缺粒径实际效率及治理投运率；A.1仅平均效率,补齐粒径去除效率，或A.1技术匹配及设施投运率
SRC-RAW-735E97FF20D753ACA1D5,PM2.5,POLLUTANT_PARAMETER_MISSING: 除尘效率为总颗粒物口径，缺粒径实际效率及治理投运率；A.1仅平均效率,补齐粒径去除效率，或A.1技术匹配及设施投运率
SRC-RAW-735E97FF20D753ACA1D5,BC,POLLUTANT_PARAMETER_MISSING: 除尘效率为总颗粒物口径，缺粒径实际效率及治理投运率；A.1仅平均效率,补齐粒径去除效率，或A.1技术匹配及设施投运率
SRC-RAW-735E97FF20D753ACA1D5,OC,POLLUTANT_PARAMETER_MISSING: 除尘效率为总颗粒物口径，缺粒径实际效率及治理投运率；A.1仅平均效率,补齐粒径去除效率，或A.1技术匹配及设施投运率
SRC-RAW-A642C3DD5F2D3D5E83AD,SO2,HARD_CONSTRAINT_CONFLICT: 燃料一消耗量为负数,核实原始台账并更正负消耗量；不得取绝对值
SRC-RAW-A642C3DD5F2D3D5E83AD,NOx,HARD_CONSTRAINT_CONFLICT: 燃料一消耗量为负数,核实原始台账并更正负消耗量；不得取绝对值
SRC-RAW-A642C3DD5F2D3D5E83AD,CO,HARD_CONSTRAINT_CONFLICT: 燃料一消耗量为负数,核实原始台账并更正负消耗量；不得取绝对值
SRC-RAW-A642C3DD5F2D3D5E83AD,VOC,HARD_CONSTRAINT_CONFLICT: 燃料一消耗量为负数,核实原始台账并更正负消耗量；不得取绝对值
SRC-RAW-A642C3DD5F2D3D5E83AD,PM10,HARD_CONSTRAINT_CONFLICT: 燃料一消耗量为负数,核实原始台账并更正负消耗量；不得取绝对值
SRC-RAW-A642C3DD5F2D3D5E83AD,PM2.5,HARD_CONSTRAINT_CONFLICT: 燃料一消耗量为负数,核实原始台账并更正负消耗量；不得取绝对值
SRC-RAW-A642C3DD5F2D3D5E83AD,BC,HARD_CONSTRAINT_CONFLICT: 燃料一消耗量为负数,核实原始台账并更正负消耗量；不得取绝对值
SRC-RAW-A642C3DD5F2D3D5E83AD,OC,HARD_CONSTRAINT_CONFLICT: 燃料一消耗量为负数,核实原始台账并更正负消耗量；不得取绝对值
SRC-RAW-CABCB12A75AC6CB6DAAD,SO2,POLLUTANT_PARAMETER_MISSING: 燃料一收到基硫分缺失,补齐同燃料入炉收到基硫分
SRC-RAW-CABCB12A75AC6CB6DAAD,SO2,SOURCE_RELATION_MISSING: GYGL仅标识工业锅炉类别，企业有多台锅炉，设施归属未明确,提供逐锅炉对应治理设施，明确串并联关系
SRC-RAW-CABCB12A75AC6CB6DAAD,NOx,SOURCE_RELATION_MISSING: GYGL仅标识工业锅炉类别，企业有多台锅炉，设施归属未明确,提供逐锅炉对应治理设施，明确串并联关系
SRC-RAW-CABCB12A75AC6CB6DAAD,PM10,SOURCE_RELATION_MISSING: GYGL仅标识工业锅炉类别，企业有多台锅炉，设施归属未明确,提供逐锅炉对应治理设施，明确串并联关系
SRC-RAW-CABCB12A75AC6CB6DAAD,PM2.5,SOURCE_RELATION_MISSING: GYGL仅标识工业锅炉类别，企业有多台锅炉，设施归属未明确,提供逐锅炉对应治理设施，明确串并联关系
SRC-RAW-CABCB12A75AC6CB6DAAD,BC,SOURCE_RELATION_MISSING: GYGL仅标识工业锅炉类别，企业有多台锅炉，设施归属未明确,提供逐锅炉对应治理设施，明确串并联关系
SRC-RAW-CABCB12A75AC6CB6DAAD,OC,SOURCE_RELATION_MISSING: GYGL仅标识工业锅炉类别，企业有多台锅炉，设施归属未明确,提供逐锅炉对应治理设施，明确串并联关系
SRC-RAW-CA7C2EC19290C6B0DF70,SO2,POLLUTANT_PARAMETER_MISSING: 相关治理工艺或效率为空,补齐治理工艺及对应污染物实际去除效率
SRC-RAW-CA7C2EC19290C6B0DF70,NOx,POLLUTANT_PARAMETER_MISSING: 相关治理工艺或效率为空,补齐治理工艺及对应污染物实际去除效率
SRC-RAW-CA7C2EC19290C6B0DF70,PM10,POLLUTANT_PARAMETER_MISSING: 燃料一收到基灰分缺失,补齐同燃料入炉收到基灰分
SRC-RAW-CA7C2EC19290C6B0DF70,PM10,POLLUTANT_PARAMETER_MISSING: 相关治理工艺或效率为空,补齐治理工艺及对应污染物实际去除效率
SRC-RAW-CA7C2EC19290C6B0DF70,PM2.5,POLLUTANT_PARAMETER_MISSING: 燃料一收到基灰分缺失,补齐同燃料入炉收到基灰分
SRC-RAW-CA7C2EC19290C6B0DF70,PM2.5,POLLUTANT_PARAMETER_MISSING: 相关治理工艺或效率为空,补齐治理工艺及对应污染物实际去除效率
SRC-RAW-CA7C2EC19290C6B0DF70,BC,POLLUTANT_PARAMETER_MISSING: 燃料一收到基灰分缺失,补齐同燃料入炉收到基灰分
SRC-RAW-CA7C2EC19290C6B0DF70,BC,POLLUTANT_PARAMETER_MISSING: 相关治理工艺或效率为空,补齐治理工艺及对应污染物实际去除效率
SRC-RAW-C6D82ADA0C636EFF013B,SO2,POLLUTANT_PARAMETER_MISSING: 燃料一收到基硫分缺失,补齐同燃料入炉收到基硫分
SRC-RAW-C6D82ADA0C636EFF013B,PM10,POLLUTANT_PARAMETER_MISSING: 除尘效率为总颗粒物口径，缺粒径实际效率及治理投运率；A.1仅平均效率,补齐粒径去除效率，或A.1技术匹配及设施投运率
SRC-RAW-C6D82ADA0C636EFF013B,PM2.5,POLLUTANT_PARAMETER_MISSING: 除尘效率为总颗粒物口径，缺粒径实际效率及治理投运率；A.1仅平均效率,补齐粒径去除效率，或A.1技术匹配及设施投运率
SRC-RAW-C6D82ADA0C636EFF013B,BC,POLLUTANT_PARAMETER_MISSING: 除尘效率为总颗粒物口径，缺粒径实际效率及治理投运率；A.1仅平均效率,补齐粒径去除效率，或A.1技术匹配及设施投运率
SRC-RAW-C6D82ADA0C636EFF013B,OC,POLLUTANT_PARAMETER_MISSING: 除尘效率为总颗粒物口径，缺粒径实际效率及治理投运率；A.1仅平均效率,补齐粒径去除效率，或A.1技术匹配及设施投运率
