实验,运行编号,方法,源类,结果目录,Hermes会话,消息数,工具调用数,聊天记录,材料类型
A,A-IND-FULL-R1,Full完整方法,工业锅炉,A-IND-FULL-R1/结果,20260821_054820_cffeb0,49,25,A-IND-FULL-R1/聊天记录/聊天记录.md,机器运行输出
A,A-IND-FULL-R2,Full完整方法,工业锅炉,A-IND-FULL-R2/结果,20260821_063858_8d80b4,41,23,A-IND-FULL-R2/聊天记录/聊天记录.md,机器运行输出
A,A-IND-FULL-R3,Full完整方法,工业锅炉,A-IND-FULL-R3/结果,20260821_072446_282e7e,41,21,A-IND-FULL-R3/聊天记录/聊天记录.md,机器运行输出
A,A-IND-DET-R1,简单确定性脚本,工业锅炉,A-IND-DET-R1/结果,,,,,机器运行输出
A,A-IND-DET-R2,简单确定性脚本,工业锅炉,A-IND-DET-R2/结果,,,,,机器运行输出
A,A-IND-DET-R3,简单确定性脚本,工业锅炉,A-IND-DET-R3/结果,,,,,机器运行输出
A,A-IND-GEN-R1,通用工具Agent,工业锅炉,A-IND-GEN-R1/结果,20260821_055003_ade3bd,176,89,A-IND-GEN-R1/聊天记录/聊天记录.md,机器运行输出
A,A-IND-GEN-R2,通用工具Agent,工业锅炉,A-IND-GEN-R2/结果,20260821_064037_5756ba,183,92,A-IND-GEN-R2/聊天记录/聊天记录.md,机器运行输出
A,A-IND-GEN-R3,通用工具Agent,工业锅炉,A-IND-GEN-R3/结果,20260821_072626_8a43a3,166,85,A-IND-GEN-R3/聊天记录/聊天记录.md,机器运行输出
A,A-IND-HUM,既有专家主导型流程,工业锅炉,A-IND-HUM/结果,,,,,人工原表与表头读取结果
A,A-POW-FULL-R1,Full完整方法,火电热力,A-POW-FULL-R1/结果,20260821_061518_ee80e8,50,24,A-POW-FULL-R1/聊天记录/聊天记录.md,机器运行输出
A,A-POW-FULL-R2,Full完整方法,火电热力,A-POW-FULL-R2/结果,20260821_070118_9db5b0,54,27,A-POW-FULL-R2/聊天记录/聊天记录.md,机器运行输出
A,A-POW-FULL-R3,Full完整方法,火电热力,A-POW-FULL-R3/结果,20260821_080751_40b723,44,25,A-POW-FULL-R3/聊天记录/聊天记录.md,机器运行输出
A,A-POW-DET-R1,简单确定性脚本,火电热力,A-POW-DET-R1/结果,,,,,机器运行输出
A,A-POW-DET-R2,简单确定性脚本,火电热力,A-POW-DET-R2/结果,,,,,机器运行输出
A,A-POW-DET-R3,简单确定性脚本,火电热力,A-POW-DET-R3/结果,,,,,机器运行输出
A,A-POW-GEN-R1,通用工具Agent,火电热力,A-POW-GEN-R1/结果,20260821_061640_618331,181,100,A-POW-GEN-R1/聊天记录/聊天记录.md,机器运行输出
A,A-POW-GEN-R2,通用工具Agent,火电热力,A-POW-GEN-R2/结果,20260821_070237_6575a4,183,95,A-POW-GEN-R2/聊天记录/聊天记录.md,机器运行输出
A,A-POW-GEN-R3,通用工具Agent,火电热力,A-POW-GEN-R3/结果,20260821_075232_86dfc0,191,98,A-POW-GEN-R3/聊天记录/聊天记录.md,机器运行输出
A,A-POW-HUM,既有专家主导型流程,火电热力,A-POW-HUM/结果,,,,,人工原表与表头读取结果
B,B-B0-IND-FULL,Full完整方法,工业锅炉,B-B0-IND-FULL/结果,20260821_082935_148956,42,24,B-B0-IND-FULL/聊天记录/聊天记录.md,机器运行输出
B,B-B0-IND-DET,简单确定性脚本,工业锅炉,B-B0-IND-DET/结果,,,,,机器运行输出
B,B-B0-IND-GEN,通用工具Agent,工业锅炉,B-B0-IND-GEN/结果,20260821_080904_afc70a,184,91,B-B0-IND-GEN/聊天记录/聊天记录.md,机器运行输出
B,B-B0-IND-HUM,既有专家主导型流程,工业锅炉,B-B0-IND-HUM/结果,,,,,人工原表与表头读取结果
B,B-B0-POW-FULL,Full完整方法,火电热力,B-B0-POW-FULL/结果,20260821_083137_68428b,55,33,B-B0-POW-FULL/聊天记录/聊天记录.md,机器运行输出
B,B-B0-POW-DET,简单确定性脚本,火电热力,B-B0-POW-DET/结果,,,,,机器运行输出
B,B-B0-POW-GEN,通用工具Agent,火电热力,B-B0-POW-GEN/结果,20260821_083302_0d04d0,189,96,B-B0-POW-GEN/聊天记录/聊天记录.md,机器运行输出
B,B-B0-POW-HUM,既有专家主导型流程,火电热力,B-B0-POW-HUM/结果,,,,,人工原表与表头读取结果
B,B-S1-IND-FULL,Full完整方法,工业锅炉,B-S1-IND-FULL/结果,20260821_091402_5d69c8,54,27,B-S1-IND-FULL/聊天记录/聊天记录.md,机器运行输出
B,B-S1-IND-DET,简单确定性脚本,工业锅炉,B-S1-IND-DET/结果,,,,,机器运行输出
B,B-S1-IND-GEN,通用工具Agent,工业锅炉,B-S1-IND-GEN/结果,20260821_085230_5d748c,187,94,B-S1-IND-GEN/聊天记录/聊天记录.md,机器运行输出
B,B-S1-IND-HUM,既有专家主导型流程,工业锅炉,B-S1-IND-HUM/结果,,,,,人工原表与表头读取结果
B,B-S1-POW-FULL,Full完整方法,火电热力,B-S1-POW-FULL/结果,20260821_091609_2058af,48,26,B-S1-POW-FULL/聊天记录/聊天记录.md,机器运行输出
B,B-S1-POW-DET,简单确定性脚本,火电热力,B-S1-POW-DET/结果,,,,,机器运行输出
B,B-S1-POW-GEN,通用工具Agent,火电热力,B-S1-POW-GEN/结果,20260821_091725_23a854,174,87,B-S1-POW-GEN/聊天记录/聊天记录.md,机器运行输出
B,B-S1-POW-HUM,既有专家主导型流程,火电热力,B-S1-POW-HUM/结果,,,,,人工原表与表头读取结果
B,B-S2-IND-FULL,Full完整方法,工业锅炉,B-S2-IND-FULL/结果,20260821_100630_bef5fb,49,24,B-S2-IND-FULL/聊天记录/聊天记录.md,机器运行输出
B,B-S2-IND-DET,简单确定性脚本,工业锅炉,B-S2-IND-DET/结果,,,,,机器运行输出
B,B-S2-IND-GEN,通用工具Agent,工业锅炉,B-S2-IND-GEN/结果,20260821_094159_021d09,185,92,B-S2-IND-GEN/聊天记录/聊天记录.md,机器运行输出
B,B-S2-IND-HUM,既有专家主导型流程,工业锅炉,B-S2-IND-HUM/结果,,,,,人工原表与表头读取结果
B,B-S2-POW-FULL,Full完整方法,火电热力,B-S2-POW-FULL/结果,20260821_103058_854c92,48,23,B-S2-POW-FULL/聊天记录/聊天记录.md,机器运行输出
B,B-S2-POW-DET,简单确定性脚本,火电热力,B-S2-POW-DET/结果,,,,,机器运行输出
B,B-S2-POW-GEN,通用工具Agent,火电热力,B-S2-POW-GEN/结果,20260821_100819_312ebf,186,93,B-S2-POW-GEN/聊天记录/聊天记录.md,机器运行输出
B,B-S2-POW-HUM,既有专家主导型流程,火电热力,B-S2-POW-HUM/结果,,,,,人工原表与表头读取结果
B,B-S3-IND-FULL,Full完整方法,工业锅炉,B-S3-IND-FULL/结果,20260821_103210_9630fa,52,26,B-S3-IND-FULL/聊天记录/聊天记录.md,机器运行输出
B,B-S3-IND-DET,简单确定性脚本,工业锅炉,B-S3-IND-DET/结果,,,,,机器运行输出
B,B-S3-IND-GEN,通用工具Agent,工业锅炉,B-S3-IND-GEN/结果,20260821_103413_6b3cfa,186,93,B-S3-IND-GEN/聊天记录/聊天记录.md,机器运行输出
B,B-S3-IND-HUM,既有专家主导型流程,工业锅炉,B-S3-IND-HUM/结果,,,,,人工原表与表头读取结果
B,B-S3-POW-FULL,Full完整方法,火电热力,B-S3-POW-FULL/结果,20260821_112438_dbc429,50,25,B-S3-POW-FULL/聊天记录/聊天记录.md,机器运行输出
B,B-S3-POW-DET,简单确定性脚本,火电热力,B-S3-POW-DET/结果,,,,,机器运行输出
B,B-S3-POW-GEN,通用工具Agent,火电热力,B-S3-POW-GEN/结果,20260821_110133_2921e1,182,91,B-S3-POW-GEN/聊天记录/聊天记录.md,机器运行输出
B,B-S3-POW-HUM,既有专家主导型流程,火电热力,B-S3-POW-HUM/结果,,,,,人工原表与表头读取结果
B,B-S4-IND-FULL,Full完整方法,工业锅炉,B-S4-IND-FULL/结果,20260821_115151_86f907,41,23,B-S4-IND-FULL/聊天记录/聊天记录.md,机器运行输出
B,B-S4-IND-DET,简单确定性脚本,工业锅炉,B-S4-IND-DET/结果,,,,,机器运行输出
B,B-S4-IND-GEN,通用工具Agent,工业锅炉,B-S4-IND-GEN/结果,20260821_112554_2acb2f,192,99,B-S4-IND-GEN/聊天记录/聊天记录.md,机器运行输出
B,B-S4-IND-HUM,既有专家主导型流程,工业锅炉,B-S4-IND-HUM/结果,,,,,人工原表与表头读取结果
B,B-S4-POW-FULL,Full完整方法,火电热力,B-S4-POW-FULL/结果,20260821_121907_a2efc0,48,28,B-S4-POW-FULL/聊天记录/聊天记录.md,机器运行输出
B,B-S4-POW-DET,简单确定性脚本,火电热力,B-S4-POW-DET/结果,,,,,机器运行输出
B,B-S4-POW-GEN,通用工具Agent,火电热力,B-S4-POW-GEN/结果,20260821_115323_71313e,163,84,B-S4-POW-GEN/聊天记录/聊天记录.md,机器运行输出
B,B-S4-POW-HUM,既有专家主导型流程,火电热力,B-S4-POW-HUM/结果,,,,,人工原表与表头读取结果
B,B-B2-IND-FULL,Full完整方法,工业锅炉,B-B2-IND-FULL/结果,20260821_124033_966656,42,24,B-B2-IND-FULL/聊天记录/聊天记录.md,机器运行输出
B,B-B2-IND-DET,简单确定性脚本,工业锅炉,B-B2-IND-DET/结果,,,,,机器运行输出
B,B-B2-IND-GEN,通用工具Agent,工业锅炉,B-B2-IND-GEN/结果,20260821_122032_90004b,145,75,B-B2-IND-GEN/聊天记录/聊天记录.md,机器运行输出
B,B-B2-IND-HUM,既有专家主导型流程,工业锅炉,B-B2-IND-HUM/结果,,,,,人工原表与表头读取结果
B,B-B2-POW-FULL,Full完整方法,火电热力,B-B2-POW-FULL/结果,20260821_125901_25eff8,55,29,B-B2-POW-FULL/聊天记录/聊天记录.md,机器运行输出
B,B-B2-POW-DET,简单确定性脚本,火电热力,B-B2-POW-DET/结果,,,,,机器运行输出
B,B-B2-POW-GEN,通用工具Agent,火电热力,B-B2-POW-GEN/结果,20260821_124204_66058b,126,63,B-B2-POW-GEN/聊天记录/聊天记录.md,机器运行输出
B,B-B2-POW-HUM,既有专家主导型流程,火电热力,B-B2-POW-HUM/结果,,,,,人工原表与表头读取结果
C,C-25-IND-FULL-R1,Full完整方法,工业锅炉,C-25-IND-FULL-R1/结果,20260821_132238_df7663,48,24,C-25-IND-FULL-R1/聊天记录/聊天记录.md,机器运行输出
C,C-25-IND-FULL-R2,Full完整方法,工业锅炉,C-25-IND-FULL-R2/结果,20260821_155150_370f12,53,27,C-25-IND-FULL-R2/聊天记录/聊天记录.md,机器运行输出
C,C-25-IND-FULL-R3,Full完整方法,工业锅炉,C-25-IND-FULL-R3/结果,20260821_185835_b369d5,51,26,C-25-IND-FULL-R3/聊天记录/聊天记录.md,机器运行输出
C,C-25-IND-DET-R1,简单确定性脚本,工业锅炉,C-25-IND-DET-R1/结果,,,,,机器运行输出
C,C-25-IND-DET-R2,简单确定性脚本,工业锅炉,C-25-IND-DET-R2/结果,,,,,机器运行输出
C,C-25-IND-DET-R3,简单确定性脚本,工业锅炉,C-25-IND-DET-R3/结果,,,,,机器运行输出
C,C-25-IND-GEN-R1,通用工具Agent,工业锅炉,C-25-IND-GEN-R1/结果,20260821_130015_2250a9,164,82,C-25-IND-GEN-R1/聊天记录/聊天记录.md,机器运行输出
C,C-25-IND-GEN-R2,通用工具Agent,工业锅炉,C-25-IND-GEN-R2/结果,20260821_155250_e84c18,148,76,C-25-IND-GEN-R2/聊天记录/聊天记录.md,机器运行输出
C,C-25-IND-GEN-R3,通用工具Agent,工业锅炉,C-25-IND-GEN-R3/结果,20260821_183843_39a583,150,76,C-25-IND-GEN-R3/聊天记录/聊天记录.md,机器运行输出
C,C-25-POW-FULL-R1,Full完整方法,火电热力,C-25-POW-FULL-R1/结果,20260821_132336_c48e1a,51,26,C-25-POW-FULL-R1/聊天记录/聊天记录.md,机器运行输出
C,C-25-POW-FULL-R2,Full完整方法,火电热力,C-25-POW-FULL-R2/结果,20260821_160817_25f67a,54,30,C-25-POW-FULL-R2/聊天记录/聊天记录.md,机器运行输出
C,C-25-POW-FULL-R3,Full完整方法,火电热力,C-25-POW-FULL-R3/结果,20260821_185947_f44009,41,22,C-25-POW-FULL-R3/聊天记录/聊天记录.md,机器运行输出
C,C-25-POW-DET-R1,简单确定性脚本,火电热力,C-25-POW-DET-R1/结果,,,,,机器运行输出
C,C-25-POW-DET-R2,简单确定性脚本,火电热力,C-25-POW-DET-R2/结果,,,,,机器运行输出
C,C-25-POW-DET-R3,简单确定性脚本,火电热力,C-25-POW-DET-R3/结果,,,,,机器运行输出
C,C-25-POW-GEN-R1,通用工具Agent,火电热力,C-25-POW-GEN-R1/结果,20260821_132438_a69b65,184,91,C-25-POW-GEN-R1/聊天记录/聊天记录.md,机器运行输出
C,C-25-POW-GEN-R2,通用工具Agent,火电热力,C-25-POW-GEN-R2/结果,20260821_160916_f1ed3d,184,94,C-25-POW-GEN-R2/聊天记录/聊天记录.md,机器运行输出
C,C-25-POW-GEN-R3,通用工具Agent,火电热力,C-25-POW-GEN-R3/结果,20260821_190049_089c25,175,88,C-25-POW-GEN-R3/聊天记录/聊天记录.md,机器运行输出
C,C-50-IND-FULL-R1,Full完整方法,工业锅炉,C-50-IND-FULL-R1/结果,20260821_140153_d301b1,50,28,C-50-IND-FULL-R1/聊天记录/聊天记录.md,机器运行输出
C,C-50-IND-FULL-R2,Full完整方法,工业锅炉,C-50-IND-FULL-R2/结果,20260821_162458_848bd3,51,29,C-50-IND-FULL-R2/聊天记录/聊天记录.md,机器运行输出
C,C-50-IND-FULL-R3,Full完整方法,工业锅炉,C-50-IND-FULL-R3/结果,20260821_192028_908a78,50,28,C-50-IND-FULL-R3/聊天记录/聊天记录.md,机器运行输出
C,C-50-IND-DET-R1,简单确定性脚本,工业锅炉,C-50-IND-DET-R1/结果,,,,,机器运行输出
C,C-50-IND-DET-R2,简单确定性脚本,工业锅炉,C-50-IND-DET-R2/结果,,,,,机器运行输出
C,C-50-IND-DET-R3,简单确定性脚本,工业锅炉,C-50-IND-DET-R3/结果,,,,,机器运行输出
C,C-50-IND-GEN-R1,通用工具Agent,工业锅炉,C-50-IND-GEN-R1/结果,20260821_134400_1af260,139,69,C-50-IND-GEN-R1/聊天记录/聊天记录.md,机器运行输出
C,C-50-IND-GEN-R2,通用工具Agent,工业锅炉,C-50-IND-GEN-R2/结果,20260821_162614_556293,172,90,C-50-IND-GEN-R2/聊天记录/聊天记录.md,机器运行输出
C,C-50-IND-GEN-R3,通用工具Agent,工业锅炉,C-50-IND-GEN-R3/结果,20260821_192144_750cd2,184,91,C-50-IND-GEN-R3/聊天记录/聊天记录.md,机器运行输出
C,C-50-POW-FULL-R1,Full完整方法,火电热力,C-50-POW-FULL-R1/结果,20260821_140258_431b64,50,25,C-50-POW-FULL-R1/聊天记录/聊天记录.md,机器运行输出
C,C-50-POW-FULL-R2,Full完整方法,火电热力,C-50-POW-FULL-R2/结果,20260821_164601_dfeed4,51,25,C-50-POW-FULL-R2/聊天记录/聊天记录.md,机器运行输出
C,C-50-POW-FULL-R3,Full完整方法,火电热力,C-50-POW-FULL-R3/结果,20260821_194118_74e668,42,22,C-50-POW-FULL-R3/聊天记录/聊天记录.md,机器运行输出
C,C-50-POW-DET-R1,简单确定性脚本,火电热力,C-50-POW-DET-R1/结果,,,,,机器运行输出
C,C-50-POW-DET-R2,简单确定性脚本,火电热力,C-50-POW-DET-R2/结果,,,,,机器运行输出
C,C-50-POW-DET-R3,简单确定性脚本,火电热力,C-50-POW-DET-R3/结果,,,,,机器运行输出
C,C-50-POW-GEN-R1,通用工具Agent,火电热力,C-50-POW-GEN-R1/结果,20260821_140356_9e2665,184,91,C-50-POW-GEN-R1/聊天记录/聊天记录.md,机器运行输出
C,C-50-POW-GEN-R2,通用工具Agent,火电热力,C-50-POW-GEN-R2/结果,20260821_164658_2e4dc7,190,97,C-50-POW-GEN-R2/聊天记录/聊天记录.md,机器运行输出
C,C-50-POW-GEN-R3,通用工具Agent,火电热力,C-50-POW-GEN-R3/结果,20260821_194227_4a3705,188,95,C-50-POW-GEN-R3/聊天记录/聊天记录.md,机器运行输出
C,C-75-IND-FULL-R1,Full完整方法,工业锅炉,C-75-IND-FULL-R1/结果,20260821_142320_ef52b8,49,29,C-75-IND-FULL-R1/聊天记录/聊天记录.md,机器运行输出
C,C-75-IND-FULL-R2,Full完整方法,工业锅炉,C-75-IND-FULL-R2/结果,20260821_170829_8bda78,52,26,C-75-IND-FULL-R2/聊天记录/聊天记录.md,机器运行输出
C,C-75-IND-FULL-R3,Full完整方法,工业锅炉,C-75-IND-FULL-R3/结果,20260821_204833_a25232,49,28,C-75-IND-FULL-R3/聊天记录/聊天记录.md,机器运行输出
C,C-75-IND-DET-R1,简单确定性脚本,工业锅炉,C-75-IND-DET-R1/结果,,,,,机器运行输出
C,C-75-IND-DET-R2,简单确定性脚本,工业锅炉,C-75-IND-DET-R2/结果,,,,,机器运行输出
C,C-75-IND-DET-R3,简单确定性脚本,工业锅炉,C-75-IND-DET-R3/结果,,,,,机器运行输出
C,C-75-IND-GEN-R1,通用工具Agent,工业锅炉,C-75-IND-GEN-R1/结果,20260821_142437_b6d3f2,185,92,C-75-IND-GEN-R1/聊天记录/聊天记录.md,机器运行输出
C,C-75-IND-GEN-R2,通用工具Agent,工业锅炉,C-75-IND-GEN-R2/结果,20260821_170948_8c11fc,164,82,C-75-IND-GEN-R2/聊天记录/聊天记录.md,机器运行输出
C,C-75-IND-GEN-R3,通用工具Agent,工业锅炉,C-75-IND-GEN-R3/结果,20260821_200228_d5c11d,181,91,C-75-IND-GEN-R3/聊天记录/聊天记录.md,机器运行输出
C,C-75-POW-FULL-R1,Full完整方法,火电热力,C-75-POW-FULL-R1/结果,20260821_144339_b4fec7,37,19,C-75-POW-FULL-R1/聊天记录/聊天记录.md,机器运行输出
C,C-75-POW-FULL-R2,Full完整方法,火电热力,C-75-POW-FULL-R2/结果,20260821_175145_01c98b,48,27,C-75-POW-FULL-R2/聊天记录/聊天记录.md,机器运行输出
C,C-75-POW-FULL-R3,Full完整方法,火电热力,C-75-POW-FULL-R3/结果,20260821_211135_f97c6c,46,27,C-75-POW-FULL-R3/聊天记录/聊天记录.md,机器运行输出
C,C-75-POW-DET-R1,简单确定性脚本,火电热力,C-75-POW-DET-R1/结果,,,,,机器运行输出
C,C-75-POW-DET-R2,简单确定性脚本,火电热力,C-75-POW-DET-R2/结果,,,,,机器运行输出
C,C-75-POW-DET-R3,简单确定性脚本,火电热力,C-75-POW-DET-R3/结果,,,,,机器运行输出
C,C-75-POW-GEN-R1,通用工具Agent,火电热力,C-75-POW-GEN-R1/结果,20260821_144442_f27f12,158,79,C-75-POW-GEN-R1/聊天记录/聊天记录.md,机器运行输出
C,C-75-POW-GEN-R2,通用工具Agent,火电热力,C-75-POW-GEN-R2/结果,20260821_173347_8f2b00,184,91,C-75-POW-GEN-R2/聊天记录/聊天记录.md,机器运行输出
C,C-75-POW-GEN-R3,通用工具Agent,火电热力,C-75-POW-GEN-R3/结果,20260821_205001_a04059,155,80,C-75-POW-GEN-R3/聊天记录/聊天记录.md,机器运行输出
C,C-100-IND-FULL-R1,Full完整方法,工业锅炉,C-100-IND-FULL-R1/结果,20260821_152247_c744b5,51,31,C-100-IND-FULL-R1/聊天记录/聊天记录.md,机器运行输出
C,C-100-IND-FULL-R2,Full完整方法,工业锅炉,C-100-IND-FULL-R2/结果,20260821_181701_ac88a8,49,28,C-100-IND-FULL-R2/聊天记录/聊天记录.md,机器运行输出
C,C-100-IND-FULL-R3,Full完整方法,工业锅炉,C-100-IND-FULL-R3/结果,20260821_211250_4fff10,44,25,C-100-IND-FULL-R3/聊天记录/聊天记录.md,机器运行输出
C,C-100-IND-DET-R1,简单确定性脚本,工业锅炉,C-100-IND-DET-R1/结果,,,,,机器运行输出
C,C-100-IND-DET-R2,简单确定性脚本,工业锅炉,C-100-IND-DET-R2/结果,,,,,机器运行输出
C,C-100-IND-DET-R3,简单确定性脚本,工业锅炉,C-100-IND-DET-R3/结果,,,,,机器运行输出
C,C-100-IND-GEN-R1,通用工具Agent,工业锅炉,C-100-IND-GEN-R1/结果,20260821_150345_3e1804,185,92,C-100-IND-GEN-R1/聊天记录/聊天记录.md,机器运行输出
C,C-100-IND-GEN-R2,通用工具Agent,工业锅炉,C-100-IND-GEN-R2/结果,20260821_175250_25ad14,185,92,C-100-IND-GEN-R2/聊天记录/聊天记录.md,机器运行输出
C,C-100-IND-GEN-R3,通用工具Agent,工业锅炉,C-100-IND-GEN-R3/结果,20260821_211432_4f37a8,193,100,C-100-IND-GEN-R3/聊天记录/聊天记录.md,机器运行输出
C,C-100-POW-FULL-R1,Full完整方法,火电热力,C-100-POW-FULL-R1/结果,20260821_155042_477a75,46,26,C-100-POW-FULL-R1/聊天记录/聊天记录.md,机器运行输出
C,C-100-POW-FULL-R2,Full完整方法,火电热力,C-100-POW-FULL-R2/结果,20260821_181856_2453e1,48,24,C-100-POW-FULL-R2/聊天记录/聊天记录.md,机器运行输出
C,C-100-POW-FULL-R3,Full完整方法,火电热力,C-100-POW-FULL-R3/结果,20260821_213132_f10d76,48,24,C-100-POW-FULL-R3/聊天记录/聊天记录.md,机器运行输出
C,C-100-POW-DET-R1,简单确定性脚本,火电热力,C-100-POW-DET-R1/结果,,,,,机器运行输出
C,C-100-POW-DET-R2,简单确定性脚本,火电热力,C-100-POW-DET-R2/结果,,,,,机器运行输出
C,C-100-POW-DET-R3,简单确定性脚本,火电热力,C-100-POW-DET-R3/结果,,,,,机器运行输出
C,C-100-POW-GEN-R1,通用工具Agent,火电热力,C-100-POW-GEN-R1/结果,20260821_152429_1f2084,191,98,C-100-POW-GEN-R1/聊天记录/聊天记录.md,机器运行输出
C,C-100-POW-GEN-R2,通用工具Agent,火电热力,C-100-POW-GEN-R2/结果,20260821_182022_573b7f,184,91,C-100-POW-GEN-R2/聊天记录/聊天记录.md,机器运行输出
C,C-100-POW-GEN-R3,通用工具Agent,火电热力,C-100-POW-GEN-R3/结果,20260821_213257_02e827,190,97,C-100-POW-GEN-R3/聊天记录/聊天记录.md,机器运行输出
D,D-IND-FULL,Full完整方法,工业锅炉,D-IND-FULL/结果,20260821_220815_c41b32,48,24,D-IND-FULL/聊天记录/聊天记录.md,机器运行输出
D,D-POW-FULL,Full完整方法,火电热力,D-POW-FULL/结果,20260821_222109_308337,47,23,D-POW-FULL/聊天记录/聊天记录.md,机器运行输出
D,D-IND-W_O_CALCULATION_ITEM_STRUCTURE,去除污染物核算项结构,工业锅炉,D-IND-W_O_CALCULATION_ITEM_STRUCTURE/结果,20260821_220950_0ab7b5,41,24,D-IND-W_O_CALCULATION_ITEM_STRUCTURE/聊天记录/聊天记录.md,机器运行输出
D,D-POW-W_O_CALCULATION_ITEM_STRUCTURE,去除污染物核算项结构,火电热力,D-POW-W_O_CALCULATION_ITEM_STRUCTURE/结果,20260821_221727_05e3f6,53,32,D-POW-W_O_CALCULATION_ITEM_STRUCTURE/聊天记录/聊天记录.md,机器运行输出
D,D-IND-W_O_EXECUTABLE_RULE_GATE,去除可执行规则门控,工业锅炉,D-IND-W_O_EXECUTABLE_RULE_GATE/结果,20260821_220151_aa3936,49,33,D-IND-W_O_EXECUTABLE_RULE_GATE/聊天记录/聊天记录.md,机器运行输出
D,D-POW-W_O_EXECUTABLE_RULE_GATE,去除可执行规则门控,火电热力,D-POW-W_O_EXECUTABLE_RULE_GATE/结果,20260821_221131_85846d,54,33,D-POW-W_O_EXECUTABLE_RULE_GATE/聊天记录/聊天记录.md,机器运行输出
D,D-IND-AGENT_MANAGED_ADMISSION,Agent管理核算准入,工业锅炉,D-IND-AGENT_MANAGED_ADMISSION/结果,20260821_215841_3a0991,46,29,D-IND-AGENT_MANAGED_ADMISSION/聊天记录/聊天记录.md,机器运行输出
D,D-POW-AGENT_MANAGED_ADMISSION,Agent管理核算准入,火电热力,D-POW-AGENT_MANAGED_ADMISSION/结果,20260821_221848_0ee4b3,55,35,D-POW-AGENT_MANAGED_ADMISSION/聊天记录/聊天记录.md,机器运行输出
D,D-IND-W_O_COMPLETE_TRACE,去除完整过程记录,工业锅炉,D-IND-W_O_COMPLETE_TRACE/结果,20260821_215643_a7d7ea,64,42,D-IND-W_O_COMPLETE_TRACE/聊天记录/聊天记录.md,机器运行输出
D,D-POW-W_O_COMPLETE_TRACE,去除完整过程记录,火电热力,D-POW-W_O_COMPLETE_TRACE/结果,20260821_221557_9b3359,51,31,D-POW-W_O_COMPLETE_TRACE/聊天记录/聊天记录.md,机器运行输出
