exception_id,source_id,observation_id,target,human_workbook_row,pollutant,category,description
HUMAN-V2-INDUSTRIAL-000001,SRC-RAW-90E067EFFFEEA507E10F,SRC-RAW-90E067EFFFEEA507E10F,INDUSTRIAL,2,SO2,HUMAN_TOTAL_NOT_REPORTED,generation or final emission total is not numerically observable in the supplied workbook
HUMAN-V2-INDUSTRIAL-000002,SRC-RAW-90E067EFFFEEA507E10F,SRC-RAW-90E067EFFFEEA507E10F,INDUSTRIAL,2,NOx,HUMAN_TOTAL_NOT_REPORTED,generation or final emission total is not numerically observable in the supplied workbook
HUMAN-V2-INDUSTRIAL-000003,SRC-RAW-90E067EFFFEEA507E10F,SRC-RAW-90E067EFFFEEA507E10F,INDUSTRIAL,2,CO,HUMAN_TOTAL_NOT_REPORTED,generation or final emission total is not numerically observable in the supplied workbook
HUMAN-V2-INDUSTRIAL-000004,SRC-RAW-90E067EFFFEEA507E10F,SRC-RAW-90E067EFFFEEA507E10F,INDUSTRIAL,2,VOC,HUMAN_TOTAL_NOT_REPORTED,generation or final emission total is not numerically observable in the supplied workbook
HUMAN-V2-INDUSTRIAL-000005,SRC-RAW-90E067EFFFEEA507E10F,SRC-RAW-90E067EFFFEEA507E10F,INDUSTRIAL,2,PM10,HUMAN_TOTAL_NOT_REPORTED,generation or final emission total is not numerically observable in the supplied workbook
HUMAN-V2-INDUSTRIAL-000006,SRC-RAW-90E067EFFFEEA507E10F,SRC-RAW-90E067EFFFEEA507E10F,INDUSTRIAL,2,PM2.5,HUMAN_TOTAL_NOT_REPORTED,generation or final emission total is not numerically observable in the supplied workbook
HUMAN-V2-INDUSTRIAL-000007,SRC-RAW-90E067EFFFEEA507E10F,SRC-RAW-90E067EFFFEEA507E10F,INDUSTRIAL,2,BC,HUMAN_TOTAL_NOT_REPORTED,generation or final emission total is not numerically observable in the supplied workbook
HUMAN-V2-INDUSTRIAL-000008,SRC-RAW-90E067EFFFEEA507E10F,SRC-RAW-90E067EFFFEEA507E10F,INDUSTRIAL,2,OC,HUMAN_TOTAL_NOT_REPORTED,generation or final emission total is not numerically observable in the supplied workbook
HUMAN-V2-INDUSTRIAL-000009,SRC-RAW-90E067EFFFEEA507E10F,SRC-RAW-90E067EFFFEEA507E10F,INDUSTRIAL,2,NH3,HUMAN_TOTAL_NOT_REPORTED,generation or final emission total is not numerically observable in the supplied workbook
HUMAN-V2-INDUSTRIAL-000010,SRC-RAW-F8E0B7E08DAADCB14468,SRC-RAW-F8E0B7E08DAADCB14468,INDUSTRIAL,3,SO2,HUMAN_TOTAL_NOT_REPORTED,generation or final emission total is not numerically observable in the supplied workbook
HUMAN-V2-INDUSTRIAL-000011,SRC-RAW-F8E0B7E08DAADCB14468,SRC-RAW-F8E0B7E08DAADCB14468,INDUSTRIAL,3,NOx,HUMAN_TOTAL_NOT_REPORTED,generation or final emission total is not numerically observable in the supplied workbook
HUMAN-V2-INDUSTRIAL-000012,SRC-RAW-F8E0B7E08DAADCB14468,SRC-RAW-F8E0B7E08DAADCB14468,INDUSTRIAL,3,CO,HUMAN_TOTAL_NOT_REPORTED,generation or final emission total is not numerically observable in the supplied workbook
HUMAN-V2-INDUSTRIAL-000013,SRC-RAW-F8E0B7E08DAADCB14468,SRC-RAW-F8E0B7E08DAADCB14468,INDUSTRIAL,3,VOC,HUMAN_TOTAL_NOT_REPORTED,generation or final emission total is not numerically observable in the supplied workbook
HUMAN-V2-INDUSTRIAL-000014,SRC-RAW-F8E0B7E08DAADCB14468,SRC-RAW-F8E0B7E08DAADCB14468,INDUSTRIAL,3,PM10,HUMAN_TOTAL_NOT_REPORTED,generation or final emission total is not numerically observable in the supplied workbook
HUMAN-V2-INDUSTRIAL-000015,SRC-RAW-F8E0B7E08DAADCB14468,SRC-RAW-F8E0B7E08DAADCB14468,INDUSTRIAL,3,PM2.5,HUMAN_TOTAL_NOT_REPORTED,generation or final emission total is not numerically observable in the supplied workbook
HUMAN-V2-INDUSTRIAL-000016,SRC-RAW-F8E0B7E08DAADCB14468,SRC-RAW-F8E0B7E08DAADCB14468,INDUSTRIAL,3,BC,HUMAN_TOTAL_NOT_REPORTED,generation or final emission total is not numerically observable in the supplied workbook
HUMAN-V2-INDUSTRIAL-000017,SRC-RAW-F8E0B7E08DAADCB14468,SRC-RAW-F8E0B7E08DAADCB14468,INDUSTRIAL,3,OC,HUMAN_TOTAL_NOT_REPORTED,generation or final emission total is not numerically observable in the supplied workbook
HUMAN-V2-INDUSTRIAL-000018,SRC-RAW-F8E0B7E08DAADCB14468,SRC-RAW-F8E0B7E08DAADCB14468,INDUSTRIAL,3,NH3,HUMAN_TOTAL_NOT_REPORTED,generation or final emission total is not numerically observable in the supplied workbook
HUMAN-V2-INDUSTRIAL-000019,SRC-RAW-B744EE7E106839022BD3,SRC-RAW-B744EE7E106839022BD3,INDUSTRIAL,4,SO2,HUMAN_TOTAL_NOT_REPORTED,generation or final emission total is not numerically observable in the supplied workbook
HUMAN-V2-INDUSTRIAL-000020,SRC-RAW-B744EE7E106839022BD3,SRC-RAW-B744EE7E106839022BD3,INDUSTRIAL,4,NOx,HUMAN_TOTAL_NOT_REPORTED,generation or final emission total is not numerically observable in the supplied workbook
HUMAN-V2-INDUSTRIAL-000021,SRC-RAW-B744EE7E106839022BD3,SRC-RAW-B744EE7E106839022BD3,INDUSTRIAL,4,CO,HUMAN_TOTAL_NOT_REPORTED,generation or final emission total is not numerically observable in the supplied workbook
HUMAN-V2-INDUSTRIAL-000022,SRC-RAW-B744EE7E106839022BD3,SRC-RAW-B744EE7E106839022BD3,INDUSTRIAL,4,VOC,HUMAN_TOTAL_NOT_REPORTED,generation or final emission total is not numerically observable in the supplied workbook
HUMAN-V2-INDUSTRIAL-000023,SRC-RAW-B744EE7E106839022BD3,SRC-RAW-B744EE7E106839022BD3,INDUSTRIAL,4,PM10,HUMAN_TOTAL_NOT_REPORTED,generation or final emission total is not numerically observable in the supplied workbook
HUMAN-V2-INDUSTRIAL-000024,SRC-RAW-B744EE7E106839022BD3,SRC-RAW-B744EE7E106839022BD3,INDUSTRIAL,4,PM2.5,HUMAN_TOTAL_NOT_REPORTED,generation or final emission total is not numerically observable in the supplied workbook
HUMAN-V2-INDUSTRIAL-000025,SRC-RAW-B744EE7E106839022BD3,SRC-RAW-B744EE7E106839022BD3,INDUSTRIAL,4,BC,HUMAN_TOTAL_NOT_REPORTED,generation or final emission total is not numerically observable in the supplied workbook
HUMAN-V2-INDUSTRIAL-000026,SRC-RAW-B744EE7E106839022BD3,SRC-RAW-B744EE7E106839022BD3,INDUSTRIAL,4,OC,HUMAN_TOTAL_NOT_REPORTED,generation or final emission total is not numerically observable in the supplied workbook
HUMAN-V2-INDUSTRIAL-000027,SRC-RAW-B744EE7E106839022BD3,SRC-RAW-B744EE7E106839022BD3,INDUSTRIAL,4,NH3,HUMAN_TOTAL_NOT_REPORTED,generation or final emission total is not numerically observable in the supplied workbook
HUMAN-V2-INDUSTRIAL-000028,SRC-RAW-FFDFD6FB2EBED4F0B26C,SRC-RAW-FFDFD6FB2EBED4F0B26C,INDUSTRIAL,658,SO2,HUMAN_TOTAL_NOT_REPORTED,generation or final emission total is not numerically observable in the supplied workbook
HUMAN-V2-INDUSTRIAL-000029,SRC-RAW-FFDFD6FB2EBED4F0B26C,SRC-RAW-FFDFD6FB2EBED4F0B26C,INDUSTRIAL,658,VOC,HUMAN_TOTAL_NOT_REPORTED,generation or final emission total is not numerically observable in the supplied workbook
HUMAN-V2-INDUSTRIAL-000030,SRC-RAW-FFDFD6FB2EBED4F0B26C,SRC-RAW-FFDFD6FB2EBED4F0B26C,INDUSTRIAL,658,PM10,HUMAN_TOTAL_NOT_REPORTED,generation or final emission total is not numerically observable in the supplied workbook
HUMAN-V2-INDUSTRIAL-000031,SRC-RAW-FFDFD6FB2EBED4F0B26C,SRC-RAW-FFDFD6FB2EBED4F0B26C,INDUSTRIAL,658,PM2.5,HUMAN_TOTAL_NOT_REPORTED,generation or final emission total is not numerically observable in the supplied workbook
HUMAN-V2-INDUSTRIAL-000032,SRC-RAW-FFDFD6FB2EBED4F0B26C,SRC-RAW-FFDFD6FB2EBED4F0B26C,INDUSTRIAL,658,BC,HUMAN_TOTAL_NOT_REPORTED,generation or final emission total is not numerically observable in the supplied workbook
HUMAN-V2-INDUSTRIAL-000033,SRC-RAW-AD1915D95E18721BD8B7,SRC-RAW-AD1915D95E18721BD8B7,INDUSTRIAL,661,SO2,HUMAN_TOTAL_NOT_REPORTED,generation or final emission total is not numerically observable in the supplied workbook
HUMAN-V2-INDUSTRIAL-000034,SRC-RAW-AD1915D95E18721BD8B7,SRC-RAW-AD1915D95E18721BD8B7,INDUSTRIAL,661,VOC,HUMAN_TOTAL_NOT_REPORTED,generation or final emission total is not numerically observable in the supplied workbook
HUMAN-V2-INDUSTRIAL-000035,SRC-RAW-AD1915D95E18721BD8B7,SRC-RAW-AD1915D95E18721BD8B7,INDUSTRIAL,661,PM10,HUMAN_TOTAL_NOT_REPORTED,generation or final emission total is not numerically observable in the supplied workbook
HUMAN-V2-INDUSTRIAL-000036,SRC-RAW-AD1915D95E18721BD8B7,SRC-RAW-AD1915D95E18721BD8B7,INDUSTRIAL,661,PM2.5,HUMAN_TOTAL_NOT_REPORTED,generation or final emission total is not numerically observable in the supplied workbook
HUMAN-V2-INDUSTRIAL-000037,SRC-RAW-AD1915D95E18721BD8B7,SRC-RAW-AD1915D95E18721BD8B7,INDUSTRIAL,661,BC,HUMAN_TOTAL_NOT_REPORTED,generation or final emission total is not numerically observable in the supplied workbook
HUMAN-V2-INDUSTRIAL-000038,SRC-RAW-004BFF7E05001898F508,SRC-RAW-004BFF7E05001898F508,INDUSTRIAL,669,SO2,HUMAN_TOTAL_NOT_REPORTED,generation or final emission total is not numerically observable in the supplied workbook
HUMAN-V2-INDUSTRIAL-000039,SRC-RAW-004BFF7E05001898F508,SRC-RAW-004BFF7E05001898F508,INDUSTRIAL,669,VOC,HUMAN_TOTAL_NOT_REPORTED,generation or final emission total is not numerically observable in the supplied workbook
HUMAN-V2-INDUSTRIAL-000040,SRC-RAW-004BFF7E05001898F508,SRC-RAW-004BFF7E05001898F508,INDUSTRIAL,669,PM10,HUMAN_TOTAL_NOT_REPORTED,generation or final emission total is not numerically observable in the supplied workbook
HUMAN-V2-INDUSTRIAL-000041,SRC-RAW-004BFF7E05001898F508,SRC-RAW-004BFF7E05001898F508,INDUSTRIAL,669,PM2.5,HUMAN_TOTAL_NOT_REPORTED,generation or final emission total is not numerically observable in the supplied workbook
HUMAN-V2-INDUSTRIAL-000042,SRC-RAW-004BFF7E05001898F508,SRC-RAW-004BFF7E05001898F508,INDUSTRIAL,669,BC,HUMAN_TOTAL_NOT_REPORTED,generation or final emission total is not numerically observable in the supplied workbook
HUMAN-V2-INDUSTRIAL-000043,SRC-RAW-CD2C259D850531B6475F,SRC-RAW-CD2C259D850531B6475F,INDUSTRIAL,670,VOC,HUMAN_TOTAL_NOT_REPORTED,generation or final emission total is not numerically observable in the supplied workbook
HUMAN-V2-INDUSTRIAL-000044,SRC-RAW-CD2C259D850531B6475F,SRC-RAW-CD2C259D850531B6475F,INDUSTRIAL,670,PM10,HUMAN_TOTAL_NOT_REPORTED,generation or final emission total is not numerically observable in the supplied workbook
HUMAN-V2-INDUSTRIAL-000045,SRC-RAW-CD2C259D850531B6475F,SRC-RAW-CD2C259D850531B6475F,INDUSTRIAL,670,PM2.5,HUMAN_TOTAL_NOT_REPORTED,generation or final emission total is not numerically observable in the supplied workbook
HUMAN-V2-INDUSTRIAL-000046,SRC-RAW-CD2C259D850531B6475F,SRC-RAW-CD2C259D850531B6475F,INDUSTRIAL,670,BC,HUMAN_TOTAL_NOT_REPORTED,generation or final emission total is not numerically observable in the supplied workbook
HUMAN-V2-INDUSTRIAL-000047,SRC-RAW-FFC0B973A05AAD3E232F,SRC-RAW-FFC0B973A05AAD3E232F,INDUSTRIAL,677,VOC,HUMAN_TOTAL_NOT_REPORTED,generation or final emission total is not numerically observable in the supplied workbook
HUMAN-V2-INDUSTRIAL-000048,SRC-RAW-FFC0B973A05AAD3E232F,SRC-RAW-FFC0B973A05AAD3E232F,INDUSTRIAL,677,PM10,HUMAN_TOTAL_NOT_REPORTED,generation or final emission total is not numerically observable in the supplied workbook
HUMAN-V2-INDUSTRIAL-000049,SRC-RAW-FFC0B973A05AAD3E232F,SRC-RAW-FFC0B973A05AAD3E232F,INDUSTRIAL,677,PM2.5,HUMAN_TOTAL_NOT_REPORTED,generation or final emission total is not numerically observable in the supplied workbook
HUMAN-V2-INDUSTRIAL-000050,SRC-RAW-FFC0B973A05AAD3E232F,SRC-RAW-FFC0B973A05AAD3E232F,INDUSTRIAL,677,BC,HUMAN_TOTAL_NOT_REPORTED,generation or final emission total is not numerically observable in the supplied workbook
HUMAN-V2-INDUSTRIAL-000051,SRC-RAW-3800BC369678EA2296B8,SRC-RAW-3800BC369678EA2296B8,INDUSTRIAL,679,VOC,HUMAN_TOTAL_NOT_REPORTED,generation or final emission total is not numerically observable in the supplied workbook
HUMAN-V2-INDUSTRIAL-000052,SRC-RAW-3800BC369678EA2296B8,SRC-RAW-3800BC369678EA2296B8,INDUSTRIAL,679,PM10,HUMAN_TOTAL_NOT_REPORTED,generation or final emission total is not numerically observable in the supplied workbook
HUMAN-V2-INDUSTRIAL-000053,SRC-RAW-3800BC369678EA2296B8,SRC-RAW-3800BC369678EA2296B8,INDUSTRIAL,679,PM2.5,HUMAN_TOTAL_NOT_REPORTED,generation or final emission total is not numerically observable in the supplied workbook
HUMAN-V2-INDUSTRIAL-000054,SRC-RAW-3800BC369678EA2296B8,SRC-RAW-3800BC369678EA2296B8,INDUSTRIAL,679,BC,HUMAN_TOTAL_NOT_REPORTED,generation or final emission total is not numerically observable in the supplied workbook
