run_id,method,source_class,source_id,entity_id,expected_root,predicted_roots,root_recalled,targeted_success,false_alarm,missing_pollutants,complete_output,normal_disposition_success
EW-B2-IND,expert_led,INDUSTRIAL,SRC-RAW-35208EA8F9C5B0CA67BD,CREDIT-FBC2608944DF,ACTIVITY_MISSING,"[""ACTIVITY_MISSING""]",1,0,1,[],1,0
EW-B2-IND,expert_led,INDUSTRIAL,SRC-RAW-D72961D02D38D2C405BB,CREDIT-447D90B3B688,ACTIVITY_MISSING,"[""ACTIVITY_MISSING""]",1,0,1,[],1,0
EW-B2-IND,expert_led,INDUSTRIAL,SRC-RAW-7E2B91F4BB3B2C1B3958,CREDIT-966EE6F73DF3,HARD_CONSTRAINT_CONFLICT,"[""HARD_CONSTRAINT_CONFLICT""]",1,0,1,[],1,0
EW-B2-IND,expert_led,INDUSTRIAL,SRC-RAW-97675F7EB454C52FE916,CREDIT-C36AADDB2C0B,ACTIVITY_MISSING,"[""ACTIVITY_MISSING""]",1,1,1,[],1,0
EW-B2-IND,expert_led,INDUSTRIAL,SRC-RAW-E7AD12EAC6533209A11F,CREDIT-C140A95AA36E,HARD_CONSTRAINT_CONFLICT,"[""HARD_CONSTRAINT_CONFLICT""]",1,0,1,[],1,0
EW-B2-IND,expert_led,INDUSTRIAL,SRC-RAW-7ED9A502BB20460932A2,CREDIT-44CEAD46AA56,NO_ANOMALY,[],0,0,0,[],1,0
EW-B2-IND,expert_led,INDUSTRIAL,SRC-RAW-F89F40B64DF2F0AADAAE,CREDIT-299E28121709,SOURCE_RELATION_MISSING,"[""SOURCE_RELATION_MISSING""]",1,0,1,[],1,0
EW-B2-IND,expert_led,INDUSTRIAL,SRC-RAW-0D9DD3060792EFD6DCC9,CREDIT-0A9976E116E6,ACTIVITY_MISSING,"[""ACTIVITY_MISSING""]",1,0,1,[],1,0
EW-B2-IND,expert_led,INDUSTRIAL,SRC-RAW-564588A54363D164F11E,CREDIT-5F34D8184CBD,NO_ANOMALY,[],0,0,0,[],1,0
EW-B2-IND,expert_led,INDUSTRIAL,SRC-RAW-82A69BFE33CB1705DF62,CREDIT-044CF5B9803D,ACTIVITY_MISSING,"[""ACTIVITY_MISSING""]",1,0,1,[],1,0
EW-B2-IND,expert_led,INDUSTRIAL,SRC-RAW-C4E7E8F8DBFE20599C8A,CREDIT-0A13C1CB2113,SOURCE_RELATION_MISSING,"[""SOURCE_RELATION_MISSING""]",1,0,1,[],1,0
EW-B2-IND,expert_led,INDUSTRIAL,SRC-RAW-17F0CE77DDF2DB73048F,CREDIT-59AF572C1243,NO_ANOMALY,[],0,0,0,[],1,0
EW-B2-IND,expert_led,INDUSTRIAL,SRC-RAW-4F420B79A47B053BE6A6,CREDIT-8005F319315E,HARD_CONSTRAINT_CONFLICT,"[""HARD_CONSTRAINT_CONFLICT""]",1,0,1,[],1,0
EW-B2-IND,expert_led,INDUSTRIAL,SRC-RAW-CCE518507FE244F9AEB5,CREDIT-0105B67CEBF6,ACTIVITY_MISSING,"[""ACTIVITY_MISSING""]",1,0,1,[],1,0
EW-B2-IND,expert_led,INDUSTRIAL,SRC-RAW-63F031CD40C62D3287CF,CREDIT-CB796FFD83E3,ACTIVITY_MISSING,"[""ACTIVITY_MISSING""]",1,0,1,[],1,0
EW-B2-IND,expert_led,INDUSTRIAL,SRC-RAW-B152217274B981D7682E,CREDIT-FE287314A8C8,HARD_CONSTRAINT_CONFLICT,"[""HARD_CONSTRAINT_CONFLICT""]",1,0,1,[],1,0
EW-B2-IND,expert_led,INDUSTRIAL,SRC-RAW-CB701FE9286B19093C1E,CREDIT-4237D7C1D69E,NO_ANOMALY,[],0,0,0,[],1,0
EW-B2-IND,expert_led,INDUSTRIAL,SRC-RAW-C987D33C42422706B4EA,CREDIT-C94BC3AD73C8,NO_ANOMALY,[],0,0,0,[],1,0
EW-B2-IND,expert_led,INDUSTRIAL,SRC-RAW-797DB6F7DB6C9B013B0A,CREDIT-A18103ED70E1,SOURCE_RELATION_MISSING,"[""SOURCE_RELATION_MISSING""]",1,0,1,[],1,0
EW-B2-IND,expert_led,INDUSTRIAL,SRC-RAW-4880CD5B2EA2B603D99E,CREDIT-E6998F7182D8,ACTIVITY_MISSING,"[""ACTIVITY_MISSING""]",1,0,1,[],1,0
EW-B2-IND,expert_led,INDUSTRIAL,SRC-RAW-4ABBE497E6EBE2A6F389,CREDIT-4C9CAD40A679,HARD_CONSTRAINT_CONFLICT,"[""HARD_CONSTRAINT_CONFLICT""]",1,0,1,[],1,0
EW-B2-IND,expert_led,INDUSTRIAL,SRC-RAW-EA79F4213507545820A8,CREDIT-2753EC9972FA,NO_ANOMALY,"[""POLLUTANT_PARAMETER_MISSING"", ""SOURCE_RELATION_MISSING""]",0,0,1,[],1,0
EW-B2-IND,expert_led,INDUSTRIAL,SRC-RAW-9B0578EC7CE3DAB0320B,CREDIT-31989E04E318,ACTIVITY_MISSING,"[""ACTIVITY_MISSING""]",1,0,1,[],1,0
EW-B2-IND,expert_led,INDUSTRIAL,SRC-RAW-85EB7547404649F7F630,CREDIT-796CC5E6B914,SOURCE_RELATION_MISSING,"[""SOURCE_RELATION_MISSING""]",1,0,1,[],1,0
EW-B2-IND,expert_led,INDUSTRIAL,SRC-RAW-4248A114C7924AE1380B,CREDIT-E9BCA2D25B29,ACTIVITY_MISSING,"[""ACTIVITY_MISSING""]",1,0,1,[],1,0
EW-B2-IND,expert_led,INDUSTRIAL,SRC-RAW-551B2BE709200BB5AE24,CREDIT-5D6278A63B5F,SOURCE_RELATION_MISSING,"[""SOURCE_RELATION_MISSING""]",1,0,1,[],1,0
EW-B2-IND,expert_led,INDUSTRIAL,SRC-RAW-E7FA2F2E4EE3BB4ACA6F,CREDIT-FF60CDFC212F,ACTIVITY_MISSING,"[""ACTIVITY_MISSING""]",1,0,1,[],1,0
EW-B2-IND,expert_led,INDUSTRIAL,SRC-RAW-A936F87CD7EE449FD4C2,CREDIT-CAC44CEF703C,NO_ANOMALY,[],0,0,0,[],1,0
EW-B2-IND,expert_led,INDUSTRIAL,SRC-RAW-1C699A2B91620E9EC767,CREDIT-3F4D6A658562,SOURCE_RELATION_MISSING,"[""SOURCE_RELATION_MISSING""]",1,0,1,[],1,0
EW-B2-IND,expert_led,INDUSTRIAL,SRC-RAW-5D4535C299E833FE4746,CREDIT-1DB20D8D7006,SOURCE_RELATION_MISSING,"[""SOURCE_RELATION_MISSING""]",1,0,1,[],1,0
EW-B2-IND,expert_led,INDUSTRIAL,SRC-RAW-478EECAEF6262579E02C,ORG-757FCC951947,NO_ANOMALY,[],0,0,0,"[""SO2"", ""NOx"", ""CO"", ""VOC"", ""PM10"", ""PM2.5"", ""BC"", ""OC"", ""NH3""]",0,0
EW-B2-IND,expert_led,INDUSTRIAL,SRC-RAW-004BFF7E05001898F508,CREDIT-0956D91ED84D,POLLUTANT_PARAMETER_MISSING,"[""POLLUTANT_PARAMETER_MISSING"", ""SOURCE_RELATION_MISSING""]",1,0,1,[],1,0
EW-B2-IND,expert_led,INDUSTRIAL,SRC-RAW-3E261CA80C79093305DB,CREDIT-0BF8D139EC91,NO_ANOMALY,[],0,0,0,[],1,0
EW-B2-IND,expert_led,INDUSTRIAL,SRC-RAW-FFC0B973A05AAD3E232F,ORG-39D281780ACA,POLLUTANT_PARAMETER_MISSING,"[""POLLUTANT_PARAMETER_MISSING""]",1,0,1,[],1,0
EW-B2-IND,expert_led,INDUSTRIAL,SRC-RAW-A18EB4EE4009D36F1387,CREDIT-6365ADAE7EB8,HARD_CONSTRAINT_CONFLICT,"[""HARD_CONSTRAINT_CONFLICT"", ""POLLUTANT_PARAMETER_MISSING""]",1,0,1,[],1,0
EW-B2-IND,expert_led,INDUSTRIAL,SRC-RAW-CD15108C8EA51EEDE9C5,CREDIT-A7ED9F7474B3,ACTIVITY_MISSING,"[""ACTIVITY_MISSING""]",1,0,1,[],1,0
EW-B2-IND,expert_led,INDUSTRIAL,SRC-RAW-36EB95264EB3DBF868F1,CREDIT-487653B7E0D7,NO_ANOMALY,"[""POLLUTANT_PARAMETER_MISSING"", ""SOURCE_RELATION_MISSING""]",0,0,1,[],1,0
EW-B2-IND,expert_led,INDUSTRIAL,SRC-RAW-563FE7E5683312E85594,CREDIT-2359A7BCFF07,SOURCE_RELATION_MISSING,"[""SOURCE_RELATION_MISSING""]",1,0,1,[],1,0
EW-B2-IND,expert_led,INDUSTRIAL,SRC-RAW-5CC797637451E5BFB75D,CREDIT-76EFE1890FA9,NO_ANOMALY,[],0,0,0,[],1,0
EW-B2-IND,expert_led,INDUSTRIAL,SRC-RAW-7C18C254776E7C627507,CREDIT-8C2A072733A6,SOURCE_RELATION_MISSING,"[""SOURCE_RELATION_MISSING""]",1,0,1,[],1,0
EW-B2-IND,expert_led,INDUSTRIAL,SRC-RAW-06A0D517678266881D8A,CREDIT-87342A27F42B,HARD_CONSTRAINT_CONFLICT,"[""HARD_CONSTRAINT_CONFLICT""]",1,0,1,[],1,0
EW-B2-IND,expert_led,INDUSTRIAL,SRC-RAW-201725EEAC6A04980D8B,CREDIT-56496CB14CB1,SOURCE_RELATION_MISSING,"[""SOURCE_RELATION_MISSING""]",1,0,1,[],1,0
EW-B2-IND,expert_led,INDUSTRIAL,SRC-RAW-B518FF1EA69E2BCC20B6,CREDIT-7AB63E1C98E7,SOURCE_RELATION_MISSING,"[""SOURCE_RELATION_MISSING""]",1,0,1,[],1,0
EW-B2-IND,expert_led,INDUSTRIAL,SRC-RAW-2A1617483E6B435AD365,CREDIT-9413B96F0674,SOURCE_RELATION_MISSING,"[""SOURCE_RELATION_MISSING""]",1,0,1,[],1,0
EW-B2-IND,expert_led,INDUSTRIAL,SRC-RAW-2EEB2C44E7BB0C062FD1,CREDIT-9ED985E1D3D6,SOURCE_RELATION_MISSING,"[""SOURCE_RELATION_MISSING""]",1,0,1,[],1,0
EW-B2-IND,expert_led,INDUSTRIAL,SRC-RAW-DD5BF76F8B881D1D2AB7,CREDIT-9E9EF311E578,HARD_CONSTRAINT_CONFLICT,"[""HARD_CONSTRAINT_CONFLICT""]",1,0,1,[],1,0
EW-B2-IND,expert_led,INDUSTRIAL,SRC-RAW-652A3588E0500FA7EDEE,CREDIT-20AB7B7C5CA2,NO_ANOMALY,[],0,0,0,[],1,0
EW-B2-IND,expert_led,INDUSTRIAL,SRC-RAW-E8D8A4F112B9DBDBA700,CREDIT-91DF3AA49B10,POLLUTANT_PARAMETER_MISSING,"[""POLLUTANT_PARAMETER_MISSING""]",1,0,1,[],1,0
EW-B2-IND,expert_led,INDUSTRIAL,SRC-RAW-4F35FA7A746C938FC50F,CREDIT-F8F936852C6C,POLLUTANT_PARAMETER_MISSING,"[""POLLUTANT_PARAMETER_MISSING"", ""SOURCE_RELATION_MISSING""]",1,0,1,[],1,0
EW-B2-IND,expert_led,INDUSTRIAL,SRC-RAW-5A611CB426E8DD7E653A,CREDIT-0D6E3A6A231C,POLLUTANT_PARAMETER_MISSING,"[""POLLUTANT_PARAMETER_MISSING"", ""SOURCE_RELATION_MISSING""]",1,0,1,[],1,0
EW-B2-IND,expert_led,INDUSTRIAL,SRC-RAW-E1CA90AF5B1138F2A52A,CREDIT-D5C94B0AE863,POLLUTANT_PARAMETER_MISSING,"[""POLLUTANT_PARAMETER_MISSING""]",1,0,1,[],1,0
EW-B2-IND,expert_led,INDUSTRIAL,SRC-RAW-D0E1D7D809221865179F,CREDIT-67AA8B8F98AA,POLLUTANT_PARAMETER_MISSING,"[""POLLUTANT_PARAMETER_MISSING"", ""SOURCE_RELATION_MISSING""]",1,0,1,[],1,0
EW-B2-IND,expert_led,INDUSTRIAL,SRC-RAW-319B59F0E3FA468CF32C,CREDIT-1086C39E43B5,SOURCE_RELATION_MISSING,"[""SOURCE_RELATION_MISSING""]",1,0,1,[],1,0
EW-B2-IND,expert_led,INDUSTRIAL,SRC-RAW-D49A1A8E12625C6BC476,CREDIT-D0ADF520F639,SOURCE_RELATION_MISSING,"[""SOURCE_RELATION_MISSING""]",1,0,1,[],1,0
EW-B2-IND,expert_led,INDUSTRIAL,SRC-RAW-1D5A2A9997909A9AC9A5,CREDIT-E73C8700B52C,ACTIVITY_MISSING,"[""ACTIVITY_MISSING""]",1,0,1,[],1,0
EW-B2-IND,expert_led,INDUSTRIAL,SRC-RAW-D8B4E7533B4C1AB139ED,CREDIT-D4D9682380CD,SOURCE_RELATION_MISSING,"[""SOURCE_RELATION_MISSING""]",1,0,1,[],1,0
EW-B2-IND,expert_led,INDUSTRIAL,SRC-RAW-2D406E5AB95E077719F3,CREDIT-2241900189B7,ACTIVITY_MISSING,"[""ACTIVITY_MISSING""]",1,0,1,[],1,0
EW-B2-IND,expert_led,INDUSTRIAL,SRC-RAW-92442C59C2F1C80173E1,CREDIT-B86364AE40E7,HARD_CONSTRAINT_CONFLICT,"[""HARD_CONSTRAINT_CONFLICT""]",1,0,1,[],1,0
EW-B2-IND,expert_led,INDUSTRIAL,SRC-RAW-27B2789BD4E5E6793CAF,CREDIT-F65D97A3D48F,NO_ANOMALY,[],0,0,0,[],1,0
EW-B2-IND,expert_led,INDUSTRIAL,SRC-RAW-E439E31370E82A8C4479,CREDIT-8BE42A7A8778,SOURCE_RELATION_MISSING,"[""SOURCE_RELATION_MISSING""]",1,0,1,[],1,0
EW-B2-IND,expert_led,INDUSTRIAL,SRC-RAW-C4AEFE686257B0C11D20,CREDIT-E066D177674D,ACTIVITY_MISSING,"[""ACTIVITY_MISSING""]",1,0,1,[],1,0
EW-B2-IND,expert_led,INDUSTRIAL,SRC-RAW-82834F0C3BCA38A437C5,CREDIT-4A90223E882E,HARD_CONSTRAINT_CONFLICT,"[""HARD_CONSTRAINT_CONFLICT""]",1,0,1,[],1,0
EW-B2-IND,expert_led,INDUSTRIAL,SRC-RAW-993FC1CD7B61FE3F6408,CREDIT-080BC16E5C6D,NO_ANOMALY,[],0,0,0,[],1,0
EW-B2-IND,expert_led,INDUSTRIAL,SRC-RAW-13544BB87A2F5434234E,CREDIT-69043CF5C812,POLLUTANT_PARAMETER_MISSING,[],0,0,0,"[""SO2"", ""NOx"", ""CO"", ""VOC"", ""PM10"", ""PM2.5"", ""BC"", ""OC"", ""NH3""]",0,0
EW-B2-IND,expert_led,INDUSTRIAL,SRC-RAW-41935EB2B0FDC4B537ED,CREDIT-E01D794E814D,NO_ANOMALY,[],0,0,0,[],1,0
EW-B2-IND,expert_led,INDUSTRIAL,SRC-RAW-FF2CA474B2EBF11D59B5,CREDIT-1516AB705D9A,ACTIVITY_MISSING,"[""ACTIVITY_MISSING""]",1,0,1,[],1,0
EW-B2-IND,expert_led,INDUSTRIAL,SRC-RAW-6147EA62C936E92F312B,CREDIT-2281F789F940,ACTIVITY_MISSING,"[""ACTIVITY_MISSING""]",1,0,1,[],1,0
EW-B2-IND,expert_led,INDUSTRIAL,SRC-RAW-3C66CE171DD7B9908EA4,CREDIT-DCBF0BA636F1,ACTIVITY_MISSING,"[""ACTIVITY_MISSING""]",1,0,1,[],1,0
EW-B2-IND,expert_led,INDUSTRIAL,SRC-RAW-B52E69542AA024FB033C,CREDIT-45812BC6D8E4,NO_ANOMALY,[],0,0,0,[],1,0
EW-B2-IND,expert_led,INDUSTRIAL,SRC-RAW-8AEEFC80B8EB291555FC,CREDIT-F111C42C328D,NO_ANOMALY,[],0,0,0,[],1,0
EW-B2-IND,expert_led,INDUSTRIAL,SRC-RAW-BDC14746E817D5C02C2C,CREDIT-B7B120BBA83C,NO_ANOMALY,[],0,0,0,[],1,0
EW-B2-IND,expert_led,INDUSTRIAL,SRC-RAW-3CCA598CC2D59E595061,CREDIT-1C4FE904498D,POLLUTANT_PARAMETER_MISSING,"[""POLLUTANT_PARAMETER_MISSING""]",1,0,1,[],1,0
EW-B2-IND,expert_led,INDUSTRIAL,SRC-RAW-8BCC5FE3ED084801AAC7,CREDIT-E0234FBFB7AA,NO_ANOMALY,[],0,0,0,[],1,0
EW-B2-IND,expert_led,INDUSTRIAL,SRC-RAW-77D2B10D19D5DCC9A822,CREDIT-54AB47E3787C,POLLUTANT_PARAMETER_MISSING,"[""POLLUTANT_PARAMETER_MISSING"", ""SOURCE_RELATION_MISSING""]",1,0,1,[],1,0
EW-B2-IND,expert_led,INDUSTRIAL,SRC-RAW-ADCE96FA518532E338E5,CREDIT-CFB346761457,SOURCE_RELATION_MISSING,"[""SOURCE_RELATION_MISSING""]",1,0,1,[],1,0
EW-B2-IND,expert_led,INDUSTRIAL,SRC-RAW-77D0CCE89B7914A2DE34,CREDIT-139820A34E4D,NO_ANOMALY,[],0,0,0,[],1,0
EW-B2-IND,expert_led,INDUSTRIAL,SRC-RAW-8CE512C8B4FACD053782,CREDIT-ECEA48EBFD0D,SOURCE_RELATION_MISSING,"[""POLLUTANT_PARAMETER_MISSING"", ""SOURCE_RELATION_MISSING""]",1,0,1,[],1,0
EW-B2-IND,expert_led,INDUSTRIAL,SRC-RAW-E24365638847DEF91189,CREDIT-751674922A3D,HARD_CONSTRAINT_CONFLICT,"[""HARD_CONSTRAINT_CONFLICT""]",1,0,1,[],1,0
EW-B2-IND,expert_led,INDUSTRIAL,SRC-RAW-171B4F8B4253BBABBACF,CREDIT-4A0E5721222E,ACTIVITY_MISSING,"[""ACTIVITY_MISSING""]",1,0,1,[],1,0
EW-B2-IND,expert_led,INDUSTRIAL,SRC-RAW-FB0B53424CA4277ACE07,CREDIT-AA822AC4C545,HARD_CONSTRAINT_CONFLICT,"[""HARD_CONSTRAINT_CONFLICT""]",1,0,1,[],1,0
EW-B2-IND,expert_led,INDUSTRIAL,SRC-RAW-083742D4619F0C028C7D,CREDIT-33EB8DE6929B,NO_ANOMALY,[],0,0,0,[],1,0
EW-B2-IND,expert_led,INDUSTRIAL,SRC-RAW-7DBE01C27DD6A6E57824,CREDIT-0B40BBB8B1FE,NO_ANOMALY,[],0,0,0,[],1,0
EW-B2-IND,expert_led,INDUSTRIAL,SRC-RAW-F3DCA78AB697EBC44263,CREDIT-34EF580B1F14,SOURCE_RELATION_MISSING,"[""SOURCE_RELATION_MISSING""]",1,0,1,[],1,0
EW-B2-IND,expert_led,INDUSTRIAL,SRC-RAW-31C60B4B843403B97C6A,CREDIT-4A1799688987,ACTIVITY_MISSING,"[""ACTIVITY_MISSING""]",1,0,1,[],1,0
EW-B2-IND,expert_led,INDUSTRIAL,SRC-RAW-DFDCF5531376A9578B84,CREDIT-0BBE602C115F,NO_ANOMALY,[],0,0,0,[],1,0
EW-B2-IND,expert_led,INDUSTRIAL,SRC-RAW-6D3E3B7DED9374C6CCAF,CREDIT-CF790C3BD24F,POLLUTANT_PARAMETER_MISSING,"[""POLLUTANT_PARAMETER_MISSING""]",1,0,1,[],1,0
EW-B2-IND,expert_led,INDUSTRIAL,SRC-RAW-CC42DD79319D5D4DF6AD,CREDIT-74A4564F5B40,NO_ANOMALY,[],0,0,0,[],1,0
EW-B2-IND,expert_led,INDUSTRIAL,SRC-RAW-73AFD237AF021A9DBA1A,ORG-9BB4CBD01C4D,HARD_CONSTRAINT_CONFLICT,"[""HARD_CONSTRAINT_CONFLICT""]",1,0,1,[],1,0
EW-B2-IND,expert_led,INDUSTRIAL,SRC-RAW-02C3AD7C6A1E4CD731A5,CREDIT-791A3ECC44CE,POLLUTANT_PARAMETER_MISSING,"[""POLLUTANT_PARAMETER_MISSING"", ""SOURCE_RELATION_MISSING""]",1,0,1,[],1,0
EW-B2-IND,expert_led,INDUSTRIAL,SRC-RAW-94BE44414A86E0BA753A,CREDIT-AC271D4026D1,POLLUTANT_PARAMETER_MISSING,"[""POLLUTANT_PARAMETER_MISSING"", ""SOURCE_RELATION_MISSING""]",1,0,1,[],1,0
EW-B2-IND,expert_led,INDUSTRIAL,SRC-RAW-A4FDF150A128909BE0BD,CREDIT-3C5EB2958C2D,POLLUTANT_PARAMETER_MISSING,"[""POLLUTANT_PARAMETER_MISSING"", ""SOURCE_RELATION_MISSING""]",1,0,1,[],1,0
EW-B2-IND,expert_led,INDUSTRIAL,SRC-RAW-06769CDAB42CB73FDF17,CREDIT-844EFA1905EA,POLLUTANT_PARAMETER_MISSING,"[""POLLUTANT_PARAMETER_MISSING""]",1,0,1,[],1,0
EW-B2-IND,expert_led,INDUSTRIAL,SRC-RAW-B7015BF8E4E8C57DF23D,CREDIT-5057BF5CE38D,ACTIVITY_MISSING,"[""ACTIVITY_MISSING""]",1,0,1,[],1,0
EW-B2-IND,expert_led,INDUSTRIAL,SRC-RAW-65C2D043B08F22E2A5E5,CREDIT-A42DE48BEDC8,SOURCE_RELATION_MISSING,"[""SOURCE_RELATION_MISSING""]",1,0,1,[],1,0
EW-B2-IND,expert_led,INDUSTRIAL,SRC-RAW-656E666C8C582E479170,CREDIT-19AAD1F80FD2,HARD_CONSTRAINT_CONFLICT,"[""HARD_CONSTRAINT_CONFLICT""]",1,0,1,[],1,0
EW-B2-IND,expert_led,INDUSTRIAL,SRC-RAW-9EC1B6359222B8DC4E10,CREDIT-F54B0BE13A04,NO_ANOMALY,"[""POLLUTANT_PARAMETER_MISSING""]",0,0,1,[],1,0
EW-B2-IND,expert_led,INDUSTRIAL,SRC-RAW-7F81904F368FD1C2F9F1,CREDIT-A2F01F967A17,ACTIVITY_MISSING,"[""ACTIVITY_MISSING""]",1,0,1,[],1,0
EW-B2-IND,expert_led,INDUSTRIAL,SRC-RAW-C885B9F0BBEA30995969,CREDIT-87576DD9FEB2,ACTIVITY_MISSING,"[""ACTIVITY_MISSING""]",1,0,1,[],1,0
EW-B2-IND,expert_led,INDUSTRIAL,SRC-RAW-B470895EC043FDFFA8CD,CREDIT-641402187DA1,HARD_CONSTRAINT_CONFLICT,"[""HARD_CONSTRAINT_CONFLICT""]",1,0,1,[],1,0
EW-B2-IND,expert_led,INDUSTRIAL,SRC-RAW-0316307F0CE6EA792698,CREDIT-87DDB1020458,HARD_CONSTRAINT_CONFLICT,"[""HARD_CONSTRAINT_CONFLICT""]",1,0,1,[],1,0
EW-B2-IND,expert_led,INDUSTRIAL,SRC-RAW-55EB92331A8A3C5CC243,CREDIT-7BDE1A6D3546,SOURCE_RELATION_MISSING,"[""SOURCE_RELATION_MISSING""]",1,0,1,[],1,0
EW-B2-IND,expert_led,INDUSTRIAL,SRC-RAW-53939DA90DE9795ACF87,CREDIT-4EE4C51DFCD9,HARD_CONSTRAINT_CONFLICT,"[""HARD_CONSTRAINT_CONFLICT""]",1,0,1,[],1,0
EW-B2-IND,expert_led,INDUSTRIAL,SRC-RAW-F1E3277CC2B3CFF211F1,CREDIT-D0D1F116E31E,POLLUTANT_PARAMETER_MISSING,"[""POLLUTANT_PARAMETER_MISSING"", ""SOURCE_RELATION_MISSING""]",1,0,1,[],1,0
EW-B2-IND,expert_led,INDUSTRIAL,SRC-RAW-9D2D3CCEFBE2883FB563,CREDIT-ADFFF84B5394,HARD_CONSTRAINT_CONFLICT,"[""HARD_CONSTRAINT_CONFLICT""]",1,0,1,[],1,0
EW-B2-IND,expert_led,INDUSTRIAL,SRC-RAW-54FCEBC1A0E7EFF2B073,CREDIT-68D0DD692A01,HARD_CONSTRAINT_CONFLICT,"[""HARD_CONSTRAINT_CONFLICT""]",1,0,1,[],1,0
EW-B2-IND,expert_led,INDUSTRIAL,SRC-RAW-7DFFD694C7B5B4F656CF,CREDIT-3553F47DEB0A,ACTIVITY_MISSING,[],0,0,0,"[""SO2"", ""NOx"", ""CO"", ""VOC"", ""PM10"", ""PM2.5"", ""BC"", ""OC"", ""NH3""]",0,0
EW-B2-IND,expert_led,INDUSTRIAL,SRC-RAW-FF35FCD5B7C97FCA5DA2,CREDIT-BC0139993EDC,POLLUTANT_PARAMETER_MISSING,"[""POLLUTANT_PARAMETER_MISSING""]",1,0,1,[],1,0
EW-B2-IND,expert_led,INDUSTRIAL,SRC-RAW-06559C1528FD9583174C,CREDIT-CA2B1C7D128F,POLLUTANT_PARAMETER_MISSING,"[""POLLUTANT_PARAMETER_MISSING""]",1,0,1,[],1,0
EW-B2-IND,expert_led,INDUSTRIAL,SRC-RAW-8BA6C0021F1DACE6673F,CREDIT-A454564422BF,SOURCE_RELATION_MISSING,[],0,0,0,"[""SO2"", ""NOx"", ""CO"", ""VOC"", ""PM10"", ""PM2.5"", ""BC"", ""OC"", ""NH3""]",0,0
EW-B2-IND,expert_led,INDUSTRIAL,SRC-RAW-B1F1C1E743C912A9F498,CREDIT-7602E6C133DA,SOURCE_RELATION_MISSING,"[""SOURCE_RELATION_MISSING""]",1,0,1,[],1,0
EW-B2-IND,expert_led,INDUSTRIAL,SRC-RAW-AF828E9FE765DD8EDEB2,CREDIT-C8C14C480687,ACTIVITY_MISSING,"[""ACTIVITY_MISSING""]",1,0,1,[],1,0
EW-B2-IND,expert_led,INDUSTRIAL,SRC-RAW-160282C53287E4BC8DD3,CREDIT-0BBFADD97E4A,POLLUTANT_PARAMETER_MISSING,"[""POLLUTANT_PARAMETER_MISSING"", ""SOURCE_RELATION_MISSING""]",1,0,1,[],1,0
EW-B2-IND,expert_led,INDUSTRIAL,SRC-RAW-D7B908699C56CDB87422,CREDIT-7004414E1AE3,SOURCE_RELATION_MISSING,"[""SOURCE_RELATION_MISSING""]",1,0,1,[],1,0
EW-B2-IND,expert_led,INDUSTRIAL,SRC-RAW-555AC0E83B21D681E350,CREDIT-DC08916C1DD8,POLLUTANT_PARAMETER_MISSING,"[""POLLUTANT_PARAMETER_MISSING""]",1,0,1,[],1,0
EW-B2-IND,expert_led,INDUSTRIAL,SRC-RAW-0490BAAC3E02B5F1FC22,CREDIT-81F98E3A7CC8,HARD_CONSTRAINT_CONFLICT,"[""HARD_CONSTRAINT_CONFLICT""]",1,0,1,[],1,0
EW-B2-IND,expert_led,INDUSTRIAL,SRC-RAW-566D22952252E2C6F352,CREDIT-6A639DC194CF,POLLUTANT_PARAMETER_MISSING,"[""POLLUTANT_PARAMETER_MISSING""]",1,0,1,[],1,0
EW-B2-IND,expert_led,INDUSTRIAL,SRC-RAW-91620BE2B44685C1C55F,CREDIT-F533181CB126,POLLUTANT_PARAMETER_MISSING,"[""POLLUTANT_PARAMETER_MISSING""]",1,0,1,[],1,0
EW-B2-IND,expert_led,INDUSTRIAL,SRC-RAW-F23D2AF8B938FF62D7A6,CREDIT-FE414EEDA581,POLLUTANT_PARAMETER_MISSING,"[""POLLUTANT_PARAMETER_MISSING"", ""SOURCE_RELATION_MISSING""]",1,0,1,[],1,0
EW-B2-IND,expert_led,INDUSTRIAL,SRC-RAW-9E084D0AE14ED7F886A8,CREDIT-BB3BE908FAE8,POLLUTANT_PARAMETER_MISSING,"[""POLLUTANT_PARAMETER_MISSING""]",1,0,1,[],1,0
EW-B2-IND,expert_led,INDUSTRIAL,SRC-RAW-87578CAEC97445C564A8,CREDIT-C3CCDC1FCD9B,SOURCE_RELATION_MISSING,"[""SOURCE_RELATION_MISSING""]",1,0,1,[],1,0
EW-B2-IND,expert_led,INDUSTRIAL,SRC-RAW-CEBAE2307CD4E4D7099A,CREDIT-F07351832679,HARD_CONSTRAINT_CONFLICT,"[""HARD_CONSTRAINT_CONFLICT"", ""POLLUTANT_PARAMETER_MISSING"", ""SOURCE_RELATION_MISSING""]",1,0,1,[],1,0
EW-B2-IND,expert_led,INDUSTRIAL,SRC-RAW-F26DD5520139A9036BB9,ORG-1241FA434A03,NO_ANOMALY,[],0,0,0,[],1,0
EW-B2-IND,expert_led,INDUSTRIAL,SRC-RAW-465280863FDBD33A756B,CREDIT-B3D79CFE10F5,SOURCE_RELATION_MISSING,"[""SOURCE_RELATION_MISSING""]",1,0,1,[],1,0
EW-B2-IND,expert_led,INDUSTRIAL,SRC-RAW-72F2D15451D076CE901E,CREDIT-48195EC49164,NO_ANOMALY,[],0,0,0,[],1,0
EW-B2-IND,expert_led,INDUSTRIAL,SRC-RAW-99C17FAB24F58C7B2A71,CREDIT-2666BC05CEB8,SOURCE_RELATION_MISSING,"[""SOURCE_RELATION_MISSING""]",1,0,1,[],1,0
EW-B2-IND,expert_led,INDUSTRIAL,SRC-RAW-4CC9B6F0014074EA489E,CREDIT-B13E9DA6B999,NO_ANOMALY,[],0,0,0,[],1,0
EW-B2-IND,expert_led,INDUSTRIAL,SRC-RAW-09AA23D362DAC9EF822E,CREDIT-5AE700BA223C,SOURCE_RELATION_MISSING,"[""SOURCE_RELATION_MISSING""]",1,0,1,[],1,0
EW-B2-IND,expert_led,INDUSTRIAL,SRC-RAW-2C29C9AFF9161F262262,CREDIT-E629E6EF7D2A,HARD_CONSTRAINT_CONFLICT,"[""HARD_CONSTRAINT_CONFLICT""]",1,0,1,[],1,0
EW-B2-IND,expert_led,INDUSTRIAL,SRC-RAW-C22CC8C49ECC35F50D9B,ORG-CEACD787F3CE,HARD_CONSTRAINT_CONFLICT,"[""HARD_CONSTRAINT_CONFLICT"", ""POLLUTANT_PARAMETER_MISSING""]",1,0,1,[],1,0
EW-B2-IND,expert_led,INDUSTRIAL,SRC-RAW-E906ED14C8B1A69F8B60,CREDIT-13CFBE9AC0F5,ACTIVITY_MISSING,"[""ACTIVITY_MISSING""]",1,0,1,[],1,0
EW-B2-IND,expert_led,INDUSTRIAL,SRC-RAW-60F1DEB6A65D322E09B3,CREDIT-E906BDE611B1,SOURCE_RELATION_MISSING,"[""POLLUTANT_PARAMETER_MISSING"", ""SOURCE_RELATION_MISSING""]",1,0,1,[],1,0
EW-B2-IND,expert_led,INDUSTRIAL,SRC-RAW-AE278289897B14D872AE,ORG-F5C3FCFD6020,HARD_CONSTRAINT_CONFLICT,"[""HARD_CONSTRAINT_CONFLICT""]",1,0,1,[],1,0
EW-B2-IND,expert_led,INDUSTRIAL,SRC-RAW-B2BEA554A6132020AB59,ORG-A9A321FBFEB1,HARD_CONSTRAINT_CONFLICT,"[""HARD_CONSTRAINT_CONFLICT""]",1,0,1,[],1,0
EW-B2-IND,expert_led,INDUSTRIAL,SRC-RAW-4063F8309E707D1DDAFF,CREDIT-DF383ED4AC38,NO_ANOMALY,[],0,0,0,[],1,0
EW-B2-IND,expert_led,INDUSTRIAL,SRC-RAW-897E2C2A87F6559F3523,CREDIT-049825655832,ACTIVITY_MISSING,"[""ACTIVITY_MISSING""]",1,0,1,[],1,0
EW-B2-IND,expert_led,INDUSTRIAL,SRC-RAW-D69E3EB7F873ECF02B86,ORG-78141121B012,ACTIVITY_MISSING,"[""ACTIVITY_MISSING""]",1,0,1,[],1,0
EW-B2-IND,expert_led,INDUSTRIAL,SRC-RAW-012BAD168535854F2F44,CREDIT-3DB096A23A81,HARD_CONSTRAINT_CONFLICT,"[""HARD_CONSTRAINT_CONFLICT"", ""POLLUTANT_PARAMETER_MISSING"", ""SOURCE_RELATION_MISSING""]",1,0,1,[],1,0
EW-B2-IND,expert_led,INDUSTRIAL,SRC-RAW-E5F10347A494C8E7973E,CREDIT-5A9699B5D518,HARD_CONSTRAINT_CONFLICT,"[""HARD_CONSTRAINT_CONFLICT""]",1,0,1,[],1,0
EW-B2-IND,expert_led,INDUSTRIAL,SRC-RAW-68BC9DC70ED301210A11,CREDIT-89E928A56D86,ACTIVITY_MISSING,"[""ACTIVITY_MISSING""]",1,0,1,[],1,0
EW-B2-IND,expert_led,INDUSTRIAL,SRC-RAW-5FB091CB4CD8E0AD37D5,CREDIT-1FB6ADB12771,ACTIVITY_MISSING,"[""ACTIVITY_MISSING""]",1,0,1,[],1,0
EW-B2-IND,expert_led,INDUSTRIAL,SRC-RAW-B9EDA8106D491D9677A6,CREDIT-F472A0F1C026,HARD_CONSTRAINT_CONFLICT,"[""HARD_CONSTRAINT_CONFLICT""]",1,0,1,[],1,0
EW-B2-IND,expert_led,INDUSTRIAL,SRC-RAW-0A81FC191B7CA6F8F4B2,CREDIT-5221BE989572,NO_ANOMALY,[],0,0,0,[],1,0
EW-B2-IND,expert_led,INDUSTRIAL,SRC-RAW-B58081700E78F56F242E,CREDIT-C38C57EF858C,POLLUTANT_PARAMETER_MISSING,"[""POLLUTANT_PARAMETER_MISSING""]",1,0,1,[],1,0
EW-B2-IND,expert_led,INDUSTRIAL,SRC-RAW-34C40F8886BE8F556BFB,ORG-9752DD0456E4,HARD_CONSTRAINT_CONFLICT,"[""HARD_CONSTRAINT_CONFLICT"", ""POLLUTANT_PARAMETER_MISSING""]",1,0,1,[],1,0
EW-B2-IND,expert_led,INDUSTRIAL,SRC-RAW-5BB161330672CF0DD3E3,ORG-91D7EB2D89A6,POLLUTANT_PARAMETER_MISSING,"[""POLLUTANT_PARAMETER_MISSING""]",1,0,1,[],1,0
EW-B2-IND,expert_led,INDUSTRIAL,SRC-RAW-735E97FF20D753ACA1D5,CREDIT-DBCBBDB47515,POLLUTANT_PARAMETER_MISSING,"[""POLLUTANT_PARAMETER_MISSING""]",1,0,1,[],1,0
EW-B2-IND,expert_led,INDUSTRIAL,SRC-RAW-A642C3DD5F2D3D5E83AD,CREDIT-9F250D90DE4F,HARD_CONSTRAINT_CONFLICT,"[""HARD_CONSTRAINT_CONFLICT""]",1,0,1,[],1,0
EW-B2-IND,expert_led,INDUSTRIAL,SRC-RAW-CABCB12A75AC6CB6DAAD,CREDIT-4D6875AB88FA,POLLUTANT_PARAMETER_MISSING,"[""POLLUTANT_PARAMETER_MISSING"", ""SOURCE_RELATION_MISSING""]",1,0,1,[],1,0
EW-B2-IND,expert_led,INDUSTRIAL,SRC-RAW-CA7C2EC19290C6B0DF70,ORG-79AC1D9AFC7F,POLLUTANT_PARAMETER_MISSING,"[""POLLUTANT_PARAMETER_MISSING""]",1,0,1,[],1,0
EW-B2-IND,expert_led,INDUSTRIAL,SRC-RAW-C6D82ADA0C636EFF013B,CREDIT-3BAC1186565F,POLLUTANT_PARAMETER_MISSING,"[""POLLUTANT_PARAMETER_MISSING""]",1,0,1,[],1,0
